Datetime,Date,Year,Month,Month_Name,Day,Day_of_Year,Hour,Weekday,Solar_Elevation_Deg,Solar_Azimuth_Deg,Solar_Zenith_Deg,Is_Daylight,Season,Recommended_Fixed_Tilt_Deg,Optimal_Tracking_Tilt_Deg,Recommended_Fixed_Azimuth_Deg,Optimal_Tracking_Azimuth_Deg
2024-01-01 08:00:00+05:30,2024-01-01,2024,1,January,1,1,8,Monday,12.01,118.28,77.99,True,Winter,30,77.99,180,118.28
2024-01-01 09:00:00+05:30,2024-01-01,2024,1,January,1,1,9,Monday,24.36,124.77,65.64,True,Winter,30,65.64,180,124.77
2024-01-01 10:00:00+05:30,2024-01-01,2024,1,January,1,1,10,Monday,35.56,134.09,54.44,True,Winter,30,54.44,180,134.09
2024-01-01 11:00:00+05:30,2024-01-01,2024,1,January,1,1,11,Monday,44.75,147.61,45.25,True,Winter,30,45.25,180,147.61
2024-01-01 12:00:00+05:30,2024-01-01,2024,1,January,1,1,12,Monday,50.48,166.3,39.52,True,Winter,30,39.52,180,166.3
2024-01-01 13:00:00+05:30,2024-01-01,2024,1,January,1,1,13,Monday,51.19,188.2,38.81,True,Winter,30,38.81,180,188.2
2024-01-01 14:00:00+05:30,2024-01-01,2024,1,January,1,1,14,Monday,46.63,208.08,43.37,True,Winter,30,43.37,180,208.08
2024-01-01 15:00:00+05:30,2024-01-01,2024,1,January,1,1,15,Monday,38.17,222.91,51.83,True,Winter,30,51.83,180,222.91
2024-01-01 16:00:00+05:30,2024-01-01,2024,1,January,1,1,16,Monday,27.38,233.17,62.62,True,Winter,30,62.62,180,233.17
2024-01-01 17:00:00+05:30,2024-01-01,2024,1,January,1,1,17,Monday,15.27,240.29,74.73,True,Winter,30,74.73,180,240.29
2024-01-01 18:00:00+05:30,2024-01-01,2024,1,January,1,1,18,Monday,2.4,245.32,87.6,True,Winter,30,87.6,180,245.32
2024-01-02 08:00:00+05:30,2024-01-02,2024,1,January,2,2,8,Tuesday,11.94,118.16,78.06,True,Winter,30,78.06,180,118.16
2024-01-02 09:00:00+05:30,2024-01-02,2024,1,January,2,2,9,Tuesday,24.3,124.64,65.7,True,Winter,30,65.7,180,124.64
2024-01-02 10:00:00+05:30,2024-01-02,2024,1,January,2,2,10,Tuesday,35.53,133.93,54.47,True,Winter,30,54.47,180,133.93
2024-01-02 11:00:00+05:30,2024-01-02,2024,1,January,2,2,11,Tuesday,44.75,147.42,45.25,True,Winter,30,45.25,180,147.42
2024-01-02 12:00:00+05:30,2024-01-02,2024,1,January,2,2,12,Tuesday,50.53,166.11,39.47,True,Winter,30,39.47,180,166.11
2024-01-02 13:00:00+05:30,2024-01-02,2024,1,January,2,2,13,Tuesday,51.29,188.04,38.71,True,Winter,30,38.71,180,188.04
2024-01-02 14:00:00+05:30,2024-01-02,2024,1,January,2,2,14,Tuesday,46.75,208.01,43.25,True,Winter,30,43.25,180,208.01
2024-01-02 15:00:00+05:30,2024-01-02,2024,1,January,2,2,15,Tuesday,38.3,222.89,51.7,True,Winter,30,51.7,180,222.89
2024-01-02 16:00:00+05:30,2024-01-02,2024,1,January,2,2,16,Tuesday,27.52,233.18,62.48,True,Winter,30,62.48,180,233.18
2024-01-02 17:00:00+05:30,2024-01-02,2024,1,January,2,2,17,Tuesday,15.41,240.32,74.59,True,Winter,30,74.59,180,240.32
2024-01-02 18:00:00+05:30,2024-01-02,2024,1,January,2,2,18,Tuesday,2.53,245.37,87.47,True,Winter,30,87.47,180,245.37
2024-01-03 08:00:00+05:30,2024-01-03,2024,1,January,3,3,8,Wednesday,11.88,118.03,78.12,True,Winter,30,78.12,180,118.03
2024-01-03 09:00:00+05:30,2024-01-03,2024,1,January,3,3,9,Wednesday,24.26,124.49,65.74,True,Winter,30,65.74,180,124.49
2024-01-03 10:00:00+05:30,2024-01-03,2024,1,January,3,3,10,Wednesday,35.51,133.76,54.49,True,Winter,30,54.49,180,133.76
2024-01-03 11:00:00+05:30,2024-01-03,2024,1,January,3,3,11,Wednesday,44.77,147.22,45.23,True,Winter,30,45.23,180,147.22
2024-01-03 12:00:00+05:30,2024-01-03,2024,1,January,3,3,12,Wednesday,50.59,165.91,39.41,True,Winter,30,39.41,180,165.91
2024-01-03 13:00:00+05:30,2024-01-03,2024,1,January,3,3,13,Wednesday,51.39,187.9,38.61,True,Winter,30,38.61,180,187.9
2024-01-03 14:00:00+05:30,2024-01-03,2024,1,January,3,3,14,Wednesday,46.88,207.94,43.12,True,Winter,30,43.12,180,207.94
2024-01-03 15:00:00+05:30,2024-01-03,2024,1,January,3,3,15,Wednesday,38.44,222.87,51.56,True,Winter,30,51.56,180,222.87
2024-01-03 16:00:00+05:30,2024-01-03,2024,1,January,3,3,16,Wednesday,27.66,233.2,62.34,True,Winter,30,62.34,180,233.2
2024-01-03 17:00:00+05:30,2024-01-03,2024,1,January,3,3,17,Wednesday,15.54,240.36,74.46,True,Winter,30,74.46,180,240.36
2024-01-03 18:00:00+05:30,2024-01-03,2024,1,January,3,3,18,Wednesday,2.66,245.43,87.34,True,Winter,30,87.34,180,245.43
2024-01-04 08:00:00+05:30,2024-01-04,2024,1,January,4,4,8,Thursday,11.82,117.9,78.18,True,Winter,30,78.18,180,117.9
2024-01-04 09:00:00+05:30,2024-01-04,2024,1,January,4,4,9,Thursday,24.21,124.34,65.79,True,Winter,30,65.79,180,124.34
2024-01-04 10:00:00+05:30,2024-01-04,2024,1,January,4,4,10,Thursday,35.49,133.59,54.51,True,Winter,30,54.51,180,133.59
2024-01-04 11:00:00+05:30,2024-01-04,2024,1,January,4,4,11,Thursday,44.79,147.02,45.21,True,Winter,30,45.21,180,147.02
2024-01-04 12:00:00+05:30,2024-01-04,2024,1,January,4,4,12,Thursday,50.66,165.7,39.34,True,Winter,30,39.34,180,165.7
2024-01-04 13:00:00+05:30,2024-01-04,2024,1,January,4,4,13,Thursday,51.5,187.75,38.5,True,Winter,30,38.5,180,187.75
2024-01-04 14:00:00+05:30,2024-01-04,2024,1,January,4,4,14,Thursday,47.02,207.87,42.98,True,Winter,30,42.98,180,207.87
2024-01-04 15:00:00+05:30,2024-01-04,2024,1,January,4,4,15,Thursday,38.59,222.87,51.41,True,Winter,30,51.41,180,222.87
2024-01-04 16:00:00+05:30,2024-01-04,2024,1,January,4,4,16,Thursday,27.8,233.23,62.2,True,Winter,30,62.2,180,233.23
2024-01-04 17:00:00+05:30,2024-01-04,2024,1,January,4,4,17,Thursday,15.68,240.41,74.32,True,Winter,30,74.32,180,240.41
2024-01-04 18:00:00+05:30,2024-01-04,2024,1,January,4,4,18,Thursday,2.79,245.49,87.21,True,Winter,30,87.21,180,245.49
2024-01-05 08:00:00+05:30,2024-01-05,2024,1,January,5,5,8,Friday,11.76,117.76,78.24,True,Winter,30,78.24,180,117.76
2024-01-05 09:00:00+05:30,2024-01-05,2024,1,January,5,5,9,Friday,24.18,124.19,65.82,True,Winter,30,65.82,180,124.19
2024-01-05 10:00:00+05:30,2024-01-05,2024,1,January,5,5,10,Friday,35.48,133.4,54.52,True,Winter,30,54.52,180,133.4
2024-01-05 11:00:00+05:30,2024-01-05,2024,1,January,5,5,11,Friday,44.81,146.82,45.19,True,Winter,30,45.19,180,146.82
2024-01-05 12:00:00+05:30,2024-01-05,2024,1,January,5,5,12,Friday,50.73,165.5,39.27,True,Winter,30,39.27,180,165.5
2024-01-05 13:00:00+05:30,2024-01-05,2024,1,January,5,5,13,Friday,51.62,187.61,38.38,True,Winter,30,38.38,180,187.61
2024-01-05 14:00:00+05:30,2024-01-05,2024,1,January,5,5,14,Friday,47.17,207.81,42.83,True,Winter,30,42.83,180,207.81
2024-01-05 15:00:00+05:30,2024-01-05,2024,1,January,5,5,15,Friday,38.74,222.87,51.26,True,Winter,30,51.26,180,222.87
2024-01-05 16:00:00+05:30,2024-01-05,2024,1,January,5,5,16,Friday,27.95,233.27,62.05,True,Winter,30,62.05,180,233.27
2024-01-05 17:00:00+05:30,2024-01-05,2024,1,January,5,5,17,Friday,15.82,240.46,74.18,True,Winter,30,74.18,180,240.46
2024-01-05 18:00:00+05:30,2024-01-05,2024,1,January,5,5,18,Friday,2.93,245.56,87.07,True,Winter,30,87.07,180,245.56
2024-01-06 08:00:00+05:30,2024-01-06,2024,1,January,6,6,8,Saturday,11.71,117.62,78.29,True,Winter,30,78.29,180,117.62
2024-01-06 09:00:00+05:30,2024-01-06,2024,1,January,6,6,9,Saturday,24.14,124.02,65.86,True,Winter,30,65.86,180,124.02
2024-01-06 10:00:00+05:30,2024-01-06,2024,1,January,6,6,10,Saturday,35.47,133.22,54.53,True,Winter,30,54.53,180,133.22
2024-01-06 11:00:00+05:30,2024-01-06,2024,1,January,6,6,11,Saturday,44.85,146.61,45.15,True,Winter,30,45.15,180,146.61
2024-01-06 12:00:00+05:30,2024-01-06,2024,1,January,6,6,12,Saturday,50.82,165.3,39.18,True,Winter,30,39.18,180,165.3
2024-01-06 13:00:00+05:30,2024-01-06,2024,1,January,6,6,13,Saturday,51.75,187.47,38.25,True,Winter,30,38.25,180,187.47
2024-01-06 14:00:00+05:30,2024-01-06,2024,1,January,6,6,14,Saturday,47.31,207.76,42.69,True,Winter,30,42.69,180,207.76
2024-01-06 15:00:00+05:30,2024-01-06,2024,1,January,6,6,15,Saturday,38.89,222.88,51.11,True,Winter,30,51.11,180,222.88
2024-01-06 16:00:00+05:30,2024-01-06,2024,1,January,6,6,16,Saturday,28.09,233.31,61.91,True,Winter,30,61.91,180,233.31
2024-01-06 17:00:00+05:30,2024-01-06,2024,1,January,6,6,17,Saturday,15.96,240.53,74.04,True,Winter,30,74.04,180,240.53
2024-01-06 18:00:00+05:30,2024-01-06,2024,1,January,6,6,18,Saturday,3.06,245.64,86.94,True,Winter,30,86.94,180,245.64
2024-01-07 08:00:00+05:30,2024-01-07,2024,1,January,7,7,8,Sunday,11.66,117.47,78.34,True,Winter,30,78.34,180,117.47
2024-01-07 09:00:00+05:30,2024-01-07,2024,1,January,7,7,9,Sunday,24.11,123.85,65.89,True,Winter,30,65.89,180,123.85
2024-01-07 10:00:00+05:30,2024-01-07,2024,1,January,7,7,10,Sunday,35.47,133.02,54.53,True,Winter,30,54.53,180,133.02
2024-01-07 11:00:00+05:30,2024-01-07,2024,1,January,7,7,11,Sunday,44.89,146.39,45.11,True,Winter,30,45.11,180,146.39
2024-01-07 12:00:00+05:30,2024-01-07,2024,1,January,7,7,12,Sunday,50.91,165.09,39.09,True,Winter,30,39.09,180,165.09
2024-01-07 13:00:00+05:30,2024-01-07,2024,1,January,7,7,13,Sunday,51.88,187.33,38.12,True,Winter,30,38.12,180,187.33
2024-01-07 14:00:00+05:30,2024-01-07,2024,1,January,7,7,14,Sunday,47.47,207.72,42.53,True,Winter,30,42.53,180,207.72
2024-01-07 15:00:00+05:30,2024-01-07,2024,1,January,7,7,15,Sunday,39.05,222.9,50.95,True,Winter,30,50.95,180,222.9
2024-01-07 16:00:00+05:30,2024-01-07,2024,1,January,7,7,16,Sunday,28.25,233.37,61.75,True,Winter,30,61.75,180,233.37
2024-01-07 17:00:00+05:30,2024-01-07,2024,1,January,7,7,17,Sunday,16.1,240.6,73.9,True,Winter,30,73.9,180,240.6
2024-01-07 18:00:00+05:30,2024-01-07,2024,1,January,7,7,18,Sunday,3.19,245.72,86.81,True,Winter,30,86.81,180,245.72
2024-01-08 08:00:00+05:30,2024-01-08,2024,1,January,8,8,8,Monday,11.61,117.31,78.39,True,Winter,30,78.39,180,117.31
2024-01-08 09:00:00+05:30,2024-01-08,2024,1,January,8,8,9,Monday,24.09,123.68,65.91,True,Winter,30,65.91,180,123.68
2024-01-08 10:00:00+05:30,2024-01-08,2024,1,January,8,8,10,Monday,35.48,132.83,54.52,True,Winter,30,54.52,180,132.83
2024-01-08 11:00:00+05:30,2024-01-08,2024,1,January,8,8,11,Monday,44.93,146.17,45.07,True,Winter,30,45.07,180,146.17
2024-01-08 12:00:00+05:30,2024-01-08,2024,1,January,8,8,12,Monday,51.0,164.88,39.0,True,Winter,30,39.0,180,164.88
2024-01-08 13:00:00+05:30,2024-01-08,2024,1,January,8,8,13,Monday,52.02,187.2,37.98,True,Winter,30,37.98,180,187.2
2024-01-08 14:00:00+05:30,2024-01-08,2024,1,January,8,8,14,Monday,47.63,207.68,42.37,True,Winter,30,42.37,180,207.68
2024-01-08 15:00:00+05:30,2024-01-08,2024,1,January,8,8,15,Monday,39.21,222.93,50.79,True,Winter,30,50.79,180,222.93
2024-01-08 16:00:00+05:30,2024-01-08,2024,1,January,8,8,16,Monday,28.4,233.43,61.6,True,Winter,30,61.6,180,233.43
2024-01-08 17:00:00+05:30,2024-01-08,2024,1,January,8,8,17,Monday,16.25,240.68,73.75,True,Winter,30,73.75,180,240.68
2024-01-08 18:00:00+05:30,2024-01-08,2024,1,January,8,8,18,Monday,3.33,245.81,86.67,True,Winter,30,86.67,180,245.81
2024-01-09 08:00:00+05:30,2024-01-09,2024,1,January,9,9,8,Tuesday,11.57,117.14,78.43,True,Winter,30,78.43,180,117.14
2024-01-09 09:00:00+05:30,2024-01-09,2024,1,January,9,9,9,Tuesday,24.07,123.5,65.93,True,Winter,30,65.93,180,123.5
2024-01-09 10:00:00+05:30,2024-01-09,2024,1,January,9,9,10,Tuesday,35.49,132.62,54.51,True,Winter,30,54.51,180,132.62
2024-01-09 11:00:00+05:30,2024-01-09,2024,1,January,9,9,11,Tuesday,44.98,145.95,45.02,True,Winter,30,45.02,180,145.95
2024-01-09 12:00:00+05:30,2024-01-09,2024,1,January,9,9,12,Tuesday,51.1,164.68,38.9,True,Winter,30,38.9,180,164.68
2024-01-09 13:00:00+05:30,2024-01-09,2024,1,January,9,9,13,Tuesday,52.17,187.07,37.83,True,Winter,30,37.83,180,187.07
2024-01-09 14:00:00+05:30,2024-01-09,2024,1,January,9,9,14,Tuesday,47.8,207.65,42.2,True,Winter,30,42.2,180,207.65
2024-01-09 15:00:00+05:30,2024-01-09,2024,1,January,9,9,15,Tuesday,39.38,222.96,50.62,True,Winter,30,50.62,180,222.96
2024-01-09 16:00:00+05:30,2024-01-09,2024,1,January,9,9,16,Tuesday,28.56,233.49,61.44,True,Winter,30,61.44,180,233.49
2024-01-09 17:00:00+05:30,2024-01-09,2024,1,January,9,9,17,Tuesday,16.39,240.77,73.61,True,Winter,30,73.61,180,240.77
2024-01-09 18:00:00+05:30,2024-01-09,2024,1,January,9,9,18,Tuesday,3.46,245.91,86.54,True,Winter,30,86.54,180,245.91
2024-01-10 08:00:00+05:30,2024-01-10,2024,1,January,10,10,8,Wednesday,11.54,116.97,78.46,True,Winter,30,78.46,180,116.97
2024-01-10 09:00:00+05:30,2024-01-10,2024,1,January,10,10,9,Wednesday,24.06,123.31,65.94,True,Winter,30,65.94,180,123.31
2024-01-10 10:00:00+05:30,2024-01-10,2024,1,January,10,10,10,Wednesday,35.51,132.41,54.49,True,Winter,30,54.49,180,132.41
2024-01-10 11:00:00+05:30,2024-01-10,2024,1,January,10,10,11,Wednesday,45.04,145.72,44.96,True,Winter,30,44.96,180,145.72
2024-01-10 12:00:00+05:30,2024-01-10,2024,1,January,10,10,12,Wednesday,51.21,164.46,38.79,True,Winter,30,38.79,180,164.46
2024-01-10 13:00:00+05:30,2024-01-10,2024,1,January,10,10,13,Wednesday,52.32,186.94,37.68,True,Winter,30,37.68,180,186.94
2024-01-10 14:00:00+05:30,2024-01-10,2024,1,January,10,10,14,Wednesday,47.97,207.63,42.03,True,Winter,30,42.03,180,207.63
2024-01-10 15:00:00+05:30,2024-01-10,2024,1,January,10,10,15,Wednesday,39.54,223.01,50.46,True,Winter,30,50.46,180,223.01
2024-01-10 16:00:00+05:30,2024-01-10,2024,1,January,10,10,16,Wednesday,28.71,233.57,61.29,True,Winter,30,61.29,180,233.57
2024-01-10 17:00:00+05:30,2024-01-10,2024,1,January,10,10,17,Wednesday,16.54,240.86,73.46,True,Winter,30,73.46,180,240.86
2024-01-10 18:00:00+05:30,2024-01-10,2024,1,January,10,10,18,Wednesday,3.6,246.02,86.4,True,Winter,30,86.4,180,246.02
2024-01-11 08:00:00+05:30,2024-01-11,2024,1,January,11,11,8,Thursday,11.5,116.8,78.5,True,Winter,30,78.5,180,116.8
2024-01-11 09:00:00+05:30,2024-01-11,2024,1,January,11,11,9,Thursday,24.05,123.12,65.95,True,Winter,30,65.95,180,123.12
2024-01-11 10:00:00+05:30,2024-01-11,2024,1,January,11,11,10,Thursday,35.53,132.2,54.47,True,Winter,30,54.47,180,132.2
2024-01-11 11:00:00+05:30,2024-01-11,2024,1,January,11,11,11,Thursday,45.11,145.49,44.89,True,Winter,30,44.89,180,145.49
2024-01-11 12:00:00+05:30,2024-01-11,2024,1,January,11,11,12,Thursday,51.33,164.25,38.67,True,Winter,30,38.67,180,164.25
2024-01-11 13:00:00+05:30,2024-01-11,2024,1,January,11,11,13,Thursday,52.48,186.82,37.52,True,Winter,30,37.52,180,186.82
2024-01-11 14:00:00+05:30,2024-01-11,2024,1,January,11,11,14,Thursday,48.14,207.61,41.86,True,Winter,30,41.86,180,207.61
2024-01-11 15:00:00+05:30,2024-01-11,2024,1,January,11,11,15,Thursday,39.72,223.06,50.28,True,Winter,30,50.28,180,223.06
2024-01-11 16:00:00+05:30,2024-01-11,2024,1,January,11,11,16,Thursday,28.88,233.66,61.12,True,Winter,30,61.12,180,233.66
2024-01-11 17:00:00+05:30,2024-01-11,2024,1,January,11,11,17,Thursday,16.69,240.96,73.31,True,Winter,30,73.31,180,240.96
2024-01-11 18:00:00+05:30,2024-01-11,2024,1,January,11,11,18,Thursday,3.74,246.14,86.26,True,Winter,30,86.26,180,246.14
2024-01-12 08:00:00+05:30,2024-01-12,2024,1,January,12,12,8,Friday,11.48,116.61,78.52,True,Winter,30,78.52,180,116.61
2024-01-12 09:00:00+05:30,2024-01-12,2024,1,January,12,12,9,Friday,24.05,122.92,65.95,True,Winter,30,65.95,180,122.92
2024-01-12 10:00:00+05:30,2024-01-12,2024,1,January,12,12,10,Friday,35.56,131.98,54.44,True,Winter,30,54.44,180,131.98
2024-01-12 11:00:00+05:30,2024-01-12,2024,1,January,12,12,11,Friday,45.18,145.25,44.82,True,Winter,30,44.82,180,145.25
2024-01-12 12:00:00+05:30,2024-01-12,2024,1,January,12,12,12,Friday,51.46,164.04,38.54,True,Winter,30,38.54,180,164.04
2024-01-12 13:00:00+05:30,2024-01-12,2024,1,January,12,12,13,Friday,52.65,186.7,37.35,True,Winter,30,37.35,180,186.7
2024-01-12 14:00:00+05:30,2024-01-12,2024,1,January,12,12,14,Friday,48.33,207.6,41.67,True,Winter,30,41.67,180,207.6
2024-01-12 15:00:00+05:30,2024-01-12,2024,1,January,12,12,15,Friday,39.89,223.12,50.11,True,Winter,30,50.11,180,223.12
2024-01-12 16:00:00+05:30,2024-01-12,2024,1,January,12,12,16,Friday,29.04,233.75,60.96,True,Winter,30,60.96,180,233.75
2024-01-12 17:00:00+05:30,2024-01-12,2024,1,January,12,12,17,Friday,16.84,241.07,73.16,True,Winter,30,73.16,180,241.07
2024-01-12 18:00:00+05:30,2024-01-12,2024,1,January,12,12,18,Friday,3.87,246.26,86.13,True,Winter,30,86.13,180,246.26
2024-01-13 08:00:00+05:30,2024-01-13,2024,1,January,13,13,8,Saturday,11.45,116.42,78.55,True,Winter,30,78.55,180,116.42
2024-01-13 09:00:00+05:30,2024-01-13,2024,1,January,13,13,9,Saturday,24.05,122.72,65.95,True,Winter,30,65.95,180,122.72
2024-01-13 10:00:00+05:30,2024-01-13,2024,1,January,13,13,10,Saturday,35.59,131.75,54.41,True,Winter,30,54.41,180,131.75
2024-01-13 11:00:00+05:30,2024-01-13,2024,1,January,13,13,11,Saturday,45.26,145.01,44.74,True,Winter,30,44.74,180,145.01
2024-01-13 12:00:00+05:30,2024-01-13,2024,1,January,13,13,12,Saturday,51.59,163.83,38.41,True,Winter,30,38.41,180,163.83
2024-01-13 13:00:00+05:30,2024-01-13,2024,1,January,13,13,13,Saturday,52.82,186.59,37.18,True,Winter,30,37.18,180,186.59
2024-01-13 14:00:00+05:30,2024-01-13,2024,1,January,13,13,14,Saturday,48.51,207.61,41.49,True,Winter,30,41.49,180,207.61
2024-01-13 15:00:00+05:30,2024-01-13,2024,1,January,13,13,15,Saturday,40.07,223.19,49.93,True,Winter,30,49.93,180,223.19
2024-01-13 16:00:00+05:30,2024-01-13,2024,1,January,13,13,16,Saturday,29.2,233.85,60.8,True,Winter,30,60.8,180,233.85
2024-01-13 17:00:00+05:30,2024-01-13,2024,1,January,13,13,17,Saturday,16.99,241.19,73.01,True,Winter,30,73.01,180,241.19
2024-01-13 18:00:00+05:30,2024-01-13,2024,1,January,13,13,18,Saturday,4.01,246.39,85.99,True,Winter,30,85.99,180,246.39
2024-01-14 08:00:00+05:30,2024-01-14,2024,1,January,14,14,8,Sunday,11.43,116.23,78.57,True,Winter,30,78.57,180,116.23
2024-01-14 09:00:00+05:30,2024-01-14,2024,1,January,14,14,9,Sunday,24.05,122.51,65.95,True,Winter,30,65.95,180,122.51
2024-01-14 10:00:00+05:30,2024-01-14,2024,1,January,14,14,10,Sunday,35.63,131.52,54.37,True,Winter,30,54.37,180,131.52
2024-01-14 11:00:00+05:30,2024-01-14,2024,1,January,14,14,11,Sunday,45.34,144.77,44.66,True,Winter,30,44.66,180,144.77
2024-01-14 12:00:00+05:30,2024-01-14,2024,1,January,14,14,12,Sunday,51.72,163.61,38.28,True,Winter,30,38.28,180,163.61
2024-01-14 13:00:00+05:30,2024-01-14,2024,1,January,14,14,13,Sunday,53.0,186.47,37.0,True,Winter,30,37.0,180,186.47
2024-01-14 14:00:00+05:30,2024-01-14,2024,1,January,14,14,14,Sunday,48.71,207.61,41.29,True,Winter,30,41.29,180,207.61
2024-01-14 15:00:00+05:30,2024-01-14,2024,1,January,14,14,15,Sunday,40.26,223.27,49.74,True,Winter,30,49.74,180,223.27
2024-01-14 16:00:00+05:30,2024-01-14,2024,1,January,14,14,16,Sunday,29.37,233.96,60.63,True,Winter,30,60.63,180,233.96
2024-01-14 17:00:00+05:30,2024-01-14,2024,1,January,14,14,17,Sunday,17.14,241.31,72.86,True,Winter,30,72.86,180,241.31
2024-01-14 18:00:00+05:30,2024-01-14,2024,1,January,14,14,18,Sunday,4.15,246.52,85.85,True,Winter,30,85.85,180,246.52
2024-01-15 08:00:00+05:30,2024-01-15,2024,1,January,15,15,8,Monday,11.42,116.03,78.58,True,Winter,30,78.58,180,116.03
2024-01-15 09:00:00+05:30,2024-01-15,2024,1,January,15,15,9,Monday,24.06,122.29,65.94,True,Winter,30,65.94,180,122.29
2024-01-15 10:00:00+05:30,2024-01-15,2024,1,January,15,15,10,Monday,35.68,131.29,54.32,True,Winter,30,54.32,180,131.29
2024-01-15 11:00:00+05:30,2024-01-15,2024,1,January,15,15,11,Monday,45.43,144.52,44.57,True,Winter,30,44.57,180,144.52
2024-01-15 12:00:00+05:30,2024-01-15,2024,1,January,15,15,12,Monday,51.87,163.4,38.13,True,Winter,30,38.13,180,163.4
2024-01-15 13:00:00+05:30,2024-01-15,2024,1,January,15,15,13,Monday,53.19,186.37,36.81,True,Winter,30,36.81,180,186.37
2024-01-15 14:00:00+05:30,2024-01-15,2024,1,January,15,15,14,Monday,48.9,207.63,41.1,True,Winter,30,41.1,180,207.63
2024-01-15 15:00:00+05:30,2024-01-15,2024,1,January,15,15,15,Monday,40.44,223.36,49.56,True,Winter,30,49.56,180,223.36
2024-01-15 16:00:00+05:30,2024-01-15,2024,1,January,15,15,16,Monday,29.54,234.08,60.46,True,Winter,30,60.46,180,234.08
2024-01-15 17:00:00+05:30,2024-01-15,2024,1,January,15,15,17,Monday,17.29,241.45,72.71,True,Winter,30,72.71,180,241.45
2024-01-15 18:00:00+05:30,2024-01-15,2024,1,January,15,15,18,Monday,4.28,246.67,85.72,True,Winter,30,85.72,180,246.67
2024-01-16 08:00:00+05:30,2024-01-16,2024,1,January,16,16,8,Tuesday,11.41,115.83,78.59,True,Winter,30,78.59,180,115.83
2024-01-16 09:00:00+05:30,2024-01-16,2024,1,January,16,16,9,Tuesday,24.08,122.07,65.92,True,Winter,30,65.92,180,122.07
2024-01-16 10:00:00+05:30,2024-01-16,2024,1,January,16,16,10,Tuesday,35.73,131.05,54.27,True,Winter,30,54.27,180,131.05
2024-01-16 11:00:00+05:30,2024-01-16,2024,1,January,16,16,11,Tuesday,45.53,144.27,44.47,True,Winter,30,44.47,180,144.27
2024-01-16 12:00:00+05:30,2024-01-16,2024,1,January,16,16,12,Tuesday,52.02,163.18,37.98,True,Winter,30,37.98,180,163.18
2024-01-16 13:00:00+05:30,2024-01-16,2024,1,January,16,16,13,Tuesday,53.38,186.27,36.62,True,Winter,30,36.62,180,186.27
2024-01-16 14:00:00+05:30,2024-01-16,2024,1,January,16,16,14,Tuesday,49.1,207.66,40.9,True,Winter,30,40.9,180,207.66
2024-01-16 15:00:00+05:30,2024-01-16,2024,1,January,16,16,15,Tuesday,40.63,223.45,49.37,True,Winter,30,49.37,180,223.45
2024-01-16 16:00:00+05:30,2024-01-16,2024,1,January,16,16,16,Tuesday,29.71,234.21,60.29,True,Winter,30,60.29,180,234.21
2024-01-16 17:00:00+05:30,2024-01-16,2024,1,January,16,16,17,Tuesday,17.44,241.59,72.56,True,Winter,30,72.56,180,241.59
2024-01-16 18:00:00+05:30,2024-01-16,2024,1,January,16,16,18,Tuesday,4.42,246.82,85.58,True,Winter,30,85.58,180,246.82
2024-01-17 08:00:00+05:30,2024-01-17,2024,1,January,17,17,8,Wednesday,11.4,115.62,78.6,True,Winter,30,78.6,180,115.62
2024-01-17 09:00:00+05:30,2024-01-17,2024,1,January,17,17,9,Wednesday,24.1,121.85,65.9,True,Winter,30,65.9,180,121.85
2024-01-17 10:00:00+05:30,2024-01-17,2024,1,January,17,17,10,Wednesday,35.79,130.8,54.21,True,Winter,30,54.21,180,130.8
2024-01-17 11:00:00+05:30,2024-01-17,2024,1,January,17,17,11,Wednesday,45.64,144.01,44.36,True,Winter,30,44.36,180,144.01
2024-01-17 12:00:00+05:30,2024-01-17,2024,1,January,17,17,12,Wednesday,52.18,162.96,37.82,True,Winter,30,37.82,180,162.96
2024-01-17 13:00:00+05:30,2024-01-17,2024,1,January,17,17,13,Wednesday,53.58,186.17,36.42,True,Winter,30,36.42,180,186.17
2024-01-17 14:00:00+05:30,2024-01-17,2024,1,January,17,17,14,Wednesday,49.31,207.69,40.69,True,Winter,30,40.69,180,207.69
2024-01-17 15:00:00+05:30,2024-01-17,2024,1,January,17,17,15,Wednesday,40.82,223.56,49.18,True,Winter,30,49.18,180,223.56
2024-01-17 16:00:00+05:30,2024-01-17,2024,1,January,17,17,16,Wednesday,29.88,234.34,60.12,True,Winter,30,60.12,180,234.34
2024-01-17 17:00:00+05:30,2024-01-17,2024,1,January,17,17,17,Wednesday,17.6,241.74,72.4,True,Winter,30,72.4,180,241.74
2024-01-17 18:00:00+05:30,2024-01-17,2024,1,January,17,17,18,Wednesday,4.55,246.98,85.45,True,Winter,30,85.45,180,246.98
2024-01-18 08:00:00+05:30,2024-01-18,2024,1,January,18,18,8,Thursday,11.4,115.4,78.6,True,Winter,30,78.6,180,115.4
2024-01-18 09:00:00+05:30,2024-01-18,2024,1,January,18,18,9,Thursday,24.13,121.62,65.87,True,Winter,30,65.87,180,121.62
2024-01-18 10:00:00+05:30,2024-01-18,2024,1,January,18,18,10,Thursday,35.85,130.55,54.15,True,Winter,30,54.15,180,130.55
2024-01-18 11:00:00+05:30,2024-01-18,2024,1,January,18,18,11,Thursday,45.74,143.75,44.26,True,Winter,30,44.26,180,143.75
2024-01-18 12:00:00+05:30,2024-01-18,2024,1,January,18,18,12,Thursday,52.34,162.74,37.66,True,Winter,30,37.66,180,162.74
2024-01-18 13:00:00+05:30,2024-01-18,2024,1,January,18,18,13,Thursday,53.79,186.08,36.21,True,Winter,30,36.21,180,186.08
2024-01-18 14:00:00+05:30,2024-01-18,2024,1,January,18,18,14,Thursday,49.52,207.73,40.48,True,Winter,30,40.48,180,207.73
2024-01-18 15:00:00+05:30,2024-01-18,2024,1,January,18,18,15,Thursday,41.02,223.68,48.98,True,Winter,30,48.98,180,223.68
2024-01-18 16:00:00+05:30,2024-01-18,2024,1,January,18,18,16,Thursday,30.05,234.49,59.95,True,Winter,30,59.95,180,234.49
2024-01-18 17:00:00+05:30,2024-01-18,2024,1,January,18,18,17,Thursday,17.75,241.89,72.25,True,Winter,30,72.25,180,241.89
2024-01-18 18:00:00+05:30,2024-01-18,2024,1,January,18,18,18,Thursday,4.69,247.14,85.31,True,Winter,30,85.31,180,247.14
2024-01-19 08:00:00+05:30,2024-01-19,2024,1,January,19,19,8,Friday,11.41,115.18,78.59,True,Winter,30,78.59,180,115.18
2024-01-19 09:00:00+05:30,2024-01-19,2024,1,January,19,19,9,Friday,24.16,121.38,65.84,True,Winter,30,65.84,180,121.38
2024-01-19 10:00:00+05:30,2024-01-19,2024,1,January,19,19,10,Friday,35.92,130.3,54.08,True,Winter,30,54.08,180,130.3
2024-01-19 11:00:00+05:30,2024-01-19,2024,1,January,19,19,11,Friday,45.86,143.49,44.14,True,Winter,30,44.14,180,143.49
2024-01-19 12:00:00+05:30,2024-01-19,2024,1,January,19,19,12,Friday,52.51,162.53,37.49,True,Winter,30,37.49,180,162.53
2024-01-19 13:00:00+05:30,2024-01-19,2024,1,January,19,19,13,Friday,54.0,185.99,36.0,True,Winter,30,36.0,180,185.99
2024-01-19 14:00:00+05:30,2024-01-19,2024,1,January,19,19,14,Friday,49.74,207.78,40.26,True,Winter,30,40.26,180,207.78
2024-01-19 15:00:00+05:30,2024-01-19,2024,1,January,19,19,15,Friday,41.21,223.8,48.79,True,Winter,30,48.79,180,223.8
2024-01-19 16:00:00+05:30,2024-01-19,2024,1,January,19,19,16,Friday,30.23,234.64,59.77,True,Winter,30,59.77,180,234.64
2024-01-19 17:00:00+05:30,2024-01-19,2024,1,January,19,19,17,Friday,17.9,242.06,72.1,True,Winter,30,72.1,180,242.06
2024-01-19 18:00:00+05:30,2024-01-19,2024,1,January,19,19,18,Friday,4.82,247.32,85.18,True,Winter,30,85.18,180,247.32
2024-01-20 08:00:00+05:30,2024-01-20,2024,1,January,20,20,8,Saturday,11.42,114.95,78.58,True,Winter,30,78.58,180,114.95
2024-01-20 09:00:00+05:30,2024-01-20,2024,1,January,20,20,9,Saturday,24.2,121.14,65.8,True,Winter,30,65.8,180,121.14
2024-01-20 10:00:00+05:30,2024-01-20,2024,1,January,20,20,10,Saturday,35.99,130.04,54.01,True,Winter,30,54.01,180,130.04
2024-01-20 11:00:00+05:30,2024-01-20,2024,1,January,20,20,11,Saturday,45.98,143.22,44.02,True,Winter,30,44.02,180,143.22
2024-01-20 12:00:00+05:30,2024-01-20,2024,1,January,20,20,12,Saturday,52.69,162.31,37.31,True,Winter,30,37.31,180,162.31
2024-01-20 13:00:00+05:30,2024-01-20,2024,1,January,20,20,13,Saturday,54.22,185.91,35.78,True,Winter,30,35.78,180,185.91
2024-01-20 14:00:00+05:30,2024-01-20,2024,1,January,20,20,14,Saturday,49.96,207.84,40.04,True,Winter,30,40.04,180,207.84
2024-01-20 15:00:00+05:30,2024-01-20,2024,1,January,20,20,15,Saturday,41.41,223.93,48.59,True,Winter,30,48.59,180,223.93
2024-01-20 16:00:00+05:30,2024-01-20,2024,1,January,20,20,16,Saturday,30.4,234.8,59.6,True,Winter,30,59.6,180,234.8
2024-01-20 17:00:00+05:30,2024-01-20,2024,1,January,20,20,17,Saturday,18.05,242.23,71.95,True,Winter,30,71.95,180,242.23
2024-01-20 18:00:00+05:30,2024-01-20,2024,1,January,20,20,18,Saturday,4.96,247.49,85.04,True,Winter,30,85.04,180,247.49
2024-01-21 08:00:00+05:30,2024-01-21,2024,1,January,21,21,8,Sunday,11.43,114.72,78.57,True,Winter,30,78.57,180,114.72
2024-01-21 09:00:00+05:30,2024-01-21,2024,1,January,21,21,9,Sunday,24.24,120.9,65.76,True,Winter,30,65.76,180,120.9
2024-01-21 10:00:00+05:30,2024-01-21,2024,1,January,21,21,10,Sunday,36.07,129.78,53.93,True,Winter,30,53.93,180,129.78
2024-01-21 11:00:00+05:30,2024-01-21,2024,1,January,21,21,11,Sunday,46.11,142.95,43.89,True,Winter,30,43.89,180,142.95
2024-01-21 12:00:00+05:30,2024-01-21,2024,1,January,21,21,12,Sunday,52.88,162.09,37.12,True,Winter,30,37.12,180,162.09
2024-01-21 13:00:00+05:30,2024-01-21,2024,1,January,21,21,13,Sunday,54.44,185.83,35.56,True,Winter,30,35.56,180,185.83
2024-01-21 14:00:00+05:30,2024-01-21,2024,1,January,21,21,14,Sunday,50.18,207.91,39.82,True,Winter,30,39.82,180,207.91
2024-01-21 15:00:00+05:30,2024-01-21,2024,1,January,21,21,15,Sunday,41.61,224.08,48.39,True,Winter,30,48.39,180,224.08
2024-01-21 16:00:00+05:30,2024-01-21,2024,1,January,21,21,16,Sunday,30.58,234.97,59.42,True,Winter,30,59.42,180,234.97
2024-01-21 17:00:00+05:30,2024-01-21,2024,1,January,21,21,17,Sunday,18.21,242.41,71.79,True,Winter,30,71.79,180,242.41
2024-01-21 18:00:00+05:30,2024-01-21,2024,1,January,21,21,18,Sunday,5.09,247.68,84.91,True,Winter,30,84.91,180,247.68
2024-01-22 08:00:00+05:30,2024-01-22,2024,1,January,22,22,8,Monday,11.45,114.49,78.55,True,Winter,30,78.55,180,114.49
2024-01-22 09:00:00+05:30,2024-01-22,2024,1,January,22,22,9,Monday,24.29,120.65,65.71,True,Winter,30,65.71,180,120.65
2024-01-22 10:00:00+05:30,2024-01-22,2024,1,January,22,22,10,Monday,36.15,129.51,53.85,True,Winter,30,53.85,180,129.51
2024-01-22 11:00:00+05:30,2024-01-22,2024,1,January,22,22,11,Monday,46.24,142.68,43.76,True,Winter,30,43.76,180,142.68
2024-01-22 12:00:00+05:30,2024-01-22,2024,1,January,22,22,12,Monday,53.07,161.86,36.93,True,Winter,30,36.93,180,161.86
2024-01-22 13:00:00+05:30,2024-01-22,2024,1,January,22,22,13,Monday,54.67,185.76,35.33,True,Winter,30,35.33,180,185.76
2024-01-22 14:00:00+05:30,2024-01-22,2024,1,January,22,22,14,Monday,50.41,207.99,39.59,True,Winter,30,39.59,180,207.99
2024-01-22 15:00:00+05:30,2024-01-22,2024,1,January,22,22,15,Monday,41.82,224.23,48.18,True,Winter,30,48.18,180,224.23
2024-01-22 16:00:00+05:30,2024-01-22,2024,1,January,22,22,16,Monday,30.75,235.15,59.25,True,Winter,30,59.25,180,235.15
2024-01-22 17:00:00+05:30,2024-01-22,2024,1,January,22,22,17,Monday,18.36,242.59,71.64,True,Winter,30,71.64,180,242.59
2024-01-22 18:00:00+05:30,2024-01-22,2024,1,January,22,22,18,Monday,5.22,247.87,84.78,True,Winter,30,84.78,180,247.87
2024-01-23 08:00:00+05:30,2024-01-23,2024,1,January,23,23,8,Tuesday,11.47,114.25,78.53,True,Winter,30,78.53,180,114.25
2024-01-23 09:00:00+05:30,2024-01-23,2024,1,January,23,23,9,Tuesday,24.34,120.4,65.66,True,Winter,30,65.66,180,120.4
2024-01-23 10:00:00+05:30,2024-01-23,2024,1,January,23,23,10,Tuesday,36.24,129.24,53.76,True,Winter,30,53.76,180,129.24
2024-01-23 11:00:00+05:30,2024-01-23,2024,1,January,23,23,11,Tuesday,46.38,142.4,43.62,True,Winter,30,43.62,180,142.4
2024-01-23 12:00:00+05:30,2024-01-23,2024,1,January,23,23,12,Tuesday,53.26,161.64,36.74,True,Winter,30,36.74,180,161.64
2024-01-23 13:00:00+05:30,2024-01-23,2024,1,January,23,23,13,Tuesday,54.9,185.69,35.1,True,Winter,30,35.1,180,185.69
2024-01-23 14:00:00+05:30,2024-01-23,2024,1,January,23,23,14,Tuesday,50.64,208.08,39.36,True,Winter,30,39.36,180,208.08
2024-01-23 15:00:00+05:30,2024-01-23,2024,1,January,23,23,15,Tuesday,42.02,224.39,47.98,True,Winter,30,47.98,180,224.39
2024-01-23 16:00:00+05:30,2024-01-23,2024,1,January,23,23,16,Tuesday,30.93,235.33,59.07,True,Winter,30,59.07,180,235.33
2024-01-23 17:00:00+05:30,2024-01-23,2024,1,January,23,23,17,Tuesday,18.51,242.79,71.49,True,Winter,30,71.49,180,242.79
2024-01-23 18:00:00+05:30,2024-01-23,2024,1,January,23,23,18,Tuesday,5.36,248.07,84.64,True,Winter,30,84.64,180,248.07
2024-01-24 08:00:00+05:30,2024-01-24,2024,1,January,24,24,8,Wednesday,11.5,114.0,78.5,True,Winter,30,78.5,180,114.0
2024-01-24 09:00:00+05:30,2024-01-24,2024,1,January,24,24,9,Wednesday,24.39,120.14,65.61,True,Winter,30,65.61,180,120.14
2024-01-24 10:00:00+05:30,2024-01-24,2024,1,January,24,24,10,Wednesday,36.34,128.96,53.66,True,Winter,30,53.66,180,128.96
2024-01-24 11:00:00+05:30,2024-01-24,2024,1,January,24,24,11,Wednesday,46.53,142.12,43.47,True,Winter,30,43.47,180,142.12
2024-01-24 12:00:00+05:30,2024-01-24,2024,1,January,24,24,12,Wednesday,53.47,161.42,36.53,True,Winter,30,36.53,180,161.42
2024-01-24 13:00:00+05:30,2024-01-24,2024,1,January,24,24,13,Wednesday,55.14,185.63,34.86,True,Winter,30,34.86,180,185.63
2024-01-24 14:00:00+05:30,2024-01-24,2024,1,January,24,24,14,Wednesday,50.87,208.17,39.13,True,Winter,30,39.13,180,208.17
2024-01-24 15:00:00+05:30,2024-01-24,2024,1,January,24,24,15,Wednesday,42.23,224.56,47.77,True,Winter,30,47.77,180,224.56
2024-01-24 16:00:00+05:30,2024-01-24,2024,1,January,24,24,16,Wednesday,31.11,235.53,58.89,True,Winter,30,58.89,180,235.53
2024-01-24 17:00:00+05:30,2024-01-24,2024,1,January,24,24,17,Wednesday,18.66,242.99,71.34,True,Winter,30,71.34,180,242.99
2024-01-24 18:00:00+05:30,2024-01-24,2024,1,January,24,24,18,Wednesday,5.49,248.28,84.51,True,Winter,30,84.51,180,248.28
2024-01-25 08:00:00+05:30,2024-01-25,2024,1,January,25,25,8,Thursday,11.53,113.75,78.47,True,Winter,30,78.47,180,113.75
2024-01-25 09:00:00+05:30,2024-01-25,2024,1,January,25,25,9,Thursday,24.46,119.88,65.54,True,Winter,30,65.54,180,119.88
2024-01-25 10:00:00+05:30,2024-01-25,2024,1,January,25,25,10,Thursday,36.44,128.68,53.56,True,Winter,30,53.56,180,128.68
2024-01-25 11:00:00+05:30,2024-01-25,2024,1,January,25,25,11,Thursday,46.68,141.83,43.32,True,Winter,30,43.32,180,141.83
2024-01-25 12:00:00+05:30,2024-01-25,2024,1,January,25,25,12,Thursday,53.68,161.2,36.32,True,Winter,30,36.32,180,161.2
2024-01-25 13:00:00+05:30,2024-01-25,2024,1,January,25,25,13,Thursday,55.39,185.57,34.61,True,Winter,30,34.61,180,185.57
2024-01-25 14:00:00+05:30,2024-01-25,2024,1,January,25,25,14,Thursday,51.11,208.28,38.89,True,Winter,30,38.89,180,208.28
2024-01-25 15:00:00+05:30,2024-01-25,2024,1,January,25,25,15,Thursday,42.44,224.74,47.56,True,Winter,30,47.56,180,224.74
2024-01-25 16:00:00+05:30,2024-01-25,2024,1,January,25,25,16,Thursday,31.29,235.73,58.71,True,Winter,30,58.71,180,235.73
2024-01-25 17:00:00+05:30,2024-01-25,2024,1,January,25,25,17,Thursday,18.82,243.2,71.18,True,Winter,30,71.18,180,243.2
2024-01-25 18:00:00+05:30,2024-01-25,2024,1,January,25,25,18,Thursday,5.62,248.49,84.38,True,Winter,30,84.38,180,248.49
2024-01-26 08:00:00+05:30,2024-01-26,2024,1,January,26,26,8,Friday,11.57,113.5,78.43,True,Winter,30,78.43,180,113.5
2024-01-26 09:00:00+05:30,2024-01-26,2024,1,January,26,26,9,Friday,24.52,119.61,65.48,True,Winter,30,65.48,180,119.61
2024-01-26 10:00:00+05:30,2024-01-26,2024,1,January,26,26,10,Friday,36.54,128.4,53.46,True,Winter,30,53.46,180,128.4
2024-01-26 11:00:00+05:30,2024-01-26,2024,1,January,26,26,11,Friday,46.84,141.55,43.16,True,Winter,30,43.16,180,141.55
2024-01-26 12:00:00+05:30,2024-01-26,2024,1,January,26,26,12,Friday,53.89,160.97,36.11,True,Winter,30,36.11,180,160.97
2024-01-26 13:00:00+05:30,2024-01-26,2024,1,January,26,26,13,Friday,55.64,185.52,34.36,True,Winter,30,34.36,180,185.52
2024-01-26 14:00:00+05:30,2024-01-26,2024,1,January,26,26,14,Friday,51.35,208.4,38.65,True,Winter,30,38.65,180,208.4
2024-01-26 15:00:00+05:30,2024-01-26,2024,1,January,26,26,15,Friday,42.65,224.94,47.35,True,Winter,30,47.35,180,224.94
2024-01-26 16:00:00+05:30,2024-01-26,2024,1,January,26,26,16,Friday,31.46,235.94,58.54,True,Winter,30,58.54,180,235.94
2024-01-26 17:00:00+05:30,2024-01-26,2024,1,January,26,26,17,Friday,18.97,243.41,71.03,True,Winter,30,71.03,180,243.41
2024-01-26 18:00:00+05:30,2024-01-26,2024,1,January,26,26,18,Friday,5.75,248.71,84.25,True,Winter,30,84.25,180,248.71
2024-01-27 08:00:00+05:30,2024-01-27,2024,1,January,27,27,8,Saturday,11.61,113.24,78.39,True,Winter,30,78.39,180,113.24
2024-01-27 09:00:00+05:30,2024-01-27,2024,1,January,27,27,9,Saturday,24.59,119.34,65.41,True,Winter,30,65.41,180,119.34
2024-01-27 10:00:00+05:30,2024-01-27,2024,1,January,27,27,10,Saturday,36.65,128.11,53.35,True,Winter,30,53.35,180,128.11
2024-01-27 11:00:00+05:30,2024-01-27,2024,1,January,27,27,11,Saturday,47.0,141.25,43.0,True,Winter,30,43.0,180,141.25
2024-01-27 12:00:00+05:30,2024-01-27,2024,1,January,27,27,12,Saturday,54.11,160.75,35.89,True,Winter,30,35.89,180,160.75
2024-01-27 13:00:00+05:30,2024-01-27,2024,1,January,27,27,13,Saturday,55.9,185.47,34.1,True,Winter,30,34.1,180,185.47
2024-01-27 14:00:00+05:30,2024-01-27,2024,1,January,27,27,14,Saturday,51.6,208.52,38.4,True,Winter,30,38.4,180,208.52
2024-01-27 15:00:00+05:30,2024-01-27,2024,1,January,27,27,15,Saturday,42.86,225.14,47.14,True,Winter,30,47.14,180,225.14
2024-01-27 16:00:00+05:30,2024-01-27,2024,1,January,27,27,16,Saturday,31.64,236.16,58.36,True,Winter,30,58.36,180,236.16
2024-01-27 17:00:00+05:30,2024-01-27,2024,1,January,27,27,17,Saturday,19.12,243.63,70.88,True,Winter,30,70.88,180,243.63
2024-01-27 18:00:00+05:30,2024-01-27,2024,1,January,27,27,18,Saturday,5.87,248.94,84.13,True,Winter,30,84.13,180,248.94
2024-01-28 08:00:00+05:30,2024-01-28,2024,1,January,28,28,8,Sunday,11.66,112.98,78.34,True,Winter,30,78.34,180,112.98
2024-01-28 09:00:00+05:30,2024-01-28,2024,1,January,28,28,9,Sunday,24.67,119.06,65.33,True,Winter,30,65.33,180,119.06
2024-01-28 10:00:00+05:30,2024-01-28,2024,1,January,28,28,10,Sunday,36.77,127.81,53.23,True,Winter,30,53.23,180,127.81
2024-01-28 11:00:00+05:30,2024-01-28,2024,1,January,28,28,11,Sunday,47.17,140.96,42.83,True,Winter,30,42.83,180,140.96
2024-01-28 12:00:00+05:30,2024-01-28,2024,1,January,28,28,12,Sunday,54.34,160.52,35.66,True,Winter,30,35.66,180,160.52
2024-01-28 13:00:00+05:30,2024-01-28,2024,1,January,28,28,13,Sunday,56.16,185.43,33.84,True,Winter,30,33.84,180,185.43
2024-01-28 14:00:00+05:30,2024-01-28,2024,1,January,28,28,14,Sunday,51.85,208.66,38.15,True,Winter,30,38.15,180,208.66
2024-01-28 15:00:00+05:30,2024-01-28,2024,1,January,28,28,15,Sunday,43.07,225.35,46.93,True,Winter,30,46.93,180,225.35
2024-01-28 16:00:00+05:30,2024-01-28,2024,1,January,28,28,16,Sunday,31.82,236.39,58.18,True,Winter,30,58.18,180,236.39
2024-01-28 17:00:00+05:30,2024-01-28,2024,1,January,28,28,17,Sunday,19.27,243.86,70.73,True,Winter,30,70.73,180,243.86
2024-01-28 18:00:00+05:30,2024-01-28,2024,1,January,28,28,18,Sunday,6.0,249.17,84.0,True,Winter,30,84.0,180,249.17
2024-01-29 08:00:00+05:30,2024-01-29,2024,1,January,29,29,8,Monday,11.71,112.71,78.29,True,Winter,30,78.29,180,112.71
2024-01-29 09:00:00+05:30,2024-01-29,2024,1,January,29,29,9,Monday,24.75,118.78,65.25,True,Winter,30,65.25,180,118.78
2024-01-29 10:00:00+05:30,2024-01-29,2024,1,January,29,29,10,Monday,36.89,127.52,53.11,True,Winter,30,53.11,180,127.52
2024-01-29 11:00:00+05:30,2024-01-29,2024,1,January,29,29,11,Monday,47.34,140.66,42.66,True,Winter,30,42.66,180,140.66
2024-01-29 12:00:00+05:30,2024-01-29,2024,1,January,29,29,12,Monday,54.57,160.3,35.43,True,Winter,30,35.43,180,160.3
2024-01-29 13:00:00+05:30,2024-01-29,2024,1,January,29,29,13,Monday,56.42,185.4,33.58,True,Winter,30,33.58,180,185.4
2024-01-29 14:00:00+05:30,2024-01-29,2024,1,January,29,29,14,Monday,52.1,208.8,37.9,True,Winter,30,37.9,180,208.8
2024-01-29 15:00:00+05:30,2024-01-29,2024,1,January,29,29,15,Monday,43.29,225.57,46.71,True,Winter,30,46.71,180,225.57
2024-01-29 16:00:00+05:30,2024-01-29,2024,1,January,29,29,16,Monday,32.0,236.63,58.0,True,Winter,30,58.0,180,236.63
2024-01-29 17:00:00+05:30,2024-01-29,2024,1,January,29,29,17,Monday,19.42,244.1,70.58,True,Winter,30,70.58,180,244.1
2024-01-29 18:00:00+05:30,2024-01-29,2024,1,January,29,29,18,Monday,6.12,249.41,83.88,True,Winter,30,83.88,180,249.41
2024-01-30 08:00:00+05:30,2024-01-30,2024,1,January,30,30,8,Tuesday,11.76,112.44,78.24,True,Winter,30,78.24,180,112.44
2024-01-30 09:00:00+05:30,2024-01-30,2024,1,January,30,30,9,Tuesday,24.84,118.5,65.16,True,Winter,30,65.16,180,118.5
2024-01-30 10:00:00+05:30,2024-01-30,2024,1,January,30,30,10,Tuesday,37.02,127.21,52.98,True,Winter,30,52.98,180,127.21
2024-01-30 11:00:00+05:30,2024-01-30,2024,1,January,30,30,11,Tuesday,47.52,140.36,42.48,True,Winter,30,42.48,180,140.36
2024-01-30 12:00:00+05:30,2024-01-30,2024,1,January,30,30,12,Tuesday,54.81,160.07,35.19,True,Winter,30,35.19,180,160.07
2024-01-30 13:00:00+05:30,2024-01-30,2024,1,January,30,30,13,Tuesday,56.7,185.37,33.3,True,Winter,30,33.3,180,185.37
2024-01-30 14:00:00+05:30,2024-01-30,2024,1,January,30,30,14,Tuesday,52.36,208.96,37.64,True,Winter,30,37.64,180,208.96
2024-01-30 15:00:00+05:30,2024-01-30,2024,1,January,30,30,15,Tuesday,43.5,225.8,46.5,True,Winter,30,46.5,180,225.8
2024-01-30 16:00:00+05:30,2024-01-30,2024,1,January,30,30,16,Tuesday,32.18,236.87,57.82,True,Winter,30,57.82,180,236.87
2024-01-30 17:00:00+05:30,2024-01-30,2024,1,January,30,30,17,Tuesday,19.56,244.34,70.44,True,Winter,30,70.44,180,244.34
2024-01-30 18:00:00+05:30,2024-01-30,2024,1,January,30,30,18,Tuesday,6.25,249.66,83.75,True,Winter,30,83.75,180,249.66
2024-01-31 08:00:00+05:30,2024-01-31,2024,1,January,31,31,8,Wednesday,11.82,112.16,78.18,True,Winter,30,78.18,180,112.16
2024-01-31 09:00:00+05:30,2024-01-31,2024,1,January,31,31,9,Wednesday,24.93,118.21,65.07,True,Winter,30,65.07,180,118.21
2024-01-31 10:00:00+05:30,2024-01-31,2024,1,January,31,31,10,Wednesday,37.15,126.91,52.85,True,Winter,30,52.85,180,126.91
2024-01-31 11:00:00+05:30,2024-01-31,2024,1,January,31,31,11,Wednesday,47.71,140.05,42.29,True,Winter,30,42.29,180,140.05
2024-01-31 12:00:00+05:30,2024-01-31,2024,1,January,31,31,12,Wednesday,55.05,159.84,34.95,True,Winter,30,34.95,180,159.84
2024-01-31 13:00:00+05:30,2024-01-31,2024,1,January,31,31,13,Wednesday,56.97,185.35,33.03,True,Winter,30,33.03,180,185.35
2024-01-31 14:00:00+05:30,2024-01-31,2024,1,January,31,31,14,Wednesday,52.61,209.13,37.39,True,Winter,30,37.39,180,209.13
2024-01-31 15:00:00+05:30,2024-01-31,2024,1,January,31,31,15,Wednesday,43.72,226.04,46.28,True,Winter,30,46.28,180,226.04
2024-01-31 16:00:00+05:30,2024-01-31,2024,1,January,31,31,16,Wednesday,32.35,237.12,57.65,True,Winter,30,57.65,180,237.12
2024-01-31 17:00:00+05:30,2024-01-31,2024,1,January,31,31,17,Wednesday,19.71,244.59,70.29,True,Winter,30,70.29,180,244.59
2024-01-31 18:00:00+05:30,2024-01-31,2024,1,January,31,31,18,Wednesday,6.37,249.91,83.63,True,Winter,30,83.63,180,249.91
2024-02-01 08:00:00+05:30,2024-02-01,2024,2,February,1,32,8,Thursday,11.89,111.88,78.11,True,Winter,30,78.11,180,111.88
2024-02-01 09:00:00+05:30,2024-02-01,2024,2,February,1,32,9,Thursday,25.02,117.92,64.98,True,Winter,30,64.98,180,117.92
2024-02-01 10:00:00+05:30,2024-02-01,2024,2,February,1,32,10,Thursday,37.28,126.6,52.72,True,Winter,30,52.72,180,126.6
2024-02-01 11:00:00+05:30,2024-02-01,2024,2,February,1,32,11,Thursday,47.89,139.74,42.11,True,Winter,30,42.11,180,139.74
2024-02-01 12:00:00+05:30,2024-02-01,2024,2,February,1,32,12,Thursday,55.3,159.61,34.7,True,Winter,30,34.7,180,159.61
2024-02-01 13:00:00+05:30,2024-02-01,2024,2,February,1,32,13,Thursday,57.26,185.33,32.74,True,Winter,30,32.74,180,185.33
2024-02-01 14:00:00+05:30,2024-02-01,2024,2,February,1,32,14,Thursday,52.88,209.31,37.12,True,Winter,30,37.12,180,209.31
2024-02-01 15:00:00+05:30,2024-02-01,2024,2,February,1,32,15,Thursday,43.94,226.29,46.06,True,Winter,30,46.06,180,226.29
2024-02-01 16:00:00+05:30,2024-02-01,2024,2,February,1,32,16,Thursday,32.53,237.38,57.47,True,Winter,30,57.47,180,237.38
2024-02-01 17:00:00+05:30,2024-02-01,2024,2,February,1,32,17,Thursday,19.86,244.85,70.14,True,Winter,30,70.14,180,244.85
2024-02-01 18:00:00+05:30,2024-02-01,2024,2,February,1,32,18,Thursday,6.49,250.17,83.51,True,Winter,30,83.51,180,250.17
2024-02-02 08:00:00+05:30,2024-02-02,2024,2,February,2,33,8,Friday,11.96,111.6,78.04,True,Winter,30,78.04,180,111.6
2024-02-02 09:00:00+05:30,2024-02-02,2024,2,February,2,33,9,Friday,25.12,117.62,64.88,True,Winter,30,64.88,180,117.62
2024-02-02 10:00:00+05:30,2024-02-02,2024,2,February,2,33,10,Friday,37.42,126.28,52.58,True,Winter,30,52.58,180,126.28
2024-02-02 11:00:00+05:30,2024-02-02,2024,2,February,2,33,11,Friday,48.09,139.42,41.91,True,Winter,30,41.91,180,139.42
2024-02-02 12:00:00+05:30,2024-02-02,2024,2,February,2,33,12,Friday,55.56,159.38,34.44,True,Winter,30,34.44,180,159.38
2024-02-02 13:00:00+05:30,2024-02-02,2024,2,February,2,33,13,Friday,57.54,185.32,32.46,True,Winter,30,32.46,180,185.32
2024-02-02 14:00:00+05:30,2024-02-02,2024,2,February,2,33,14,Friday,53.14,209.5,36.86,True,Winter,30,36.86,180,209.5
2024-02-02 15:00:00+05:30,2024-02-02,2024,2,February,2,33,15,Friday,44.16,226.55,45.84,True,Winter,30,45.84,180,226.55
2024-02-02 16:00:00+05:30,2024-02-02,2024,2,February,2,33,16,Friday,32.71,237.65,57.29,True,Winter,30,57.29,180,237.65
2024-02-02 17:00:00+05:30,2024-02-02,2024,2,February,2,33,17,Friday,20.0,245.12,70.0,True,Winter,30,70.0,180,245.12
2024-02-02 18:00:00+05:30,2024-02-02,2024,2,February,2,33,18,Friday,6.61,250.43,83.39,True,Winter,30,83.39,180,250.43
2024-02-03 08:00:00+05:30,2024-02-03,2024,2,February,3,34,8,Saturday,12.03,111.31,77.97,True,Winter,30,77.97,180,111.31
2024-02-03 09:00:00+05:30,2024-02-03,2024,2,February,3,34,9,Saturday,25.22,117.32,64.78,True,Winter,30,64.78,180,117.32
2024-02-03 10:00:00+05:30,2024-02-03,2024,2,February,3,34,10,Saturday,37.57,125.97,52.43,True,Winter,30,52.43,180,125.97
2024-02-03 11:00:00+05:30,2024-02-03,2024,2,February,3,34,11,Saturday,48.29,139.11,41.71,True,Winter,30,41.71,180,139.11
2024-02-03 12:00:00+05:30,2024-02-03,2024,2,February,3,34,12,Saturday,55.82,159.15,34.18,True,Winter,30,34.18,180,159.15
2024-02-03 13:00:00+05:30,2024-02-03,2024,2,February,3,34,13,Saturday,57.83,185.32,32.17,True,Winter,30,32.17,180,185.32
2024-02-03 14:00:00+05:30,2024-02-03,2024,2,February,3,34,14,Saturday,53.4,209.69,36.6,True,Winter,30,36.6,180,209.69
2024-02-03 15:00:00+05:30,2024-02-03,2024,2,February,3,34,15,Saturday,44.37,226.82,45.63,True,Winter,30,45.63,180,226.82
2024-02-03 16:00:00+05:30,2024-02-03,2024,2,February,3,34,16,Saturday,32.89,237.93,57.11,True,Winter,30,57.11,180,237.93
2024-02-03 17:00:00+05:30,2024-02-03,2024,2,February,3,34,17,Saturday,20.15,245.39,69.85,True,Winter,30,69.85,180,245.39
2024-02-03 18:00:00+05:30,2024-02-03,2024,2,February,3,34,18,Saturday,6.73,250.7,83.27,True,Winter,30,83.27,180,250.7
2024-02-04 08:00:00+05:30,2024-02-04,2024,2,February,4,35,8,Sunday,12.11,111.02,77.89,True,Winter,30,77.89,180,111.02
2024-02-04 09:00:00+05:30,2024-02-04,2024,2,February,4,35,9,Sunday,25.33,117.02,64.67,True,Winter,30,64.67,180,117.02
2024-02-04 10:00:00+05:30,2024-02-04,2024,2,February,4,35,10,Sunday,37.71,125.64,52.29,True,Winter,30,52.29,180,125.64
2024-02-04 11:00:00+05:30,2024-02-04,2024,2,February,4,35,11,Sunday,48.49,138.78,41.51,True,Winter,30,41.51,180,138.78
2024-02-04 12:00:00+05:30,2024-02-04,2024,2,February,4,35,12,Sunday,56.09,158.92,33.91,True,Winter,30,33.91,180,158.92
2024-02-04 13:00:00+05:30,2024-02-04,2024,2,February,4,35,13,Sunday,58.13,185.32,31.87,True,Winter,30,31.87,180,185.32
2024-02-04 14:00:00+05:30,2024-02-04,2024,2,February,4,35,14,Sunday,53.67,209.91,36.33,True,Winter,30,36.33,180,209.91
2024-02-04 15:00:00+05:30,2024-02-04,2024,2,February,4,35,15,Sunday,44.59,227.1,45.41,True,Winter,30,45.41,180,227.1
2024-02-04 16:00:00+05:30,2024-02-04,2024,2,February,4,35,16,Sunday,33.06,238.21,56.94,True,Winter,30,56.94,180,238.21
2024-02-04 17:00:00+05:30,2024-02-04,2024,2,February,4,35,17,Sunday,20.29,245.66,69.71,True,Winter,30,69.71,180,245.66
2024-02-04 18:00:00+05:30,2024-02-04,2024,2,February,4,35,18,Sunday,6.85,250.97,83.15,True,Winter,30,83.15,180,250.97
2024-02-05 08:00:00+05:30,2024-02-05,2024,2,February,5,36,8,Monday,12.19,110.73,77.81,True,Winter,30,77.81,180,110.73
2024-02-05 09:00:00+05:30,2024-02-05,2024,2,February,5,36,9,Monday,25.44,116.71,64.56,True,Winter,30,64.56,180,116.71
2024-02-05 10:00:00+05:30,2024-02-05,2024,2,February,5,36,10,Monday,37.87,125.32,52.13,True,Winter,30,52.13,180,125.32
2024-02-05 11:00:00+05:30,2024-02-05,2024,2,February,5,36,11,Monday,48.7,138.46,41.3,True,Winter,30,41.3,180,138.46
2024-02-05 12:00:00+05:30,2024-02-05,2024,2,February,5,36,12,Monday,56.36,158.68,33.64,True,Winter,30,33.64,180,158.68
2024-02-05 13:00:00+05:30,2024-02-05,2024,2,February,5,36,13,Monday,58.43,185.33,31.57,True,Winter,30,31.57,180,185.33
2024-02-05 14:00:00+05:30,2024-02-05,2024,2,February,5,36,14,Monday,53.94,210.13,36.06,True,Winter,30,36.06,180,210.13
2024-02-05 15:00:00+05:30,2024-02-05,2024,2,February,5,36,15,Monday,44.81,227.39,45.19,True,Winter,30,45.19,180,227.39
2024-02-05 16:00:00+05:30,2024-02-05,2024,2,February,5,36,16,Monday,33.24,238.51,56.76,True,Winter,30,56.76,180,238.51
2024-02-05 17:00:00+05:30,2024-02-05,2024,2,February,5,36,17,Monday,20.43,245.95,69.57,True,Winter,30,69.57,180,245.95
2024-02-05 18:00:00+05:30,2024-02-05,2024,2,February,5,36,18,Monday,6.96,251.25,83.04,True,Winter,30,83.04,180,251.25
2024-02-06 08:00:00+05:30,2024-02-06,2024,2,February,6,37,8,Tuesday,12.27,110.43,77.73,True,Winter,30,77.73,180,110.43
2024-02-06 09:00:00+05:30,2024-02-06,2024,2,February,6,37,9,Tuesday,25.56,116.4,64.44,True,Winter,30,64.44,180,116.4
2024-02-06 10:00:00+05:30,2024-02-06,2024,2,February,6,37,10,Tuesday,38.03,124.99,51.97,True,Winter,30,51.97,180,124.99
2024-02-06 11:00:00+05:30,2024-02-06,2024,2,February,6,37,11,Tuesday,48.91,138.13,41.09,True,Winter,30,41.09,180,138.13
2024-02-06 12:00:00+05:30,2024-02-06,2024,2,February,6,37,12,Tuesday,56.63,158.45,33.37,True,Winter,30,33.37,180,158.45
2024-02-06 13:00:00+05:30,2024-02-06,2024,2,February,6,37,13,Tuesday,58.73,185.35,31.27,True,Winter,30,31.27,180,185.35
2024-02-06 14:00:00+05:30,2024-02-06,2024,2,February,6,37,14,Tuesday,54.22,210.36,35.78,True,Winter,30,35.78,180,210.36
2024-02-06 15:00:00+05:30,2024-02-06,2024,2,February,6,37,15,Tuesday,45.03,227.69,44.97,True,Winter,30,44.97,180,227.69
2024-02-06 16:00:00+05:30,2024-02-06,2024,2,February,6,37,16,Tuesday,33.41,238.81,56.59,True,Winter,30,56.59,180,238.81
2024-02-06 17:00:00+05:30,2024-02-06,2024,2,February,6,37,17,Tuesday,20.57,246.24,69.43,True,Winter,30,69.43,180,246.24
2024-02-06 18:00:00+05:30,2024-02-06,2024,2,February,6,37,18,Tuesday,7.07,251.54,82.93,True,Winter,30,82.93,180,251.54
2024-02-07 08:00:00+05:30,2024-02-07,2024,2,February,7,38,8,Wednesday,12.36,110.13,77.64,True,Winter,30,77.64,180,110.13
2024-02-07 09:00:00+05:30,2024-02-07,2024,2,February,7,38,9,Wednesday,25.68,116.08,64.32,True,Winter,30,64.32,180,116.08
2024-02-07 10:00:00+05:30,2024-02-07,2024,2,February,7,38,10,Wednesday,38.19,124.65,51.81,True,Winter,30,51.81,180,124.65
2024-02-07 11:00:00+05:30,2024-02-07,2024,2,February,7,38,11,Wednesday,49.13,137.79,40.87,True,Winter,30,40.87,180,137.79
2024-02-07 12:00:00+05:30,2024-02-07,2024,2,February,7,38,12,Wednesday,56.91,158.21,33.09,True,Winter,30,33.09,180,158.21
2024-02-07 13:00:00+05:30,2024-02-07,2024,2,February,7,38,13,Wednesday,59.04,185.37,30.96,True,Winter,30,30.96,180,185.37
2024-02-07 14:00:00+05:30,2024-02-07,2024,2,February,7,38,14,Wednesday,54.49,210.61,35.51,True,Winter,30,35.51,180,210.61
2024-02-07 15:00:00+05:30,2024-02-07,2024,2,February,7,38,15,Wednesday,45.25,228.0,44.75,True,Winter,30,44.75,180,228.0
2024-02-07 16:00:00+05:30,2024-02-07,2024,2,February,7,38,16,Wednesday,33.58,239.11,56.42,True,Winter,30,56.42,180,239.11
2024-02-07 17:00:00+05:30,2024-02-07,2024,2,February,7,38,17,Wednesday,20.71,246.53,69.29,True,Winter,30,69.29,180,246.53
2024-02-07 18:00:00+05:30,2024-02-07,2024,2,February,7,38,18,Wednesday,7.19,251.83,82.81,True,Winter,30,82.81,180,251.83
2024-02-08 08:00:00+05:30,2024-02-08,2024,2,February,8,39,8,Thursday,12.46,109.82,77.54,True,Winter,30,77.54,180,109.82
2024-02-08 09:00:00+05:30,2024-02-08,2024,2,February,8,39,9,Thursday,25.8,115.77,64.2,True,Winter,30,64.2,180,115.77
2024-02-08 10:00:00+05:30,2024-02-08,2024,2,February,8,39,10,Thursday,38.35,124.32,51.65,True,Winter,30,51.65,180,124.32
2024-02-08 11:00:00+05:30,2024-02-08,2024,2,February,8,39,11,Thursday,49.35,137.46,40.65,True,Winter,30,40.65,180,137.46
2024-02-08 12:00:00+05:30,2024-02-08,2024,2,February,8,39,12,Thursday,57.2,157.98,32.8,True,Winter,30,32.8,180,157.98
2024-02-08 13:00:00+05:30,2024-02-08,2024,2,February,8,39,13,Thursday,59.36,185.41,30.64,True,Winter,30,30.64,180,185.41
2024-02-08 14:00:00+05:30,2024-02-08,2024,2,February,8,39,14,Thursday,54.77,210.86,35.23,True,Winter,30,35.23,180,210.86
2024-02-08 15:00:00+05:30,2024-02-08,2024,2,February,8,39,15,Thursday,45.47,228.32,44.53,True,Winter,30,44.53,180,228.32
2024-02-08 16:00:00+05:30,2024-02-08,2024,2,February,8,39,16,Thursday,33.75,239.43,56.25,True,Winter,30,56.25,180,239.43
2024-02-08 17:00:00+05:30,2024-02-08,2024,2,February,8,39,17,Thursday,20.84,246.84,69.16,True,Winter,30,69.16,180,246.84
2024-02-08 18:00:00+05:30,2024-02-08,2024,2,February,8,39,18,Thursday,7.3,252.13,82.7,True,Winter,30,82.7,180,252.13
2024-02-09 08:00:00+05:30,2024-02-09,2024,2,February,9,40,8,Friday,12.55,109.51,77.45,True,Winter,30,77.45,180,109.51
2024-02-09 09:00:00+05:30,2024-02-09,2024,2,February,9,40,9,Friday,25.93,115.44,64.07,True,Winter,30,64.07,180,115.44
2024-02-09 10:00:00+05:30,2024-02-09,2024,2,February,9,40,10,Friday,38.52,123.97,51.48,True,Winter,30,51.48,180,123.97
2024-02-09 11:00:00+05:30,2024-02-09,2024,2,February,9,40,11,Friday,49.58,137.11,40.42,True,Winter,30,40.42,180,137.11
2024-02-09 12:00:00+05:30,2024-02-09,2024,2,February,9,40,12,Friday,57.49,157.74,32.51,True,Winter,30,32.51,180,157.74
2024-02-09 13:00:00+05:30,2024-02-09,2024,2,February,9,40,13,Friday,59.67,185.45,30.33,True,Winter,30,30.33,180,185.45
2024-02-09 14:00:00+05:30,2024-02-09,2024,2,February,9,40,14,Friday,55.04,211.13,34.96,True,Winter,30,34.96,180,211.13
2024-02-09 15:00:00+05:30,2024-02-09,2024,2,February,9,40,15,Friday,45.69,228.65,44.31,True,Winter,30,44.31,180,228.65
2024-02-09 16:00:00+05:30,2024-02-09,2024,2,February,9,40,16,Friday,33.92,239.75,56.08,True,Winter,30,56.08,180,239.75
2024-02-09 17:00:00+05:30,2024-02-09,2024,2,February,9,40,17,Friday,20.98,247.14,69.02,True,Winter,30,69.02,180,247.14
2024-02-09 18:00:00+05:30,2024-02-09,2024,2,February,9,40,18,Friday,7.4,252.43,82.6,True,Winter,30,82.6,180,252.43
2024-02-10 08:00:00+05:30,2024-02-10,2024,2,February,10,41,8,Saturday,12.66,109.2,77.34,True,Winter,30,77.34,180,109.2
2024-02-10 09:00:00+05:30,2024-02-10,2024,2,February,10,41,9,Saturday,26.06,115.12,63.94,True,Winter,30,63.94,180,115.12
2024-02-10 10:00:00+05:30,2024-02-10,2024,2,February,10,41,10,Saturday,38.7,123.63,51.3,True,Winter,30,51.3,180,123.63
2024-02-10 11:00:00+05:30,2024-02-10,2024,2,February,10,41,11,Saturday,49.81,136.77,40.19,True,Winter,30,40.19,180,136.77
2024-02-10 12:00:00+05:30,2024-02-10,2024,2,February,10,41,12,Saturday,57.78,157.5,32.22,True,Winter,30,32.22,180,157.5
2024-02-10 13:00:00+05:30,2024-02-10,2024,2,February,10,41,13,Saturday,59.99,185.49,30.01,True,Winter,30,30.01,180,185.49
2024-02-10 14:00:00+05:30,2024-02-10,2024,2,February,10,41,14,Saturday,55.32,211.41,34.68,True,Winter,30,34.68,180,211.41
2024-02-10 15:00:00+05:30,2024-02-10,2024,2,February,10,41,15,Saturday,45.91,228.99,44.09,True,Winter,30,44.09,180,228.99
2024-02-10 16:00:00+05:30,2024-02-10,2024,2,February,10,41,16,Saturday,34.09,240.08,55.91,True,Winter,30,55.91,180,240.08
2024-02-10 17:00:00+05:30,2024-02-10,2024,2,February,10,41,17,Saturday,21.11,247.46,68.89,True,Winter,30,68.89,180,247.46
2024-02-10 18:00:00+05:30,2024-02-10,2024,2,February,10,41,18,Saturday,7.51,252.74,82.49,True,Winter,30,82.49,180,252.74
2024-02-11 08:00:00+05:30,2024-02-11,2024,2,February,11,42,8,Sunday,12.76,108.89,77.24,True,Winter,30,77.24,180,108.89
2024-02-11 09:00:00+05:30,2024-02-11,2024,2,February,11,42,9,Sunday,26.2,114.79,63.8,True,Winter,30,63.8,180,114.79
2024-02-11 10:00:00+05:30,2024-02-11,2024,2,February,11,42,10,Sunday,38.87,123.28,51.13,True,Winter,30,51.13,180,123.28
2024-02-11 11:00:00+05:30,2024-02-11,2024,2,February,11,42,11,Sunday,50.04,136.42,39.96,True,Winter,30,39.96,180,136.42
2024-02-11 12:00:00+05:30,2024-02-11,2024,2,February,11,42,12,Sunday,58.08,157.26,31.92,True,Winter,30,31.92,180,157.26
2024-02-11 13:00:00+05:30,2024-02-11,2024,2,February,11,42,13,Sunday,60.32,185.55,29.68,True,Winter,30,29.68,180,185.55
2024-02-11 14:00:00+05:30,2024-02-11,2024,2,February,11,42,14,Sunday,55.6,211.71,34.4,True,Winter,30,34.4,180,211.71
2024-02-11 15:00:00+05:30,2024-02-11,2024,2,February,11,42,15,Sunday,46.12,229.34,43.88,True,Winter,30,43.88,180,229.34
2024-02-11 16:00:00+05:30,2024-02-11,2024,2,February,11,42,16,Sunday,34.26,240.42,55.74,True,Winter,30,55.74,180,240.42
2024-02-11 17:00:00+05:30,2024-02-11,2024,2,February,11,42,17,Sunday,21.24,247.78,68.76,True,Winter,30,68.76,180,247.78
2024-02-11 18:00:00+05:30,2024-02-11,2024,2,February,11,42,18,Sunday,7.61,253.05,82.39,True,Winter,30,82.39,180,253.05
2024-02-12 08:00:00+05:30,2024-02-12,2024,2,February,12,43,8,Monday,12.87,108.57,77.13,True,Winter,30,77.13,180,108.57
2024-02-12 09:00:00+05:30,2024-02-12,2024,2,February,12,43,9,Monday,26.34,114.46,63.66,True,Winter,30,63.66,180,114.46
2024-02-12 10:00:00+05:30,2024-02-12,2024,2,February,12,43,10,Monday,39.06,122.93,50.94,True,Winter,30,50.94,180,122.93
2024-02-12 11:00:00+05:30,2024-02-12,2024,2,February,12,43,11,Monday,50.28,136.06,39.72,True,Winter,30,39.72,180,136.06
2024-02-12 12:00:00+05:30,2024-02-12,2024,2,February,12,43,12,Monday,58.38,157.01,31.62,True,Winter,30,31.62,180,157.01
2024-02-12 13:00:00+05:30,2024-02-12,2024,2,February,12,43,13,Monday,60.65,185.61,29.35,True,Winter,30,29.35,180,185.61
2024-02-12 14:00:00+05:30,2024-02-12,2024,2,February,12,43,14,Monday,55.88,212.01,34.12,True,Winter,30,34.12,180,212.01
2024-02-12 15:00:00+05:30,2024-02-12,2024,2,February,12,43,15,Monday,46.34,229.7,43.66,True,Winter,30,43.66,180,229.7
2024-02-12 16:00:00+05:30,2024-02-12,2024,2,February,12,43,16,Monday,34.43,240.77,55.57,True,Winter,30,55.57,180,240.77
2024-02-12 17:00:00+05:30,2024-02-12,2024,2,February,12,43,17,Monday,21.37,248.11,68.63,True,Winter,30,68.63,180,248.11
2024-02-12 18:00:00+05:30,2024-02-12,2024,2,February,12,43,18,Monday,7.72,253.37,82.28,True,Winter,30,82.28,180,253.37
2024-02-13 08:00:00+05:30,2024-02-13,2024,2,February,13,44,8,Tuesday,12.99,108.25,77.01,True,Winter,30,77.01,180,108.25
2024-02-13 09:00:00+05:30,2024-02-13,2024,2,February,13,44,9,Tuesday,26.48,114.12,63.52,True,Winter,30,63.52,180,114.12
2024-02-13 10:00:00+05:30,2024-02-13,2024,2,February,13,44,10,Tuesday,39.24,122.57,50.76,True,Winter,30,50.76,180,122.57
2024-02-13 11:00:00+05:30,2024-02-13,2024,2,February,13,44,11,Tuesday,50.53,135.71,39.47,True,Winter,30,39.47,180,135.71
2024-02-13 12:00:00+05:30,2024-02-13,2024,2,February,13,44,12,Tuesday,58.69,156.77,31.31,True,Winter,30,31.31,180,156.77
2024-02-13 13:00:00+05:30,2024-02-13,2024,2,February,13,44,13,Tuesday,60.98,185.68,29.02,True,Winter,30,29.02,180,185.68
2024-02-13 14:00:00+05:30,2024-02-13,2024,2,February,13,44,14,Tuesday,56.16,212.33,33.84,True,Winter,30,33.84,180,212.33
2024-02-13 15:00:00+05:30,2024-02-13,2024,2,February,13,44,15,Tuesday,46.55,230.07,43.45,True,Winter,30,43.45,180,230.07
2024-02-13 16:00:00+05:30,2024-02-13,2024,2,February,13,44,16,Tuesday,34.59,241.12,55.41,True,Winter,30,55.41,180,241.12
2024-02-13 17:00:00+05:30,2024-02-13,2024,2,February,13,44,17,Tuesday,21.5,248.44,68.5,True,Winter,30,68.5,180,248.44
2024-02-13 18:00:00+05:30,2024-02-13,2024,2,February,13,44,18,Tuesday,7.82,253.69,82.18,True,Winter,30,82.18,180,253.69
2024-02-14 08:00:00+05:30,2024-02-14,2024,2,February,14,45,8,Wednesday,13.1,107.93,76.9,True,Winter,30,76.9,180,107.93
2024-02-14 09:00:00+05:30,2024-02-14,2024,2,February,14,45,9,Wednesday,26.63,113.78,63.37,True,Winter,30,63.37,180,113.78
2024-02-14 10:00:00+05:30,2024-02-14,2024,2,February,14,45,10,Wednesday,39.43,122.21,50.57,True,Winter,30,50.57,180,122.21
2024-02-14 11:00:00+05:30,2024-02-14,2024,2,February,14,45,11,Wednesday,50.77,135.34,39.23,True,Winter,30,39.23,180,135.34
2024-02-14 12:00:00+05:30,2024-02-14,2024,2,February,14,45,12,Wednesday,59.0,156.52,31.0,True,Winter,30,31.0,180,156.52
2024-02-14 13:00:00+05:30,2024-02-14,2024,2,February,14,45,13,Wednesday,61.31,185.76,28.69,True,Winter,30,28.69,180,185.76
2024-02-14 14:00:00+05:30,2024-02-14,2024,2,February,14,45,14,Wednesday,56.45,212.67,33.55,True,Winter,30,33.55,180,212.67
2024-02-14 15:00:00+05:30,2024-02-14,2024,2,February,14,45,15,Wednesday,46.77,230.44,43.23,True,Winter,30,43.23,180,230.44
2024-02-14 16:00:00+05:30,2024-02-14,2024,2,February,14,45,16,Wednesday,34.75,241.48,55.25,True,Winter,30,55.25,180,241.48
2024-02-14 17:00:00+05:30,2024-02-14,2024,2,February,14,45,17,Wednesday,21.62,248.77,68.38,True,Winter,30,68.38,180,248.77
2024-02-14 18:00:00+05:30,2024-02-14,2024,2,February,14,45,18,Wednesday,7.91,254.01,82.09,True,Winter,30,82.09,180,254.01
2024-02-15 08:00:00+05:30,2024-02-15,2024,2,February,15,46,8,Thursday,13.22,107.6,76.78,True,Winter,30,76.78,180,107.6
2024-02-15 09:00:00+05:30,2024-02-15,2024,2,February,15,46,9,Thursday,26.78,113.44,63.22,True,Winter,30,63.22,180,113.44
2024-02-15 10:00:00+05:30,2024-02-15,2024,2,February,15,46,10,Thursday,39.62,121.85,50.38,True,Winter,30,50.38,180,121.85
2024-02-15 11:00:00+05:30,2024-02-15,2024,2,February,15,46,11,Thursday,51.02,134.98,38.98,True,Winter,30,38.98,180,134.98
2024-02-15 12:00:00+05:30,2024-02-15,2024,2,February,15,46,12,Thursday,59.32,156.28,30.68,True,Winter,30,30.68,180,156.28
2024-02-15 13:00:00+05:30,2024-02-15,2024,2,February,15,46,13,Thursday,61.65,185.85,28.35,True,Winter,30,28.35,180,185.85
2024-02-15 14:00:00+05:30,2024-02-15,2024,2,February,15,46,14,Thursday,56.73,213.01,33.27,True,Winter,30,33.27,180,213.01
2024-02-15 15:00:00+05:30,2024-02-15,2024,2,February,15,46,15,Thursday,46.98,230.83,43.02,True,Winter,30,43.02,180,230.83
2024-02-15 16:00:00+05:30,2024-02-15,2024,2,February,15,46,16,Thursday,34.91,241.85,55.09,True,Winter,30,55.09,180,241.85
2024-02-15 17:00:00+05:30,2024-02-15,2024,2,February,15,46,17,Thursday,21.74,249.12,68.26,True,Winter,30,68.26,180,249.12
2024-02-15 18:00:00+05:30,2024-02-15,2024,2,February,15,46,18,Thursday,8.01,254.34,81.99,True,Winter,30,81.99,180,254.34
2024-02-16 08:00:00+05:30,2024-02-16,2024,2,February,16,47,8,Friday,13.35,107.27,76.65,True,Winter,30,76.65,180,107.27
2024-02-16 09:00:00+05:30,2024-02-16,2024,2,February,16,47,9,Friday,26.94,113.1,63.06,True,Winter,30,63.06,180,113.1
2024-02-16 10:00:00+05:30,2024-02-16,2024,2,February,16,47,10,Friday,39.82,121.48,50.18,True,Winter,30,50.18,180,121.48
2024-02-16 11:00:00+05:30,2024-02-16,2024,2,February,16,47,11,Friday,51.27,134.61,38.73,True,Winter,30,38.73,180,134.61
2024-02-16 12:00:00+05:30,2024-02-16,2024,2,February,16,47,12,Friday,59.64,156.03,30.36,True,Winter,30,30.36,180,156.03
2024-02-16 13:00:00+05:30,2024-02-16,2024,2,February,16,47,13,Friday,61.99,185.95,28.01,True,Winter,30,28.01,180,185.95
2024-02-16 14:00:00+05:30,2024-02-16,2024,2,February,16,47,14,Friday,57.01,213.37,32.99,True,Winter,30,32.99,180,213.37
2024-02-16 15:00:00+05:30,2024-02-16,2024,2,February,16,47,15,Friday,47.19,231.23,42.81,True,Winter,30,42.81,180,231.23
2024-02-16 16:00:00+05:30,2024-02-16,2024,2,February,16,47,16,Friday,35.07,242.22,54.93,True,Winter,30,54.93,180,242.22
2024-02-16 17:00:00+05:30,2024-02-16,2024,2,February,16,47,17,Friday,21.86,249.47,68.14,True,Winter,30,68.14,180,249.47
2024-02-16 18:00:00+05:30,2024-02-16,2024,2,February,16,47,18,Friday,8.1,254.68,81.9,True,Winter,30,81.9,180,254.68
2024-02-17 08:00:00+05:30,2024-02-17,2024,2,February,17,48,8,Saturday,13.48,106.94,76.52,True,Winter,30,76.52,180,106.94
2024-02-17 09:00:00+05:30,2024-02-17,2024,2,February,17,48,9,Saturday,27.09,112.75,62.91,True,Winter,30,62.91,180,112.75
2024-02-17 10:00:00+05:30,2024-02-17,2024,2,February,17,48,10,Saturday,40.02,121.11,49.98,True,Winter,30,49.98,180,121.11
2024-02-17 11:00:00+05:30,2024-02-17,2024,2,February,17,48,11,Saturday,51.53,134.23,38.47,True,Winter,30,38.47,180,134.23
2024-02-17 12:00:00+05:30,2024-02-17,2024,2,February,17,48,12,Saturday,59.96,155.78,30.04,True,Winter,30,30.04,180,155.78
2024-02-17 13:00:00+05:30,2024-02-17,2024,2,February,17,48,13,Saturday,62.33,186.06,27.67,True,Winter,30,27.67,180,186.06
2024-02-17 14:00:00+05:30,2024-02-17,2024,2,February,17,48,14,Saturday,57.3,213.74,32.7,True,Winter,30,32.7,180,213.74
2024-02-17 15:00:00+05:30,2024-02-17,2024,2,February,17,48,15,Saturday,47.4,231.64,42.6,True,Winter,30,42.6,180,231.64
2024-02-17 16:00:00+05:30,2024-02-17,2024,2,February,17,48,16,Saturday,35.22,242.6,54.78,True,Winter,30,54.78,180,242.6
2024-02-17 17:00:00+05:30,2024-02-17,2024,2,February,17,48,17,Saturday,21.98,249.82,68.02,True,Winter,30,68.02,180,249.82
2024-02-17 18:00:00+05:30,2024-02-17,2024,2,February,17,48,18,Saturday,8.19,255.02,81.81,True,Winter,30,81.81,180,255.02
2024-02-18 08:00:00+05:30,2024-02-18,2024,2,February,18,49,8,Sunday,13.61,106.61,76.39,True,Winter,30,76.39,180,106.61
2024-02-18 09:00:00+05:30,2024-02-18,2024,2,February,18,49,9,Sunday,27.25,112.4,62.75,True,Winter,30,62.75,180,112.4
2024-02-18 10:00:00+05:30,2024-02-18,2024,2,February,18,49,10,Sunday,40.22,120.73,49.78,True,Winter,30,49.78,180,120.73
2024-02-18 11:00:00+05:30,2024-02-18,2024,2,February,18,49,11,Sunday,51.79,133.85,38.21,True,Winter,30,38.21,180,133.85
2024-02-18 12:00:00+05:30,2024-02-18,2024,2,February,18,49,12,Sunday,60.29,155.52,29.71,True,Winter,30,29.71,180,155.52
2024-02-18 13:00:00+05:30,2024-02-18,2024,2,February,18,49,13,Sunday,62.68,186.18,27.32,True,Winter,30,27.32,180,186.18
2024-02-18 14:00:00+05:30,2024-02-18,2024,2,February,18,49,14,Sunday,57.58,214.13,32.42,True,Winter,30,32.42,180,214.13
2024-02-18 15:00:00+05:30,2024-02-18,2024,2,February,18,49,15,Sunday,47.61,232.06,42.39,True,Winter,30,42.39,180,232.06
2024-02-18 16:00:00+05:30,2024-02-18,2024,2,February,18,49,16,Sunday,35.38,242.99,54.62,True,Winter,30,54.62,180,242.99
2024-02-18 17:00:00+05:30,2024-02-18,2024,2,February,18,49,17,Sunday,22.1,250.18,67.9,True,Winter,30,67.9,180,250.18
2024-02-18 18:00:00+05:30,2024-02-18,2024,2,February,18,49,18,Sunday,8.28,255.36,81.72,True,Winter,30,81.72,180,255.36
2024-02-19 08:00:00+05:30,2024-02-19,2024,2,February,19,50,8,Monday,13.74,106.27,76.26,True,Winter,30,76.26,180,106.27
2024-02-19 09:00:00+05:30,2024-02-19,2024,2,February,19,50,9,Monday,27.42,112.05,62.58,True,Winter,30,62.58,180,112.05
2024-02-19 10:00:00+05:30,2024-02-19,2024,2,February,19,50,10,Monday,40.42,120.35,49.58,True,Winter,30,49.58,180,120.35
2024-02-19 11:00:00+05:30,2024-02-19,2024,2,February,19,50,11,Monday,52.05,133.47,37.95,True,Winter,30,37.95,180,133.47
2024-02-19 12:00:00+05:30,2024-02-19,2024,2,February,19,50,12,Monday,60.62,155.27,29.38,True,Winter,30,29.38,180,155.27
2024-02-19 13:00:00+05:30,2024-02-19,2024,2,February,19,50,13,Monday,63.03,186.31,26.97,True,Winter,30,26.97,180,186.31
2024-02-19 14:00:00+05:30,2024-02-19,2024,2,February,19,50,14,Monday,57.86,214.53,32.14,True,Winter,30,32.14,180,214.53
2024-02-19 15:00:00+05:30,2024-02-19,2024,2,February,19,50,15,Monday,47.81,232.49,42.19,True,Winter,30,42.19,180,232.49
2024-02-19 16:00:00+05:30,2024-02-19,2024,2,February,19,50,16,Monday,35.53,243.38,54.47,True,Winter,30,54.47,180,243.38
2024-02-19 17:00:00+05:30,2024-02-19,2024,2,February,19,50,17,Monday,22.21,250.54,67.79,True,Winter,30,67.79,180,250.54
2024-02-19 18:00:00+05:30,2024-02-19,2024,2,February,19,50,18,Monday,8.37,255.71,81.63,True,Winter,30,81.63,180,255.71
2024-02-20 08:00:00+05:30,2024-02-20,2024,2,February,20,51,8,Tuesday,13.88,105.93,76.12,True,Winter,30,76.12,180,105.93
2024-02-20 09:00:00+05:30,2024-02-20,2024,2,February,20,51,9,Tuesday,27.58,111.69,62.42,True,Winter,30,62.42,180,111.69
2024-02-20 10:00:00+05:30,2024-02-20,2024,2,February,20,51,10,Tuesday,40.63,119.97,49.37,True,Winter,30,49.37,180,119.97
2024-02-20 11:00:00+05:30,2024-02-20,2024,2,February,20,51,11,Tuesday,52.32,133.08,37.68,True,Winter,30,37.68,180,133.08
2024-02-20 12:00:00+05:30,2024-02-20,2024,2,February,20,51,12,Tuesday,60.96,155.01,29.04,True,Winter,30,29.04,180,155.01
2024-02-20 13:00:00+05:30,2024-02-20,2024,2,February,20,51,13,Tuesday,63.38,186.44,26.62,True,Winter,30,26.62,180,186.44
2024-02-20 14:00:00+05:30,2024-02-20,2024,2,February,20,51,14,Tuesday,58.14,214.94,31.86,True,Winter,30,31.86,180,214.94
2024-02-20 15:00:00+05:30,2024-02-20,2024,2,February,20,51,15,Tuesday,48.02,232.93,41.98,True,Winter,30,41.98,180,232.93
2024-02-20 16:00:00+05:30,2024-02-20,2024,2,February,20,51,16,Tuesday,35.68,243.78,54.32,True,Winter,30,54.32,180,243.78
2024-02-20 17:00:00+05:30,2024-02-20,2024,2,February,20,51,17,Tuesday,22.32,250.91,67.68,True,Winter,30,67.68,180,250.91
2024-02-20 18:00:00+05:30,2024-02-20,2024,2,February,20,51,18,Tuesday,8.46,256.06,81.54,True,Winter,30,81.54,180,256.06
2024-02-21 08:00:00+05:30,2024-02-21,2024,2,February,21,52,8,Wednesday,14.02,105.59,75.98,True,Winter,30,75.98,180,105.59
2024-02-21 09:00:00+05:30,2024-02-21,2024,2,February,21,52,9,Wednesday,27.75,111.34,62.25,True,Winter,30,62.25,180,111.34
2024-02-21 10:00:00+05:30,2024-02-21,2024,2,February,21,52,10,Wednesday,40.84,119.59,49.16,True,Winter,30,49.16,180,119.59
2024-02-21 11:00:00+05:30,2024-02-21,2024,2,February,21,52,11,Wednesday,52.59,132.68,37.41,True,Winter,30,37.41,180,132.68
2024-02-21 12:00:00+05:30,2024-02-21,2024,2,February,21,52,12,Wednesday,61.29,154.75,28.71,True,Winter,30,28.71,180,154.75
2024-02-21 13:00:00+05:30,2024-02-21,2024,2,February,21,52,13,Wednesday,63.74,186.59,26.26,True,Winter,30,26.26,180,186.59
2024-02-21 14:00:00+05:30,2024-02-21,2024,2,February,21,52,14,Wednesday,58.42,215.37,31.58,True,Winter,30,31.58,180,215.37
2024-02-21 15:00:00+05:30,2024-02-21,2024,2,February,21,52,15,Wednesday,48.22,233.38,41.78,True,Winter,30,41.78,180,233.38
2024-02-21 16:00:00+05:30,2024-02-21,2024,2,February,21,52,16,Wednesday,35.82,244.19,54.18,True,Winter,30,54.18,180,244.19
2024-02-21 17:00:00+05:30,2024-02-21,2024,2,February,21,52,17,Wednesday,22.43,251.28,67.57,True,Winter,30,67.57,180,251.28
2024-02-21 18:00:00+05:30,2024-02-21,2024,2,February,21,52,18,Wednesday,8.54,256.42,81.46,True,Winter,30,81.46,180,256.42
2024-02-22 07:00:00+05:30,2024-02-22,2024,2,February,22,53,7,Thursday,0.07,100.85,89.93,True,Winter,30,89.93,180,100.85
2024-02-22 08:00:00+05:30,2024-02-22,2024,2,February,22,53,8,Thursday,14.17,105.25,75.83,True,Winter,30,75.83,180,105.25
2024-02-22 09:00:00+05:30,2024-02-22,2024,2,February,22,53,9,Thursday,27.93,110.98,62.07,True,Winter,30,62.07,180,110.98
2024-02-22 10:00:00+05:30,2024-02-22,2024,2,February,22,53,10,Thursday,41.05,119.2,48.95,True,Winter,30,48.95,180,119.2
2024-02-22 11:00:00+05:30,2024-02-22,2024,2,February,22,53,11,Thursday,52.86,132.28,37.14,True,Winter,30,37.14,180,132.28
2024-02-22 12:00:00+05:30,2024-02-22,2024,2,February,22,53,12,Thursday,61.63,154.48,28.37,True,Winter,30,28.37,180,154.48
2024-02-22 13:00:00+05:30,2024-02-22,2024,2,February,22,53,13,Thursday,64.09,186.75,25.91,True,Winter,30,25.91,180,186.75
2024-02-22 14:00:00+05:30,2024-02-22,2024,2,February,22,53,14,Thursday,58.71,215.81,31.29,True,Winter,30,31.29,180,215.81
2024-02-22 15:00:00+05:30,2024-02-22,2024,2,February,22,53,15,Thursday,48.42,233.83,41.58,True,Winter,30,41.58,180,233.83
2024-02-22 16:00:00+05:30,2024-02-22,2024,2,February,22,53,16,Thursday,35.96,244.6,54.04,True,Winter,30,54.04,180,244.6
2024-02-22 17:00:00+05:30,2024-02-22,2024,2,February,22,53,17,Thursday,22.54,251.66,67.46,True,Winter,30,67.46,180,251.66
2024-02-22 18:00:00+05:30,2024-02-22,2024,2,February,22,53,18,Thursday,8.62,256.78,81.38,True,Winter,30,81.38,180,256.78
2024-02-23 07:00:00+05:30,2024-02-23,2024,2,February,23,54,7,Friday,0.2,100.51,89.8,True,Winter,30,89.8,180,100.51
2024-02-23 08:00:00+05:30,2024-02-23,2024,2,February,23,54,8,Friday,14.32,104.9,75.68,True,Winter,30,75.68,180,104.9
2024-02-23 09:00:00+05:30,2024-02-23,2024,2,February,23,54,9,Friday,28.1,110.61,61.9,True,Winter,30,61.9,180,110.61
2024-02-23 10:00:00+05:30,2024-02-23,2024,2,February,23,54,10,Friday,41.27,118.8,48.73,True,Winter,30,48.73,180,118.8
2024-02-23 11:00:00+05:30,2024-02-23,2024,2,February,23,54,11,Friday,53.13,131.88,36.87,True,Winter,30,36.87,180,131.88
2024-02-23 12:00:00+05:30,2024-02-23,2024,2,February,23,54,12,Friday,61.98,154.22,28.02,True,Winter,30,28.02,180,154.22
2024-02-23 13:00:00+05:30,2024-02-23,2024,2,February,23,54,13,Friday,64.45,186.92,25.55,True,Winter,30,25.55,180,186.92
2024-02-23 14:00:00+05:30,2024-02-23,2024,2,February,23,54,14,Friday,58.99,216.27,31.01,True,Winter,30,31.01,180,216.27
2024-02-23 15:00:00+05:30,2024-02-23,2024,2,February,23,54,15,Friday,48.62,234.3,41.38,True,Winter,30,41.38,180,234.3
2024-02-23 16:00:00+05:30,2024-02-23,2024,2,February,23,54,16,Friday,36.11,245.02,53.89,True,Winter,30,53.89,180,245.02
2024-02-23 17:00:00+05:30,2024-02-23,2024,2,February,23,54,17,Friday,22.64,252.04,67.36,True,Winter,30,67.36,180,252.04
2024-02-23 18:00:00+05:30,2024-02-23,2024,2,February,23,54,18,Friday,8.7,257.14,81.3,True,Winter,30,81.3,180,257.14
2024-02-24 07:00:00+05:30,2024-02-24,2024,2,February,24,55,7,Saturday,0.33,100.16,89.67,True,Winter,30,89.67,180,100.16
2024-02-24 08:00:00+05:30,2024-02-24,2024,2,February,24,55,8,Saturday,14.47,104.56,75.53,True,Winter,30,75.53,180,104.56
2024-02-24 09:00:00+05:30,2024-02-24,2024,2,February,24,55,9,Saturday,28.28,110.25,61.72,True,Winter,30,61.72,180,110.25
2024-02-24 10:00:00+05:30,2024-02-24,2024,2,February,24,55,10,Saturday,41.48,118.41,48.52,True,Winter,30,48.52,180,118.41
2024-02-24 11:00:00+05:30,2024-02-24,2024,2,February,24,55,11,Saturday,53.4,131.47,36.6,True,Winter,30,36.6,180,131.47
2024-02-24 12:00:00+05:30,2024-02-24,2024,2,February,24,55,12,Saturday,62.32,153.95,27.68,True,Winter,30,27.68,180,153.95
2024-02-24 13:00:00+05:30,2024-02-24,2024,2,February,24,55,13,Saturday,64.81,187.11,25.19,True,Winter,30,25.19,180,187.11
2024-02-24 14:00:00+05:30,2024-02-24,2024,2,February,24,55,14,Saturday,59.26,216.74,30.74,True,Winter,30,30.74,180,216.74
2024-02-24 15:00:00+05:30,2024-02-24,2024,2,February,24,55,15,Saturday,48.81,234.78,41.19,True,Winter,30,41.19,180,234.78
2024-02-24 16:00:00+05:30,2024-02-24,2024,2,February,24,55,16,Saturday,36.24,245.45,53.76,True,Winter,30,53.76,180,245.45
2024-02-24 17:00:00+05:30,2024-02-24,2024,2,February,24,55,17,Saturday,22.74,252.42,67.26,True,Winter,30,67.26,180,252.42
2024-02-24 18:00:00+05:30,2024-02-24,2024,2,February,24,55,18,Saturday,8.78,257.5,81.22,True,Winter,30,81.22,180,257.5
2024-02-25 07:00:00+05:30,2024-02-25,2024,2,February,25,56,7,Sunday,0.47,99.82,89.53,True,Winter,30,89.53,180,99.82
2024-02-25 08:00:00+05:30,2024-02-25,2024,2,February,25,56,8,Sunday,14.62,104.21,75.38,True,Winter,30,75.38,180,104.21
2024-02-25 09:00:00+05:30,2024-02-25,2024,2,February,25,56,9,Sunday,28.46,109.88,61.54,True,Winter,30,61.54,180,109.88
2024-02-25 10:00:00+05:30,2024-02-25,2024,2,February,25,56,10,Sunday,41.7,118.01,48.3,True,Winter,30,48.3,180,118.01
2024-02-25 11:00:00+05:30,2024-02-25,2024,2,February,25,56,11,Sunday,53.68,131.05,36.32,True,Winter,30,36.32,180,131.05
2024-02-25 12:00:00+05:30,2024-02-25,2024,2,February,25,56,12,Sunday,62.67,153.67,27.33,True,Winter,30,27.33,180,153.67
2024-02-25 13:00:00+05:30,2024-02-25,2024,2,February,25,56,13,Sunday,65.17,187.3,24.83,True,Winter,30,24.83,180,187.3
2024-02-25 14:00:00+05:30,2024-02-25,2024,2,February,25,56,14,Sunday,59.54,217.22,30.46,True,Winter,30,30.46,180,217.22
2024-02-25 15:00:00+05:30,2024-02-25,2024,2,February,25,56,15,Sunday,49.0,235.26,41.0,True,Winter,30,41.0,180,235.26
2024-02-25 16:00:00+05:30,2024-02-25,2024,2,February,25,56,16,Sunday,36.38,245.87,53.62,True,Winter,30,53.62,180,245.87
2024-02-25 17:00:00+05:30,2024-02-25,2024,2,February,25,56,17,Sunday,22.84,252.81,67.16,True,Winter,30,67.16,180,252.81
2024-02-25 18:00:00+05:30,2024-02-25,2024,2,February,25,56,18,Sunday,8.85,257.87,81.15,True,Winter,30,81.15,180,257.87
2024-02-26 07:00:00+05:30,2024-02-26,2024,2,February,26,57,7,Monday,0.6,99.47,89.4,True,Winter,30,89.4,180,99.47
2024-02-26 08:00:00+05:30,2024-02-26,2024,2,February,26,57,8,Monday,14.77,103.86,75.23,True,Winter,30,75.23,180,103.86
2024-02-26 09:00:00+05:30,2024-02-26,2024,2,February,26,57,9,Monday,28.64,109.5,61.36,True,Winter,30,61.36,180,109.5
2024-02-26 10:00:00+05:30,2024-02-26,2024,2,February,26,57,10,Monday,41.92,117.6,48.08,True,Winter,30,48.08,180,117.6
2024-02-26 11:00:00+05:30,2024-02-26,2024,2,February,26,57,11,Monday,53.96,130.63,36.04,True,Winter,30,36.04,180,130.63
2024-02-26 12:00:00+05:30,2024-02-26,2024,2,February,26,57,12,Monday,63.02,153.4,26.98,True,Winter,30,26.98,180,153.4
2024-02-26 13:00:00+05:30,2024-02-26,2024,2,February,26,57,13,Monday,65.54,187.5,24.46,True,Winter,30,24.46,180,187.5
2024-02-26 14:00:00+05:30,2024-02-26,2024,2,February,26,57,14,Monday,59.82,217.72,30.18,True,Winter,30,30.18,180,217.72
2024-02-26 15:00:00+05:30,2024-02-26,2024,2,February,26,57,15,Monday,49.19,235.75,40.81,True,Winter,30,40.81,180,235.75
2024-02-26 16:00:00+05:30,2024-02-26,2024,2,February,26,57,16,Monday,36.51,246.31,53.49,True,Winter,30,53.49,180,246.31
2024-02-26 17:00:00+05:30,2024-02-26,2024,2,February,26,57,17,Monday,22.94,253.2,67.06,True,Winter,30,67.06,180,253.2
2024-02-26 18:00:00+05:30,2024-02-26,2024,2,February,26,57,18,Monday,8.92,258.24,81.08,True,Winter,30,81.08,180,258.24
2024-02-27 07:00:00+05:30,2024-02-27,2024,2,February,27,58,7,Tuesday,0.75,99.12,89.25,True,Winter,30,89.25,180,99.12
2024-02-27 08:00:00+05:30,2024-02-27,2024,2,February,27,58,8,Tuesday,14.93,103.5,75.07,True,Winter,30,75.07,180,103.5
2024-02-27 09:00:00+05:30,2024-02-27,2024,2,February,27,58,9,Tuesday,28.82,109.13,61.18,True,Winter,30,61.18,180,109.13
2024-02-27 10:00:00+05:30,2024-02-27,2024,2,February,27,58,10,Tuesday,42.15,117.19,47.85,True,Winter,30,47.85,180,117.19
2024-02-27 11:00:00+05:30,2024-02-27,2024,2,February,27,58,11,Tuesday,54.24,130.21,35.76,True,Winter,30,35.76,180,130.21
2024-02-27 12:00:00+05:30,2024-02-27,2024,2,February,27,58,12,Tuesday,63.38,153.12,26.62,True,Winter,30,26.62,180,153.12
2024-02-27 13:00:00+05:30,2024-02-27,2024,2,February,27,58,13,Tuesday,65.9,187.72,24.1,True,Winter,30,24.1,180,187.72
2024-02-27 14:00:00+05:30,2024-02-27,2024,2,February,27,58,14,Tuesday,60.09,218.24,29.91,True,Winter,30,29.91,180,218.24
2024-02-27 15:00:00+05:30,2024-02-27,2024,2,February,27,58,15,Tuesday,49.38,236.25,40.62,True,Winter,30,40.62,180,236.25
2024-02-27 16:00:00+05:30,2024-02-27,2024,2,February,27,58,16,Tuesday,36.64,246.75,53.36,True,Winter,30,53.36,180,246.75
2024-02-27 17:00:00+05:30,2024-02-27,2024,2,February,27,58,17,Tuesday,23.03,253.6,66.97,True,Winter,30,66.97,180,253.6
2024-02-27 18:00:00+05:30,2024-02-27,2024,2,February,27,58,18,Tuesday,8.99,258.62,81.01,True,Winter,30,81.01,180,258.62
2024-02-28 07:00:00+05:30,2024-02-28,2024,2,February,28,59,7,Wednesday,0.89,98.77,89.11,True,Winter,30,89.11,180,98.77
2024-02-28 08:00:00+05:30,2024-02-28,2024,2,February,28,59,8,Wednesday,15.09,103.15,74.91,True,Winter,30,74.91,180,103.15
2024-02-28 09:00:00+05:30,2024-02-28,2024,2,February,28,59,9,Wednesday,29.01,108.75,60.99,True,Winter,30,60.99,180,108.75
2024-02-28 10:00:00+05:30,2024-02-28,2024,2,February,28,59,10,Wednesday,42.37,116.78,47.63,True,Winter,30,47.63,180,116.78
2024-02-28 11:00:00+05:30,2024-02-28,2024,2,February,28,59,11,Wednesday,54.53,129.78,35.47,True,Winter,30,35.47,180,129.78
2024-02-28 12:00:00+05:30,2024-02-28,2024,2,February,28,59,12,Wednesday,63.74,152.83,26.26,True,Winter,30,26.26,180,152.83
2024-02-28 13:00:00+05:30,2024-02-28,2024,2,February,28,59,13,Wednesday,66.27,187.95,23.73,True,Winter,30,23.73,180,187.95
2024-02-28 14:00:00+05:30,2024-02-28,2024,2,February,28,59,14,Wednesday,60.36,218.77,29.64,True,Winter,30,29.64,180,218.77
2024-02-28 15:00:00+05:30,2024-02-28,2024,2,February,28,59,15,Wednesday,49.56,236.76,40.44,True,Winter,30,40.44,180,236.76
2024-02-28 16:00:00+05:30,2024-02-28,2024,2,February,28,59,16,Wednesday,36.77,247.2,53.23,True,Winter,30,53.23,180,247.2
2024-02-28 17:00:00+05:30,2024-02-28,2024,2,February,28,59,17,Wednesday,23.12,254.0,66.88,True,Winter,30,66.88,180,254.0
2024-02-28 18:00:00+05:30,2024-02-28,2024,2,February,28,59,18,Wednesday,9.06,259.0,80.94,True,Winter,30,80.94,180,259.0
2024-02-29 07:00:00+05:30,2024-02-29,2024,2,February,29,60,7,Thursday,1.03,98.42,88.97,True,Winter,30,88.97,180,98.42
2024-02-29 08:00:00+05:30,2024-02-29,2024,2,February,29,60,8,Thursday,15.26,102.79,74.74,True,Winter,30,74.74,180,102.79
2024-02-29 09:00:00+05:30,2024-02-29,2024,2,February,29,60,9,Thursday,29.2,108.38,60.8,True,Winter,30,60.8,180,108.38
2024-02-29 10:00:00+05:30,2024-02-29,2024,2,February,29,60,10,Thursday,42.6,116.37,47.4,True,Winter,30,47.4,180,116.37
2024-02-29 11:00:00+05:30,2024-02-29,2024,2,February,29,60,11,Thursday,54.81,129.34,35.19,True,Winter,30,35.19,180,129.34
2024-02-29 12:00:00+05:30,2024-02-29,2024,2,February,29,60,12,Thursday,64.09,152.54,25.91,True,Winter,30,25.91,180,152.54
2024-02-29 13:00:00+05:30,2024-02-29,2024,2,February,29,60,13,Thursday,66.64,188.2,23.36,True,Winter,30,23.36,180,188.2
2024-02-29 14:00:00+05:30,2024-02-29,2024,2,February,29,60,14,Thursday,60.63,219.31,29.37,True,Winter,30,29.37,180,219.31
2024-02-29 15:00:00+05:30,2024-02-29,2024,2,February,29,60,15,Thursday,49.74,237.28,40.26,True,Winter,30,40.26,180,237.28
2024-02-29 16:00:00+05:30,2024-02-29,2024,2,February,29,60,16,Thursday,36.89,247.65,53.11,True,Winter,30,53.11,180,247.65
2024-02-29 17:00:00+05:30,2024-02-29,2024,2,February,29,60,17,Thursday,23.21,254.4,66.79,True,Winter,30,66.79,180,254.4
2024-02-29 18:00:00+05:30,2024-02-29,2024,2,February,29,60,18,Thursday,9.13,259.38,80.87,True,Winter,30,80.87,180,259.38
2024-03-01 07:00:00+05:30,2024-03-01,2024,3,March,1,61,7,Friday,1.18,98.07,88.82,True,Equinox,15,88.82,180,98.07
2024-03-01 08:00:00+05:30,2024-03-01,2024,3,March,1,61,8,Friday,15.42,102.43,74.58,True,Equinox,15,74.58,180,102.43
2024-03-01 09:00:00+05:30,2024-03-01,2024,3,March,1,61,9,Friday,29.39,107.99,60.61,True,Equinox,15,60.61,180,107.99
2024-03-01 10:00:00+05:30,2024-03-01,2024,3,March,1,61,10,Friday,42.82,115.95,47.18,True,Equinox,15,47.18,180,115.95
2024-03-01 11:00:00+05:30,2024-03-01,2024,3,March,1,61,11,Friday,55.09,128.89,34.91,True,Equinox,15,34.91,180,128.89
2024-03-01 12:00:00+05:30,2024-03-01,2024,3,March,1,61,12,Friday,64.45,152.24,25.55,True,Equinox,15,25.55,180,152.24
2024-03-01 13:00:00+05:30,2024-03-01,2024,3,March,1,61,13,Friday,67.01,188.45,22.99,True,Equinox,15,22.99,180,188.45
2024-03-01 14:00:00+05:30,2024-03-01,2024,3,March,1,61,14,Friday,60.9,219.87,29.1,True,Equinox,15,29.1,180,219.87
2024-03-01 15:00:00+05:30,2024-03-01,2024,3,March,1,61,15,Friday,49.92,237.81,40.08,True,Equinox,15,40.08,180,237.81
2024-03-01 16:00:00+05:30,2024-03-01,2024,3,March,1,61,16,Friday,37.01,248.1,52.99,True,Equinox,15,52.99,180,248.1
2024-03-01 17:00:00+05:30,2024-03-01,2024,3,March,1,61,17,Friday,23.3,254.81,66.7,True,Equinox,15,66.7,180,254.81
2024-03-01 18:00:00+05:30,2024-03-01,2024,3,March,1,61,18,Friday,9.19,259.76,80.81,True,Equinox,15,80.81,180,259.76
2024-03-02 07:00:00+05:30,2024-03-02,2024,3,March,2,62,7,Saturday,1.33,97.72,88.67,True,Equinox,15,88.67,180,97.72
2024-03-02 08:00:00+05:30,2024-03-02,2024,3,March,2,62,8,Saturday,15.59,102.07,74.41,True,Equinox,15,74.41,180,102.07
2024-03-02 09:00:00+05:30,2024-03-02,2024,3,March,2,62,9,Saturday,29.58,107.61,60.42,True,Equinox,15,60.42,180,107.61
2024-03-02 10:00:00+05:30,2024-03-02,2024,3,March,2,62,10,Saturday,43.05,115.52,46.95,True,Equinox,15,46.95,180,115.52
2024-03-02 11:00:00+05:30,2024-03-02,2024,3,March,2,62,11,Saturday,55.38,128.44,34.62,True,Equinox,15,34.62,180,128.44
2024-03-02 12:00:00+05:30,2024-03-02,2024,3,March,2,62,12,Saturday,64.82,151.94,25.18,True,Equinox,15,25.18,180,151.94
2024-03-02 13:00:00+05:30,2024-03-02,2024,3,March,2,62,13,Saturday,67.38,188.72,22.62,True,Equinox,15,22.62,180,188.72
2024-03-02 14:00:00+05:30,2024-03-02,2024,3,March,2,62,14,Saturday,61.17,220.45,28.83,True,Equinox,15,28.83,180,220.45
2024-03-02 15:00:00+05:30,2024-03-02,2024,3,March,2,62,15,Saturday,50.09,238.34,39.91,True,Equinox,15,39.91,180,238.34
2024-03-02 16:00:00+05:30,2024-03-02,2024,3,March,2,62,16,Saturday,37.13,248.56,52.87,True,Equinox,15,52.87,180,248.56
2024-03-02 17:00:00+05:30,2024-03-02,2024,3,March,2,62,17,Saturday,23.38,255.22,66.62,True,Equinox,15,66.62,180,255.22
2024-03-02 18:00:00+05:30,2024-03-02,2024,3,March,2,62,18,Saturday,9.26,260.14,80.74,True,Equinox,15,80.74,180,260.14
2024-03-03 07:00:00+05:30,2024-03-03,2024,3,March,3,63,7,Sunday,1.49,97.36,88.51,True,Equinox,15,88.51,180,97.36
2024-03-03 08:00:00+05:30,2024-03-03,2024,3,March,3,63,8,Sunday,15.76,101.71,74.24,True,Equinox,15,74.24,180,101.71
2024-03-03 09:00:00+05:30,2024-03-03,2024,3,March,3,63,9,Sunday,29.77,107.22,60.23,True,Equinox,15,60.23,180,107.22
2024-03-03 10:00:00+05:30,2024-03-03,2024,3,March,3,63,10,Sunday,43.28,115.1,46.72,True,Equinox,15,46.72,180,115.1
2024-03-03 11:00:00+05:30,2024-03-03,2024,3,March,3,63,11,Sunday,55.67,127.98,34.33,True,Equinox,15,34.33,180,127.98
2024-03-03 12:00:00+05:30,2024-03-03,2024,3,March,3,63,12,Sunday,65.18,151.63,24.82,True,Equinox,15,24.82,180,151.63
2024-03-03 13:00:00+05:30,2024-03-03,2024,3,March,3,63,13,Sunday,67.75,189.01,22.25,True,Equinox,15,22.25,180,189.01
2024-03-03 14:00:00+05:30,2024-03-03,2024,3,March,3,63,14,Sunday,61.43,221.04,28.57,True,Equinox,15,28.57,180,221.04
2024-03-03 15:00:00+05:30,2024-03-03,2024,3,March,3,63,15,Sunday,50.27,238.89,39.73,True,Equinox,15,39.73,180,238.89
2024-03-03 16:00:00+05:30,2024-03-03,2024,3,March,3,63,16,Sunday,37.25,249.02,52.75,True,Equinox,15,52.75,180,249.02
2024-03-03 17:00:00+05:30,2024-03-03,2024,3,March,3,63,17,Sunday,23.47,255.63,66.53,True,Equinox,15,66.53,180,255.63
2024-03-03 18:00:00+05:30,2024-03-03,2024,3,March,3,63,18,Sunday,9.32,260.53,80.68,True,Equinox,15,80.68,180,260.53
2024-03-04 07:00:00+05:30,2024-03-04,2024,3,March,4,64,7,Monday,1.64,97.0,88.36,True,Equinox,15,88.36,180,97.0
2024-03-04 08:00:00+05:30,2024-03-04,2024,3,March,4,64,8,Monday,15.93,101.35,74.07,True,Equinox,15,74.07,180,101.35
2024-03-04 09:00:00+05:30,2024-03-04,2024,3,March,4,64,9,Monday,29.96,106.84,60.04,True,Equinox,15,60.04,180,106.84
2024-03-04 10:00:00+05:30,2024-03-04,2024,3,March,4,64,10,Monday,43.51,114.67,46.49,True,Equinox,15,46.49,180,114.67
2024-03-04 11:00:00+05:30,2024-03-04,2024,3,March,4,64,11,Monday,55.96,127.52,34.04,True,Equinox,15,34.04,180,127.52
2024-03-04 12:00:00+05:30,2024-03-04,2024,3,March,4,64,12,Monday,65.55,151.32,24.45,True,Equinox,15,24.45,180,151.32
2024-03-04 13:00:00+05:30,2024-03-04,2024,3,March,4,64,13,Monday,68.12,189.31,21.88,True,Equinox,15,21.88,180,189.31
2024-03-04 14:00:00+05:30,2024-03-04,2024,3,March,4,64,14,Monday,61.69,221.65,28.31,True,Equinox,15,28.31,180,221.65
2024-03-04 15:00:00+05:30,2024-03-04,2024,3,March,4,64,15,Monday,50.43,239.44,39.57,True,Equinox,15,39.57,180,239.44
2024-03-04 16:00:00+05:30,2024-03-04,2024,3,March,4,64,16,Monday,37.36,249.49,52.64,True,Equinox,15,52.64,180,249.49
2024-03-04 17:00:00+05:30,2024-03-04,2024,3,March,4,64,17,Monday,23.55,256.05,66.45,True,Equinox,15,66.45,180,256.05
2024-03-04 18:00:00+05:30,2024-03-04,2024,3,March,4,64,18,Monday,9.38,260.92,80.62,True,Equinox,15,80.62,180,260.92
2024-03-05 07:00:00+05:30,2024-03-05,2024,3,March,5,65,7,Tuesday,1.8,96.65,88.2,True,Equinox,15,88.2,180,96.65
2024-03-05 08:00:00+05:30,2024-03-05,2024,3,March,5,65,8,Tuesday,16.1,100.99,73.9,True,Equinox,15,73.9,180,100.99
2024-03-05 09:00:00+05:30,2024-03-05,2024,3,March,5,65,9,Tuesday,30.16,106.44,59.84,True,Equinox,15,59.84,180,106.44
2024-03-05 10:00:00+05:30,2024-03-05,2024,3,March,5,65,10,Tuesday,43.74,114.23,46.26,True,Equinox,15,46.26,180,114.23
2024-03-05 11:00:00+05:30,2024-03-05,2024,3,March,5,65,11,Tuesday,56.25,127.05,33.75,True,Equinox,15,33.75,180,127.05
2024-03-05 12:00:00+05:30,2024-03-05,2024,3,March,5,65,12,Tuesday,65.92,151.0,24.08,True,Equinox,15,24.08,180,151.0
2024-03-05 13:00:00+05:30,2024-03-05,2024,3,March,5,65,13,Tuesday,68.49,189.63,21.51,True,Equinox,15,21.51,180,189.63
2024-03-05 14:00:00+05:30,2024-03-05,2024,3,March,5,65,14,Tuesday,61.95,222.27,28.05,True,Equinox,15,28.05,180,222.27
2024-03-05 15:00:00+05:30,2024-03-05,2024,3,March,5,65,15,Tuesday,50.6,239.99,39.4,True,Equinox,15,39.4,180,239.99
2024-03-05 16:00:00+05:30,2024-03-05,2024,3,March,5,65,16,Tuesday,37.47,249.96,52.53,True,Equinox,15,52.53,180,249.96
2024-03-05 17:00:00+05:30,2024-03-05,2024,3,March,5,65,17,Tuesday,23.62,256.46,66.38,True,Equinox,15,66.38,180,256.46
2024-03-05 18:00:00+05:30,2024-03-05,2024,3,March,5,65,18,Tuesday,9.43,261.31,80.57,True,Equinox,15,80.57,180,261.31
2024-03-06 07:00:00+05:30,2024-03-06,2024,3,March,6,66,7,Wednesday,1.96,96.29,88.04,True,Equinox,15,88.04,180,96.29
2024-03-06 08:00:00+05:30,2024-03-06,2024,3,March,6,66,8,Wednesday,16.27,100.62,73.73,True,Equinox,15,73.73,180,100.62
2024-03-06 09:00:00+05:30,2024-03-06,2024,3,March,6,66,9,Wednesday,30.35,106.05,59.65,True,Equinox,15,59.65,180,106.05
2024-03-06 10:00:00+05:30,2024-03-06,2024,3,March,6,66,10,Wednesday,43.97,113.79,46.03,True,Equinox,15,46.03,180,113.79
2024-03-06 11:00:00+05:30,2024-03-06,2024,3,March,6,66,11,Wednesday,56.54,126.57,33.46,True,Equinox,15,33.46,180,126.57
2024-03-06 12:00:00+05:30,2024-03-06,2024,3,March,6,66,12,Wednesday,66.29,150.67,23.71,True,Equinox,15,23.71,180,150.67
2024-03-06 13:00:00+05:30,2024-03-06,2024,3,March,6,66,13,Wednesday,68.87,189.96,21.13,True,Equinox,15,21.13,180,189.96
2024-03-06 14:00:00+05:30,2024-03-06,2024,3,March,6,66,14,Wednesday,62.21,222.9,27.79,True,Equinox,15,27.79,180,222.9
2024-03-06 15:00:00+05:30,2024-03-06,2024,3,March,6,66,15,Wednesday,50.76,240.56,39.24,True,Equinox,15,39.24,180,240.56
2024-03-06 16:00:00+05:30,2024-03-06,2024,3,March,6,66,16,Wednesday,37.58,250.44,52.42,True,Equinox,15,52.42,180,250.44
2024-03-06 17:00:00+05:30,2024-03-06,2024,3,March,6,66,17,Wednesday,23.7,256.88,66.3,True,Equinox,15,66.3,180,256.88
2024-03-06 18:00:00+05:30,2024-03-06,2024,3,March,6,66,18,Wednesday,9.49,261.71,80.51,True,Equinox,15,80.51,180,261.71
2024-03-07 07:00:00+05:30,2024-03-07,2024,3,March,7,67,7,Thursday,2.12,95.93,87.88,True,Equinox,15,87.88,180,95.93
2024-03-07 08:00:00+05:30,2024-03-07,2024,3,March,7,67,8,Thursday,16.45,100.25,73.55,True,Equinox,15,73.55,180,100.25
2024-03-07 09:00:00+05:30,2024-03-07,2024,3,March,7,67,9,Thursday,30.55,105.66,59.45,True,Equinox,15,59.45,180,105.66
2024-03-07 10:00:00+05:30,2024-03-07,2024,3,March,7,67,10,Thursday,44.2,113.35,45.8,True,Equinox,15,45.8,180,113.35
2024-03-07 11:00:00+05:30,2024-03-07,2024,3,March,7,67,11,Thursday,56.82,126.09,33.18,True,Equinox,15,33.18,180,126.09
2024-03-07 12:00:00+05:30,2024-03-07,2024,3,March,7,67,12,Thursday,66.66,150.34,23.34,True,Equinox,15,23.34,180,150.34
2024-03-07 13:00:00+05:30,2024-03-07,2024,3,March,7,67,13,Thursday,69.24,190.31,20.76,True,Equinox,15,20.76,180,190.31
2024-03-07 14:00:00+05:30,2024-03-07,2024,3,March,7,67,14,Thursday,62.46,223.55,27.54,True,Equinox,15,27.54,180,223.55
2024-03-07 15:00:00+05:30,2024-03-07,2024,3,March,7,67,15,Thursday,50.92,241.13,39.08,True,Equinox,15,39.08,180,241.13
2024-03-07 16:00:00+05:30,2024-03-07,2024,3,March,7,67,16,Thursday,37.68,250.92,52.32,True,Equinox,15,52.32,180,250.92
2024-03-07 17:00:00+05:30,2024-03-07,2024,3,March,7,67,17,Thursday,23.77,257.31,66.23,True,Equinox,15,66.23,180,257.31
2024-03-07 18:00:00+05:30,2024-03-07,2024,3,March,7,67,18,Thursday,9.54,262.1,80.46,True,Equinox,15,80.46,180,262.1
2024-03-08 07:00:00+05:30,2024-03-08,2024,3,March,8,68,7,Friday,2.28,95.57,87.72,True,Equinox,15,87.72,180,95.57
2024-03-08 08:00:00+05:30,2024-03-08,2024,3,March,8,68,8,Friday,16.62,99.88,73.38,True,Equinox,15,73.38,180,99.88
2024-03-08 09:00:00+05:30,2024-03-08,2024,3,March,8,68,9,Friday,30.75,105.26,59.25,True,Equinox,15,59.25,180,105.26
2024-03-08 10:00:00+05:30,2024-03-08,2024,3,March,8,68,10,Friday,44.44,112.9,45.56,True,Equinox,15,45.56,180,112.9
2024-03-08 11:00:00+05:30,2024-03-08,2024,3,March,8,68,11,Friday,57.11,125.59,32.89,True,Equinox,15,32.89,180,125.59
2024-03-08 12:00:00+05:30,2024-03-08,2024,3,March,8,68,12,Friday,67.03,150.0,22.97,True,Equinox,15,22.97,180,150.0
2024-03-08 13:00:00+05:30,2024-03-08,2024,3,March,8,68,13,Friday,69.62,190.67,20.38,True,Equinox,15,20.38,180,190.67
2024-03-08 14:00:00+05:30,2024-03-08,2024,3,March,8,68,14,Friday,62.71,224.22,27.29,True,Equinox,15,27.29,180,224.22
2024-03-08 15:00:00+05:30,2024-03-08,2024,3,March,8,68,15,Friday,51.07,241.71,38.93,True,Equinox,15,38.93,180,241.71
2024-03-08 16:00:00+05:30,2024-03-08,2024,3,March,8,68,16,Friday,37.78,251.4,52.22,True,Equinox,15,52.22,180,251.4
2024-03-08 17:00:00+05:30,2024-03-08,2024,3,March,8,68,17,Friday,23.84,257.73,66.16,True,Equinox,15,66.16,180,257.73
2024-03-08 18:00:00+05:30,2024-03-08,2024,3,March,8,68,18,Friday,9.6,262.5,80.4,True,Equinox,15,80.4,180,262.5
2024-03-09 07:00:00+05:30,2024-03-09,2024,3,March,9,69,7,Saturday,2.45,95.21,87.55,True,Equinox,15,87.55,180,95.21
2024-03-09 08:00:00+05:30,2024-03-09,2024,3,March,9,69,8,Saturday,16.8,99.51,73.2,True,Equinox,15,73.2,180,99.51
2024-03-09 09:00:00+05:30,2024-03-09,2024,3,March,9,69,9,Saturday,30.94,104.86,59.06,True,Equinox,15,59.06,180,104.86
2024-03-09 10:00:00+05:30,2024-03-09,2024,3,March,9,69,10,Saturday,44.67,112.45,45.33,True,Equinox,15,45.33,180,112.45
2024-03-09 11:00:00+05:30,2024-03-09,2024,3,March,9,69,11,Saturday,57.4,125.09,32.6,True,Equinox,15,32.6,180,125.09
2024-03-09 12:00:00+05:30,2024-03-09,2024,3,March,9,69,12,Saturday,67.4,149.65,22.6,True,Equinox,15,22.6,180,149.65
2024-03-09 13:00:00+05:30,2024-03-09,2024,3,March,9,69,13,Saturday,69.99,191.05,20.01,True,Equinox,15,20.01,180,191.05
2024-03-09 14:00:00+05:30,2024-03-09,2024,3,March,9,69,14,Saturday,62.95,224.9,27.05,True,Equinox,15,27.05,180,224.9
2024-03-09 15:00:00+05:30,2024-03-09,2024,3,March,9,69,15,Saturday,51.22,242.29,38.78,True,Equinox,15,38.78,180,242.29
2024-03-09 16:00:00+05:30,2024-03-09,2024,3,March,9,69,16,Saturday,37.88,251.89,52.12,True,Equinox,15,52.12,180,251.89
2024-03-09 17:00:00+05:30,2024-03-09,2024,3,March,9,69,17,Saturday,23.91,258.16,66.09,True,Equinox,15,66.09,180,258.16
2024-03-09 18:00:00+05:30,2024-03-09,2024,3,March,9,69,18,Saturday,9.65,262.9,80.35,True,Equinox,15,80.35,180,262.9
2024-03-10 07:00:00+05:30,2024-03-10,2024,3,March,10,70,7,Sunday,2.62,94.85,87.38,True,Equinox,15,87.38,180,94.85
2024-03-10 08:00:00+05:30,2024-03-10,2024,3,March,10,70,8,Sunday,16.98,99.14,73.02,True,Equinox,15,73.02,180,99.14
2024-03-10 09:00:00+05:30,2024-03-10,2024,3,March,10,70,9,Sunday,31.14,104.46,58.86,True,Equinox,15,58.86,180,104.46
2024-03-10 10:00:00+05:30,2024-03-10,2024,3,March,10,70,10,Sunday,44.9,112.0,45.1,True,Equinox,15,45.1,180,112.0
2024-03-10 11:00:00+05:30,2024-03-10,2024,3,March,10,70,11,Sunday,57.69,124.58,32.31,True,Equinox,15,32.31,180,124.58
2024-03-10 12:00:00+05:30,2024-03-10,2024,3,March,10,70,12,Sunday,67.77,149.29,22.23,True,Equinox,15,22.23,180,149.29
2024-03-10 13:00:00+05:30,2024-03-10,2024,3,March,10,70,13,Sunday,70.36,191.46,19.64,True,Equinox,15,19.64,180,191.46
2024-03-10 14:00:00+05:30,2024-03-10,2024,3,March,10,70,14,Sunday,63.2,225.6,26.8,True,Equinox,15,26.8,180,225.6
2024-03-10 15:00:00+05:30,2024-03-10,2024,3,March,10,70,15,Sunday,51.37,242.88,38.63,True,Equinox,15,38.63,180,242.88
2024-03-10 16:00:00+05:30,2024-03-10,2024,3,March,10,70,16,Sunday,37.98,252.38,52.02,True,Equinox,15,52.02,180,252.38
2024-03-10 17:00:00+05:30,2024-03-10,2024,3,March,10,70,17,Sunday,23.98,258.59,66.02,True,Equinox,15,66.02,180,258.59
2024-03-10 18:00:00+05:30,2024-03-10,2024,3,March,10,70,18,Sunday,9.7,263.3,80.3,True,Equinox,15,80.3,180,263.3
2024-03-11 07:00:00+05:30,2024-03-11,2024,3,March,11,71,7,Monday,2.78,94.49,87.22,True,Equinox,15,87.22,180,94.49
2024-03-11 08:00:00+05:30,2024-03-11,2024,3,March,11,71,8,Monday,17.16,98.77,72.84,True,Equinox,15,72.84,180,98.77
2024-03-11 09:00:00+05:30,2024-03-11,2024,3,March,11,71,9,Monday,31.34,104.05,58.66,True,Equinox,15,58.66,180,104.05
2024-03-11 10:00:00+05:30,2024-03-11,2024,3,March,11,71,10,Monday,45.13,111.54,44.87,True,Equinox,15,44.87,180,111.54
2024-03-11 11:00:00+05:30,2024-03-11,2024,3,March,11,71,11,Monday,57.98,124.07,32.02,True,Equinox,15,32.02,180,124.07
2024-03-11 12:00:00+05:30,2024-03-11,2024,3,March,11,71,12,Monday,68.15,148.92,21.85,True,Equinox,15,21.85,180,148.92
2024-03-11 13:00:00+05:30,2024-03-11,2024,3,March,11,71,13,Monday,70.73,191.88,19.27,True,Equinox,15,19.27,180,191.88
2024-03-11 14:00:00+05:30,2024-03-11,2024,3,March,11,71,14,Monday,63.43,226.31,26.57,True,Equinox,15,26.57,180,226.31
2024-03-11 15:00:00+05:30,2024-03-11,2024,3,March,11,71,15,Monday,51.51,243.48,38.49,True,Equinox,15,38.49,180,243.48
2024-03-11 16:00:00+05:30,2024-03-11,2024,3,March,11,71,16,Monday,38.07,252.87,51.93,True,Equinox,15,51.93,180,252.87
2024-03-11 17:00:00+05:30,2024-03-11,2024,3,March,11,71,17,Monday,24.04,259.02,65.96,True,Equinox,15,65.96,180,259.02
2024-03-11 18:00:00+05:30,2024-03-11,2024,3,March,11,71,18,Monday,9.74,263.7,80.26,True,Equinox,15,80.26,180,263.7
2024-03-12 07:00:00+05:30,2024-03-12,2024,3,March,12,72,7,Tuesday,2.95,94.13,87.05,True,Equinox,15,87.05,180,94.13
2024-03-12 08:00:00+05:30,2024-03-12,2024,3,March,12,72,8,Tuesday,17.34,98.4,72.66,True,Equinox,15,72.66,180,98.4
2024-03-12 09:00:00+05:30,2024-03-12,2024,3,March,12,72,9,Tuesday,31.54,103.65,58.46,True,Equinox,15,58.46,180,103.65
2024-03-12 10:00:00+05:30,2024-03-12,2024,3,March,12,72,10,Tuesday,45.36,111.08,44.64,True,Equinox,15,44.64,180,111.08
2024-03-12 11:00:00+05:30,2024-03-12,2024,3,March,12,72,11,Tuesday,58.27,123.55,31.73,True,Equinox,15,31.73,180,123.55
2024-03-12 12:00:00+05:30,2024-03-12,2024,3,March,12,72,12,Tuesday,68.52,148.54,21.48,True,Equinox,15,21.48,180,148.54
2024-03-12 13:00:00+05:30,2024-03-12,2024,3,March,12,72,13,Tuesday,71.11,192.32,18.89,True,Equinox,15,18.89,180,192.32
2024-03-12 14:00:00+05:30,2024-03-12,2024,3,March,12,72,14,Tuesday,63.67,227.04,26.33,True,Equinox,15,26.33,180,227.04
2024-03-12 15:00:00+05:30,2024-03-12,2024,3,March,12,72,15,Tuesday,51.65,244.08,38.35,True,Equinox,15,38.35,180,244.08
2024-03-12 16:00:00+05:30,2024-03-12,2024,3,March,12,72,16,Tuesday,38.16,253.37,51.84,True,Equinox,15,51.84,180,253.37
2024-03-12 17:00:00+05:30,2024-03-12,2024,3,March,12,72,17,Tuesday,24.1,259.45,65.9,True,Equinox,15,65.9,180,259.45
2024-03-12 18:00:00+05:30,2024-03-12,2024,3,March,12,72,18,Tuesday,9.79,264.1,80.21,True,Equinox,15,80.21,180,264.1
2024-03-13 07:00:00+05:30,2024-03-13,2024,3,March,13,73,7,Wednesday,3.12,93.76,86.88,True,Equinox,15,86.88,180,93.76
2024-03-13 08:00:00+05:30,2024-03-13,2024,3,March,13,73,8,Wednesday,17.52,98.02,72.48,True,Equinox,15,72.48,180,98.02
2024-03-13 09:00:00+05:30,2024-03-13,2024,3,March,13,73,9,Wednesday,31.74,103.24,58.26,True,Equinox,15,58.26,180,103.24
2024-03-13 10:00:00+05:30,2024-03-13,2024,3,March,13,73,10,Wednesday,45.59,110.61,44.41,True,Equinox,15,44.41,180,110.61
2024-03-13 11:00:00+05:30,2024-03-13,2024,3,March,13,73,11,Wednesday,58.56,123.01,31.44,True,Equinox,15,31.44,180,123.01
2024-03-13 12:00:00+05:30,2024-03-13,2024,3,March,13,73,12,Wednesday,68.89,148.15,21.11,True,Equinox,15,21.11,180,148.15
2024-03-13 13:00:00+05:30,2024-03-13,2024,3,March,13,73,13,Wednesday,71.48,192.79,18.52,True,Equinox,15,18.52,180,192.79
2024-03-13 14:00:00+05:30,2024-03-13,2024,3,March,13,73,14,Wednesday,63.9,227.78,26.1,True,Equinox,15,26.1,180,227.78
2024-03-13 15:00:00+05:30,2024-03-13,2024,3,March,13,73,15,Wednesday,51.79,244.69,38.21,True,Equinox,15,38.21,180,244.69
2024-03-13 16:00:00+05:30,2024-03-13,2024,3,March,13,73,16,Wednesday,38.24,253.86,51.76,True,Equinox,15,51.76,180,253.86
2024-03-13 17:00:00+05:30,2024-03-13,2024,3,March,13,73,17,Wednesday,24.16,259.88,65.84,True,Equinox,15,65.84,180,259.88
2024-03-13 18:00:00+05:30,2024-03-13,2024,3,March,13,73,18,Wednesday,9.84,264.51,80.16,True,Equinox,15,80.16,180,264.51
2024-03-14 07:00:00+05:30,2024-03-14,2024,3,March,14,74,7,Thursday,3.3,93.4,86.7,True,Equinox,15,86.7,180,93.4
2024-03-14 08:00:00+05:30,2024-03-14,2024,3,March,14,74,8,Thursday,17.7,97.65,72.3,True,Equinox,15,72.3,180,97.65
2024-03-14 09:00:00+05:30,2024-03-14,2024,3,March,14,74,9,Thursday,31.94,102.83,58.06,True,Equinox,15,58.06,180,102.83
2024-03-14 10:00:00+05:30,2024-03-14,2024,3,March,14,74,10,Thursday,45.82,110.14,44.18,True,Equinox,15,44.18,180,110.14
2024-03-14 11:00:00+05:30,2024-03-14,2024,3,March,14,74,11,Thursday,58.84,122.47,31.16,True,Equinox,15,31.16,180,122.47
2024-03-14 12:00:00+05:30,2024-03-14,2024,3,March,14,74,12,Thursday,69.27,147.75,20.73,True,Equinox,15,20.73,180,147.75
2024-03-14 13:00:00+05:30,2024-03-14,2024,3,March,14,74,13,Thursday,71.85,193.27,18.15,True,Equinox,15,18.15,180,193.27
2024-03-14 14:00:00+05:30,2024-03-14,2024,3,March,14,74,14,Thursday,64.12,228.54,25.88,True,Equinox,15,25.88,180,228.54
2024-03-14 15:00:00+05:30,2024-03-14,2024,3,March,14,74,15,Thursday,51.92,245.3,38.08,True,Equinox,15,38.08,180,245.3
2024-03-14 16:00:00+05:30,2024-03-14,2024,3,March,14,74,16,Thursday,38.33,254.36,51.67,True,Equinox,15,51.67,180,254.36
2024-03-14 17:00:00+05:30,2024-03-14,2024,3,March,14,74,17,Thursday,24.22,260.32,65.78,True,Equinox,15,65.78,180,260.32
2024-03-14 18:00:00+05:30,2024-03-14,2024,3,March,14,74,18,Thursday,9.88,264.91,80.12,True,Equinox,15,80.12,180,264.91
2024-03-15 07:00:00+05:30,2024-03-15,2024,3,March,15,75,7,Friday,3.47,93.04,86.53,True,Equinox,15,86.53,180,93.04
2024-03-15 08:00:00+05:30,2024-03-15,2024,3,March,15,75,8,Friday,17.88,97.27,72.12,True,Equinox,15,72.12,180,97.27
2024-03-15 09:00:00+05:30,2024-03-15,2024,3,March,15,75,9,Friday,32.14,102.42,57.86,True,Equinox,15,57.86,180,102.42
2024-03-15 10:00:00+05:30,2024-03-15,2024,3,March,15,75,10,Friday,46.05,109.67,43.95,True,Equinox,15,43.95,180,109.67
2024-03-15 11:00:00+05:30,2024-03-15,2024,3,March,15,75,11,Friday,59.13,121.93,30.87,True,Equinox,15,30.87,180,121.93
2024-03-15 12:00:00+05:30,2024-03-15,2024,3,March,15,75,12,Friday,69.64,147.33,20.36,True,Equinox,15,20.36,180,147.33
2024-03-15 13:00:00+05:30,2024-03-15,2024,3,March,15,75,13,Friday,72.22,193.78,17.78,True,Equinox,15,17.78,180,193.78
2024-03-15 14:00:00+05:30,2024-03-15,2024,3,March,15,75,14,Friday,64.34,229.31,25.66,True,Equinox,15,25.66,180,229.31
2024-03-15 15:00:00+05:30,2024-03-15,2024,3,March,15,75,15,Friday,52.05,245.92,37.95,True,Equinox,15,37.95,180,245.92
2024-03-15 16:00:00+05:30,2024-03-15,2024,3,March,15,75,16,Friday,38.41,254.86,51.59,True,Equinox,15,51.59,180,254.86
2024-03-15 17:00:00+05:30,2024-03-15,2024,3,March,15,75,17,Friday,24.27,260.76,65.73,True,Equinox,15,65.73,180,260.76
2024-03-15 18:00:00+05:30,2024-03-15,2024,3,March,15,75,18,Friday,9.92,265.32,80.08,True,Equinox,15,80.08,180,265.32
2024-03-16 07:00:00+05:30,2024-03-16,2024,3,March,16,76,7,Saturday,3.64,92.68,86.36,True,Equinox,15,86.36,180,92.68
2024-03-16 08:00:00+05:30,2024-03-16,2024,3,March,16,76,8,Saturday,18.06,96.9,71.94,True,Equinox,15,71.94,180,96.9
2024-03-16 09:00:00+05:30,2024-03-16,2024,3,March,16,76,9,Saturday,32.33,102.01,57.67,True,Equinox,15,57.67,180,102.01
2024-03-16 10:00:00+05:30,2024-03-16,2024,3,March,16,76,10,Saturday,46.28,109.19,43.72,True,Equinox,15,43.72,180,109.19
2024-03-16 11:00:00+05:30,2024-03-16,2024,3,March,16,76,11,Saturday,59.41,121.37,30.59,True,Equinox,15,30.59,180,121.37
2024-03-16 12:00:00+05:30,2024-03-16,2024,3,March,16,76,12,Saturday,70.02,146.91,19.98,True,Equinox,15,19.98,180,146.91
2024-03-16 13:00:00+05:30,2024-03-16,2024,3,March,16,76,13,Saturday,72.59,194.32,17.41,True,Equinox,15,17.41,180,194.32
2024-03-16 14:00:00+05:30,2024-03-16,2024,3,March,16,76,14,Saturday,64.56,230.09,25.44,True,Equinox,15,25.44,180,230.09
2024-03-16 15:00:00+05:30,2024-03-16,2024,3,March,16,76,15,Saturday,52.17,246.54,37.83,True,Equinox,15,37.83,180,246.54
2024-03-16 16:00:00+05:30,2024-03-16,2024,3,March,16,76,16,Saturday,38.48,255.37,51.52,True,Equinox,15,51.52,180,255.37
2024-03-16 17:00:00+05:30,2024-03-16,2024,3,March,16,76,17,Saturday,24.32,261.19,65.68,True,Equinox,15,65.68,180,261.19
2024-03-16 18:00:00+05:30,2024-03-16,2024,3,March,16,76,18,Saturday,9.96,265.72,80.04,True,Equinox,15,80.04,180,265.72
2024-03-17 07:00:00+05:30,2024-03-17,2024,3,March,17,77,7,Sunday,3.82,92.31,86.18,True,Equinox,15,86.18,180,92.31
2024-03-17 08:00:00+05:30,2024-03-17,2024,3,March,17,77,8,Sunday,18.24,96.52,71.76,True,Equinox,15,71.76,180,96.52
2024-03-17 09:00:00+05:30,2024-03-17,2024,3,March,17,77,9,Sunday,32.53,101.59,57.47,True,Equinox,15,57.47,180,101.59
2024-03-17 10:00:00+05:30,2024-03-17,2024,3,March,17,77,10,Sunday,46.51,108.71,43.49,True,Equinox,15,43.49,180,108.71
2024-03-17 11:00:00+05:30,2024-03-17,2024,3,March,17,77,11,Sunday,59.69,120.81,30.31,True,Equinox,15,30.31,180,120.81
2024-03-17 12:00:00+05:30,2024-03-17,2024,3,March,17,77,12,Sunday,70.39,146.47,19.61,True,Equinox,15,19.61,180,146.47
2024-03-17 13:00:00+05:30,2024-03-17,2024,3,March,17,77,13,Sunday,72.95,194.87,17.05,True,Equinox,15,17.05,180,194.87
2024-03-17 14:00:00+05:30,2024-03-17,2024,3,March,17,77,14,Sunday,64.77,230.89,25.23,True,Equinox,15,25.23,180,230.89
2024-03-17 15:00:00+05:30,2024-03-17,2024,3,March,17,77,15,Sunday,52.29,247.17,37.71,True,Equinox,15,37.71,180,247.17
2024-03-17 16:00:00+05:30,2024-03-17,2024,3,March,17,77,16,Sunday,38.56,255.87,51.44,True,Equinox,15,51.44,180,255.87
2024-03-17 17:00:00+05:30,2024-03-17,2024,3,March,17,77,17,Sunday,24.38,261.63,65.62,True,Equinox,15,65.62,180,261.63
2024-03-17 18:00:00+05:30,2024-03-17,2024,3,March,17,77,18,Sunday,10.0,266.13,80.0,True,Equinox,15,80.0,180,266.13
2024-03-18 07:00:00+05:30,2024-03-18,2024,3,March,18,78,7,Monday,3.99,91.95,86.01,True,Equinox,15,86.01,180,91.95
2024-03-18 08:00:00+05:30,2024-03-18,2024,3,March,18,78,8,Monday,18.42,96.14,71.58,True,Equinox,15,71.58,180,96.14
2024-03-18 09:00:00+05:30,2024-03-18,2024,3,March,18,78,9,Monday,32.73,101.18,57.27,True,Equinox,15,57.27,180,101.18
2024-03-18 10:00:00+05:30,2024-03-18,2024,3,March,18,78,10,Monday,46.73,108.23,43.27,True,Equinox,15,43.27,180,108.23
2024-03-18 11:00:00+05:30,2024-03-18,2024,3,March,18,78,11,Monday,59.97,120.23,30.03,True,Equinox,15,30.03,180,120.23
2024-03-18 12:00:00+05:30,2024-03-18,2024,3,March,18,78,12,Monday,70.76,146.02,19.24,True,Equinox,15,19.24,180,146.02
2024-03-18 13:00:00+05:30,2024-03-18,2024,3,March,18,78,13,Monday,73.32,195.46,16.68,True,Equinox,15,16.68,180,195.46
2024-03-18 14:00:00+05:30,2024-03-18,2024,3,March,18,78,14,Monday,64.97,231.71,25.03,True,Equinox,15,25.03,180,231.71
2024-03-18 15:00:00+05:30,2024-03-18,2024,3,March,18,78,15,Monday,52.4,247.8,37.6,True,Equinox,15,37.6,180,247.8
2024-03-18 16:00:00+05:30,2024-03-18,2024,3,March,18,78,16,Monday,38.63,256.38,51.37,True,Equinox,15,51.37,180,256.38
2024-03-18 17:00:00+05:30,2024-03-18,2024,3,March,18,78,17,Monday,24.42,262.07,65.58,True,Equinox,15,65.58,180,262.07
2024-03-18 18:00:00+05:30,2024-03-18,2024,3,March,18,78,18,Monday,10.04,266.54,79.96,True,Equinox,15,79.96,180,266.54
2024-03-19 07:00:00+05:30,2024-03-19,2024,3,March,19,79,7,Tuesday,4.17,91.59,85.83,True,Equinox,15,85.83,180,91.59
2024-03-19 08:00:00+05:30,2024-03-19,2024,3,March,19,79,8,Tuesday,18.61,95.76,71.39,True,Equinox,15,71.39,180,95.76
2024-03-19 09:00:00+05:30,2024-03-19,2024,3,March,19,79,9,Tuesday,32.93,100.76,57.07,True,Equinox,15,57.07,180,100.76
2024-03-19 10:00:00+05:30,2024-03-19,2024,3,March,19,79,10,Tuesday,46.96,107.74,43.04,True,Equinox,15,43.04,180,107.74
2024-03-19 11:00:00+05:30,2024-03-19,2024,3,March,19,79,11,Tuesday,60.25,119.65,29.75,True,Equinox,15,29.75,180,119.65
2024-03-19 12:00:00+05:30,2024-03-19,2024,3,March,19,79,12,Tuesday,71.13,145.55,18.87,True,Equinox,15,18.87,180,145.55
2024-03-19 13:00:00+05:30,2024-03-19,2024,3,March,19,79,13,Tuesday,73.68,196.07,16.32,True,Equinox,15,16.32,180,196.07
2024-03-19 14:00:00+05:30,2024-03-19,2024,3,March,19,79,14,Tuesday,65.17,232.53,24.83,True,Equinox,15,24.83,180,232.53
2024-03-19 15:00:00+05:30,2024-03-19,2024,3,March,19,79,15,Tuesday,52.51,248.43,37.49,True,Equinox,15,37.49,180,248.43
2024-03-19 16:00:00+05:30,2024-03-19,2024,3,March,19,79,16,Tuesday,38.7,256.89,51.3,True,Equinox,15,51.3,180,256.89
2024-03-19 17:00:00+05:30,2024-03-19,2024,3,March,19,79,17,Tuesday,24.47,262.51,65.53,True,Equinox,15,65.53,180,262.51
2024-03-19 18:00:00+05:30,2024-03-19,2024,3,March,19,79,18,Tuesday,10.07,266.94,79.93,True,Equinox,15,79.93,180,266.94
2024-03-20 07:00:00+05:30,2024-03-20,2024,3,March,20,80,7,Wednesday,4.35,91.23,85.65,True,Equinox,15,85.65,180,91.23
2024-03-20 08:00:00+05:30,2024-03-20,2024,3,March,20,80,8,Wednesday,18.79,95.39,71.21,True,Equinox,15,71.21,180,95.39
2024-03-20 09:00:00+05:30,2024-03-20,2024,3,March,20,80,9,Wednesday,33.12,100.34,56.88,True,Equinox,15,56.88,180,100.34
2024-03-20 10:00:00+05:30,2024-03-20,2024,3,March,20,80,10,Wednesday,47.18,107.25,42.82,True,Equinox,15,42.82,180,107.25
2024-03-20 11:00:00+05:30,2024-03-20,2024,3,March,20,80,11,Wednesday,60.53,119.06,29.47,True,Equinox,15,29.47,180,119.06
2024-03-20 12:00:00+05:30,2024-03-20,2024,3,March,20,80,12,Wednesday,71.5,145.06,18.5,True,Equinox,15,18.5,180,145.06
2024-03-20 13:00:00+05:30,2024-03-20,2024,3,March,20,80,13,Wednesday,74.04,196.72,15.96,True,Equinox,15,15.96,180,196.72
2024-03-20 14:00:00+05:30,2024-03-20,2024,3,March,20,80,14,Wednesday,65.37,233.37,24.63,True,Equinox,15,24.63,180,233.37
2024-03-20 15:00:00+05:30,2024-03-20,2024,3,March,20,80,15,Wednesday,52.62,249.07,37.38,True,Equinox,15,37.38,180,249.07
2024-03-20 16:00:00+05:30,2024-03-20,2024,3,March,20,80,16,Wednesday,38.76,257.4,51.24,True,Equinox,15,51.24,180,257.4
2024-03-20 17:00:00+05:30,2024-03-20,2024,3,March,20,80,17,Wednesday,24.51,262.95,65.49,True,Equinox,15,65.49,180,262.95
2024-03-20 18:00:00+05:30,2024-03-20,2024,3,March,20,80,18,Wednesday,10.11,267.35,79.89,True,Equinox,15,79.89,180,267.35
2024-03-21 07:00:00+05:30,2024-03-21,2024,3,March,21,81,7,Thursday,4.52,90.86,85.48,True,Equinox,15,85.48,180,90.86
2024-03-21 08:00:00+05:30,2024-03-21,2024,3,March,21,81,8,Thursday,18.97,95.01,71.03,True,Equinox,15,71.03,180,95.01
2024-03-21 09:00:00+05:30,2024-03-21,2024,3,March,21,81,9,Thursday,33.32,99.92,56.68,True,Equinox,15,56.68,180,99.92
2024-03-21 10:00:00+05:30,2024-03-21,2024,3,March,21,81,10,Thursday,47.4,106.75,42.6,True,Equinox,15,42.6,180,106.75
2024-03-21 11:00:00+05:30,2024-03-21,2024,3,March,21,81,11,Thursday,60.8,118.46,29.2,True,Equinox,15,29.2,180,118.46
2024-03-21 12:00:00+05:30,2024-03-21,2024,3,March,21,81,12,Thursday,71.87,144.56,18.13,True,Equinox,15,18.13,180,144.56
2024-03-21 13:00:00+05:30,2024-03-21,2024,3,March,21,81,13,Thursday,74.4,197.39,15.6,True,Equinox,15,15.6,180,197.39
2024-03-21 14:00:00+05:30,2024-03-21,2024,3,March,21,81,14,Thursday,65.56,234.23,24.44,True,Equinox,15,24.44,180,234.23
2024-03-21 15:00:00+05:30,2024-03-21,2024,3,March,21,81,15,Thursday,52.72,249.71,37.28,True,Equinox,15,37.28,180,249.71
2024-03-21 16:00:00+05:30,2024-03-21,2024,3,March,21,81,16,Thursday,38.83,257.9,51.17,True,Equinox,15,51.17,180,257.9
2024-03-21 17:00:00+05:30,2024-03-21,2024,3,March,21,81,17,Thursday,24.56,263.39,65.44,True,Equinox,15,65.44,180,263.39
2024-03-21 18:00:00+05:30,2024-03-21,2024,3,March,21,81,18,Thursday,10.14,267.76,79.86,True,Equinox,15,79.86,180,267.76
2024-03-22 07:00:00+05:30,2024-03-22,2024,3,March,22,82,7,Friday,4.7,90.5,85.3,True,Equinox,15,85.3,180,90.5
2024-03-22 08:00:00+05:30,2024-03-22,2024,3,March,22,82,8,Friday,19.15,94.63,70.85,True,Equinox,15,70.85,180,94.63
2024-03-22 09:00:00+05:30,2024-03-22,2024,3,March,22,82,9,Friday,33.51,99.5,56.49,True,Equinox,15,56.49,180,99.5
2024-03-22 10:00:00+05:30,2024-03-22,2024,3,March,22,82,10,Friday,47.62,106.25,42.38,True,Equinox,15,42.38,180,106.25
2024-03-22 11:00:00+05:30,2024-03-22,2024,3,March,22,82,11,Friday,61.08,117.85,28.92,True,Equinox,15,28.92,180,117.85
2024-03-22 12:00:00+05:30,2024-03-22,2024,3,March,22,82,12,Friday,72.24,144.04,17.76,True,Equinox,15,17.76,180,144.04
2024-03-22 13:00:00+05:30,2024-03-22,2024,3,March,22,82,13,Friday,74.75,198.1,15.25,True,Equinox,15,15.25,180,198.1
2024-03-22 14:00:00+05:30,2024-03-22,2024,3,March,22,82,14,Friday,65.74,235.09,24.26,True,Equinox,15,24.26,180,235.09
2024-03-22 15:00:00+05:30,2024-03-22,2024,3,March,22,82,15,Friday,52.82,250.36,37.18,True,Equinox,15,37.18,180,250.36
2024-03-22 16:00:00+05:30,2024-03-22,2024,3,March,22,82,16,Friday,38.89,258.41,51.11,True,Equinox,15,51.11,180,258.41
2024-03-22 17:00:00+05:30,2024-03-22,2024,3,March,22,82,17,Friday,24.6,263.82,65.4,True,Equinox,15,65.4,180,263.82
2024-03-22 18:00:00+05:30,2024-03-22,2024,3,March,22,82,18,Friday,10.18,268.16,79.82,True,Equinox,15,79.82,180,268.16
2024-03-23 07:00:00+05:30,2024-03-23,2024,3,March,23,83,7,Saturday,4.88,90.14,85.12,True,Equinox,15,85.12,180,90.14
2024-03-23 08:00:00+05:30,2024-03-23,2024,3,March,23,83,8,Saturday,19.33,94.25,70.67,True,Equinox,15,70.67,180,94.25
2024-03-23 09:00:00+05:30,2024-03-23,2024,3,March,23,83,9,Saturday,33.7,99.07,56.3,True,Equinox,15,56.3,180,99.07
2024-03-23 10:00:00+05:30,2024-03-23,2024,3,March,23,83,10,Saturday,47.84,105.75,42.16,True,Equinox,15,42.16,180,105.75
2024-03-23 11:00:00+05:30,2024-03-23,2024,3,March,23,83,11,Saturday,61.34,117.23,28.66,True,Equinox,15,28.66,180,117.23
2024-03-23 12:00:00+05:30,2024-03-23,2024,3,March,23,83,12,Saturday,72.61,143.5,17.39,True,Equinox,15,17.39,180,143.5
2024-03-23 13:00:00+05:30,2024-03-23,2024,3,March,23,83,13,Saturday,75.1,198.83,14.9,True,Equinox,15,14.9,180,198.83
2024-03-23 14:00:00+05:30,2024-03-23,2024,3,March,23,83,14,Saturday,65.92,235.97,24.08,True,Equinox,15,24.08,180,235.97
2024-03-23 15:00:00+05:30,2024-03-23,2024,3,March,23,83,15,Saturday,52.92,251.0,37.08,True,Equinox,15,37.08,180,251.0
2024-03-23 16:00:00+05:30,2024-03-23,2024,3,March,23,83,16,Saturday,38.94,258.93,51.06,True,Equinox,15,51.06,180,258.93
2024-03-23 17:00:00+05:30,2024-03-23,2024,3,March,23,83,17,Saturday,24.64,264.26,65.36,True,Equinox,15,65.36,180,264.26
2024-03-23 18:00:00+05:30,2024-03-23,2024,3,March,23,83,18,Saturday,10.21,268.57,79.79,True,Equinox,15,79.79,180,268.57
2024-03-24 07:00:00+05:30,2024-03-24,2024,3,March,24,84,7,Sunday,5.05,89.78,84.95,True,Equinox,15,84.95,180,89.78
2024-03-24 08:00:00+05:30,2024-03-24,2024,3,March,24,84,8,Sunday,19.51,93.87,70.49,True,Equinox,15,70.49,180,93.87
2024-03-24 09:00:00+05:30,2024-03-24,2024,3,March,24,84,9,Sunday,33.9,98.65,56.1,True,Equinox,15,56.1,180,98.65
2024-03-24 10:00:00+05:30,2024-03-24,2024,3,March,24,84,10,Sunday,48.06,105.25,41.94,True,Equinox,15,41.94,180,105.25
2024-03-24 11:00:00+05:30,2024-03-24,2024,3,March,24,84,11,Sunday,61.61,116.6,28.39,True,Equinox,15,28.39,180,116.6
2024-03-24 12:00:00+05:30,2024-03-24,2024,3,March,24,84,12,Sunday,72.97,142.94,17.03,True,Equinox,15,17.03,180,142.94
2024-03-24 13:00:00+05:30,2024-03-24,2024,3,March,24,84,13,Sunday,75.45,199.61,14.55,True,Equinox,15,14.55,180,199.61
2024-03-24 14:00:00+05:30,2024-03-24,2024,3,March,24,84,14,Sunday,66.1,236.86,23.9,True,Equinox,15,23.9,180,236.86
2024-03-24 15:00:00+05:30,2024-03-24,2024,3,March,24,84,15,Sunday,53.01,251.65,36.99,True,Equinox,15,36.99,180,251.65
2024-03-24 16:00:00+05:30,2024-03-24,2024,3,March,24,84,16,Sunday,39.0,259.44,51.0,True,Equinox,15,51.0,180,259.44
2024-03-24 17:00:00+05:30,2024-03-24,2024,3,March,24,84,17,Sunday,24.68,264.7,65.32,True,Equinox,15,65.32,180,264.7
2024-03-24 18:00:00+05:30,2024-03-24,2024,3,March,24,84,18,Sunday,10.24,268.98,79.76,True,Equinox,15,79.76,180,268.98
2024-03-25 07:00:00+05:30,2024-03-25,2024,3,March,25,85,7,Monday,5.23,89.42,84.77,True,Equinox,15,84.77,180,89.42
2024-03-25 08:00:00+05:30,2024-03-25,2024,3,March,25,85,8,Monday,19.69,93.49,70.31,True,Equinox,15,70.31,180,93.49
2024-03-25 09:00:00+05:30,2024-03-25,2024,3,March,25,85,9,Monday,34.09,98.23,55.91,True,Equinox,15,55.91,180,98.23
2024-03-25 10:00:00+05:30,2024-03-25,2024,3,March,25,85,10,Monday,48.27,104.74,41.73,True,Equinox,15,41.73,180,104.74
2024-03-25 11:00:00+05:30,2024-03-25,2024,3,March,25,85,11,Monday,61.87,115.96,28.13,True,Equinox,15,28.13,180,115.96
2024-03-25 12:00:00+05:30,2024-03-25,2024,3,March,25,85,12,Monday,73.34,142.36,16.66,True,Equinox,15,16.66,180,142.36
2024-03-25 13:00:00+05:30,2024-03-25,2024,3,March,25,85,13,Monday,75.8,200.42,14.2,True,Equinox,15,14.2,180,200.42
2024-03-25 14:00:00+05:30,2024-03-25,2024,3,March,25,85,14,Monday,66.27,237.76,23.73,True,Equinox,15,23.73,180,237.76
2024-03-25 15:00:00+05:30,2024-03-25,2024,3,March,25,85,15,Monday,53.1,252.3,36.9,True,Equinox,15,36.9,180,252.3
2024-03-25 16:00:00+05:30,2024-03-25,2024,3,March,25,85,16,Monday,39.05,259.95,50.95,True,Equinox,15,50.95,180,259.95
2024-03-25 17:00:00+05:30,2024-03-25,2024,3,March,25,85,17,Monday,24.71,265.14,65.29,True,Equinox,15,65.29,180,265.14
2024-03-25 18:00:00+05:30,2024-03-25,2024,3,March,25,85,18,Monday,10.27,269.38,79.73,True,Equinox,15,79.73,180,269.38
2024-03-26 07:00:00+05:30,2024-03-26,2024,3,March,26,86,7,Tuesday,5.41,89.06,84.59,True,Equinox,15,84.59,180,89.06
2024-03-26 08:00:00+05:30,2024-03-26,2024,3,March,26,86,8,Tuesday,19.87,93.11,70.13,True,Equinox,15,70.13,180,93.11
2024-03-26 09:00:00+05:30,2024-03-26,2024,3,March,26,86,9,Tuesday,34.27,97.8,55.73,True,Equinox,15,55.73,180,97.8
2024-03-26 10:00:00+05:30,2024-03-26,2024,3,March,26,86,10,Tuesday,48.48,104.23,41.52,True,Equinox,15,41.52,180,104.23
2024-03-26 11:00:00+05:30,2024-03-26,2024,3,March,26,86,11,Tuesday,62.13,115.32,27.87,True,Equinox,15,27.87,180,115.32
2024-03-26 12:00:00+05:30,2024-03-26,2024,3,March,26,86,12,Tuesday,73.7,141.76,16.3,True,Equinox,15,16.3,180,141.76
2024-03-26 13:00:00+05:30,2024-03-26,2024,3,March,26,86,13,Tuesday,76.14,201.27,13.86,True,Equinox,15,13.86,180,201.27
2024-03-26 14:00:00+05:30,2024-03-26,2024,3,March,26,86,14,Tuesday,66.43,238.67,23.57,True,Equinox,15,23.57,180,238.67
2024-03-26 15:00:00+05:30,2024-03-26,2024,3,March,26,86,15,Tuesday,53.18,252.95,36.82,True,Equinox,15,36.82,180,252.95
2024-03-26 16:00:00+05:30,2024-03-26,2024,3,March,26,86,16,Tuesday,39.1,260.46,50.9,True,Equinox,15,50.9,180,260.46
2024-03-26 17:00:00+05:30,2024-03-26,2024,3,March,26,86,17,Tuesday,24.75,265.58,65.25,True,Equinox,15,65.25,180,265.58
2024-03-26 18:00:00+05:30,2024-03-26,2024,3,March,26,86,18,Tuesday,10.3,269.79,79.7,True,Equinox,15,79.7,180,269.79
2024-03-27 07:00:00+05:30,2024-03-27,2024,3,March,27,87,7,Wednesday,5.58,88.7,84.42,True,Equinox,15,84.42,180,88.7
2024-03-27 08:00:00+05:30,2024-03-27,2024,3,March,27,87,8,Wednesday,20.05,92.73,69.95,True,Equinox,15,69.95,180,92.73
2024-03-27 09:00:00+05:30,2024-03-27,2024,3,March,27,87,9,Wednesday,34.46,97.37,55.54,True,Equinox,15,55.54,180,97.37
2024-03-27 10:00:00+05:30,2024-03-27,2024,3,March,27,87,10,Wednesday,48.69,103.72,41.31,True,Equinox,15,41.31,180,103.72
2024-03-27 11:00:00+05:30,2024-03-27,2024,3,March,27,87,11,Wednesday,62.39,114.66,27.61,True,Equinox,15,27.61,180,114.66
2024-03-27 12:00:00+05:30,2024-03-27,2024,3,March,27,87,12,Wednesday,74.06,141.13,15.94,True,Equinox,15,15.94,180,141.13
2024-03-27 13:00:00+05:30,2024-03-27,2024,3,March,27,87,13,Wednesday,76.48,202.16,13.52,True,Equinox,15,13.52,180,202.16
2024-03-27 14:00:00+05:30,2024-03-27,2024,3,March,27,87,14,Wednesday,66.58,239.59,23.42,True,Equinox,15,23.42,180,239.59
2024-03-27 15:00:00+05:30,2024-03-27,2024,3,March,27,87,15,Wednesday,53.26,253.6,36.74,True,Equinox,15,36.74,180,253.6
2024-03-27 16:00:00+05:30,2024-03-27,2024,3,March,27,87,16,Wednesday,39.15,260.97,50.85,True,Equinox,15,50.85,180,260.97
2024-03-27 17:00:00+05:30,2024-03-27,2024,3,March,27,87,17,Wednesday,24.78,266.02,65.22,True,Equinox,15,65.22,180,266.02
2024-03-27 18:00:00+05:30,2024-03-27,2024,3,March,27,87,18,Wednesday,10.33,270.19,79.67,True,Equinox,15,79.67,180,270.19
2024-03-28 07:00:00+05:30,2024-03-28,2024,3,March,28,88,7,Thursday,5.76,88.34,84.24,True,Equinox,15,84.24,180,88.34
2024-03-28 08:00:00+05:30,2024-03-28,2024,3,March,28,88,8,Thursday,20.22,92.35,69.78,True,Equinox,15,69.78,180,92.35
2024-03-28 09:00:00+05:30,2024-03-28,2024,3,March,28,88,9,Thursday,34.64,96.95,55.36,True,Equinox,15,55.36,180,96.95
2024-03-28 10:00:00+05:30,2024-03-28,2024,3,March,28,88,10,Thursday,48.89,103.2,41.11,True,Equinox,15,41.11,180,103.2
2024-03-28 11:00:00+05:30,2024-03-28,2024,3,March,28,88,11,Thursday,62.64,113.99,27.36,True,Equinox,15,27.36,180,113.99
2024-03-28 12:00:00+05:30,2024-03-28,2024,3,March,28,88,12,Thursday,74.41,140.47,15.59,True,Equinox,15,15.59,180,140.47
2024-03-28 13:00:00+05:30,2024-03-28,2024,3,March,28,88,13,Thursday,76.81,203.09,13.19,True,Equinox,15,13.19,180,203.09
2024-03-28 14:00:00+05:30,2024-03-28,2024,3,March,28,88,14,Thursday,66.73,240.52,23.27,True,Equinox,15,23.27,180,240.52
2024-03-28 15:00:00+05:30,2024-03-28,2024,3,March,28,88,15,Thursday,53.33,254.26,36.67,True,Equinox,15,36.67,180,254.26
2024-03-28 16:00:00+05:30,2024-03-28,2024,3,March,28,88,16,Thursday,39.19,261.48,50.81,True,Equinox,15,50.81,180,261.48
2024-03-28 17:00:00+05:30,2024-03-28,2024,3,March,28,88,17,Thursday,24.81,266.45,65.19,True,Equinox,15,65.19,180,266.45
2024-03-28 18:00:00+05:30,2024-03-28,2024,3,March,28,88,18,Thursday,10.36,270.59,79.64,True,Equinox,15,79.64,180,270.59
2024-03-29 07:00:00+05:30,2024-03-29,2024,3,March,29,89,7,Friday,5.93,87.98,84.07,True,Equinox,15,84.07,180,87.98
2024-03-29 08:00:00+05:30,2024-03-29,2024,3,March,29,89,8,Friday,20.4,91.97,69.6,True,Equinox,15,69.6,180,91.97
2024-03-29 09:00:00+05:30,2024-03-29,2024,3,March,29,89,9,Friday,34.83,96.52,55.17,True,Equinox,15,55.17,180,96.52
2024-03-29 10:00:00+05:30,2024-03-29,2024,3,March,29,89,10,Friday,49.1,102.68,40.9,True,Equinox,15,40.9,180,102.68
2024-03-29 11:00:00+05:30,2024-03-29,2024,3,March,29,89,11,Friday,62.89,113.32,27.11,True,Equinox,15,27.11,180,113.32
2024-03-29 12:00:00+05:30,2024-03-29,2024,3,March,29,89,12,Friday,74.76,139.78,15.24,True,Equinox,15,15.24,180,139.78
2024-03-29 13:00:00+05:30,2024-03-29,2024,3,March,29,89,13,Friday,77.14,204.07,12.86,True,Equinox,15,12.86,180,204.07
2024-03-29 14:00:00+05:30,2024-03-29,2024,3,March,29,89,14,Friday,66.88,241.45,23.12,True,Equinox,15,23.12,180,241.45
2024-03-29 15:00:00+05:30,2024-03-29,2024,3,March,29,89,15,Friday,53.4,254.91,36.6,True,Equinox,15,36.6,180,254.91
2024-03-29 16:00:00+05:30,2024-03-29,2024,3,March,29,89,16,Friday,39.23,261.99,50.77,True,Equinox,15,50.77,180,261.99
2024-03-29 17:00:00+05:30,2024-03-29,2024,3,March,29,89,17,Friday,24.84,266.89,65.16,True,Equinox,15,65.16,180,266.89
2024-03-29 18:00:00+05:30,2024-03-29,2024,3,March,29,89,18,Friday,10.39,270.99,79.61,True,Equinox,15,79.61,180,270.99
2024-03-30 07:00:00+05:30,2024-03-30,2024,3,March,30,90,7,Saturday,6.11,87.63,83.89,True,Equinox,15,83.89,180,87.63
2024-03-30 08:00:00+05:30,2024-03-30,2024,3,March,30,90,8,Saturday,20.57,91.59,69.43,True,Equinox,15,69.43,180,91.59
2024-03-30 09:00:00+05:30,2024-03-30,2024,3,March,30,90,9,Saturday,35.01,96.09,54.99,True,Equinox,15,54.99,180,96.09
2024-03-30 10:00:00+05:30,2024-03-30,2024,3,March,30,90,10,Saturday,49.3,102.16,40.7,True,Equinox,15,40.7,180,102.16
2024-03-30 11:00:00+05:30,2024-03-30,2024,3,March,30,90,11,Saturday,63.13,112.63,26.87,True,Equinox,15,26.87,180,112.63
2024-03-30 12:00:00+05:30,2024-03-30,2024,3,March,30,90,12,Saturday,75.11,139.07,14.89,True,Equinox,15,14.89,180,139.07
2024-03-30 13:00:00+05:30,2024-03-30,2024,3,March,30,90,13,Saturday,77.47,205.09,12.53,True,Equinox,15,12.53,180,205.09
2024-03-30 14:00:00+05:30,2024-03-30,2024,3,March,30,90,14,Saturday,67.02,242.4,22.98,True,Equinox,15,22.98,180,242.4
2024-03-30 15:00:00+05:30,2024-03-30,2024,3,March,30,90,15,Saturday,53.47,255.56,36.53,True,Equinox,15,36.53,180,255.56
2024-03-30 16:00:00+05:30,2024-03-30,2024,3,March,30,90,16,Saturday,39.27,262.49,50.73,True,Equinox,15,50.73,180,262.49
2024-03-30 17:00:00+05:30,2024-03-30,2024,3,March,30,90,17,Saturday,24.87,267.32,65.13,True,Equinox,15,65.13,180,267.32
2024-03-30 18:00:00+05:30,2024-03-30,2024,3,March,30,90,18,Saturday,10.41,271.39,79.59,True,Equinox,15,79.59,180,271.39
2024-03-31 07:00:00+05:30,2024-03-31,2024,3,March,31,91,7,Sunday,6.28,87.27,83.72,True,Equinox,15,83.72,180,87.27
2024-03-31 08:00:00+05:30,2024-03-31,2024,3,March,31,91,8,Sunday,20.74,91.21,69.26,True,Equinox,15,69.26,180,91.21
2024-03-31 09:00:00+05:30,2024-03-31,2024,3,March,31,91,9,Sunday,35.19,95.66,54.81,True,Equinox,15,54.81,180,95.66
2024-03-31 10:00:00+05:30,2024-03-31,2024,3,March,31,91,10,Sunday,49.49,101.63,40.51,True,Equinox,15,40.51,180,101.63
2024-03-31 11:00:00+05:30,2024-03-31,2024,3,March,31,91,11,Sunday,63.37,111.94,26.63,True,Equinox,15,26.63,180,111.94
2024-03-31 12:00:00+05:30,2024-03-31,2024,3,March,31,91,12,Sunday,75.46,138.32,14.54,True,Equinox,15,14.54,180,138.32
2024-03-31 13:00:00+05:30,2024-03-31,2024,3,March,31,91,13,Sunday,77.79,206.16,12.21,True,Equinox,15,12.21,180,206.16
2024-03-31 14:00:00+05:30,2024-03-31,2024,3,March,31,91,14,Sunday,67.15,243.35,22.85,True,Equinox,15,22.85,180,243.35
2024-03-31 15:00:00+05:30,2024-03-31,2024,3,March,31,91,15,Sunday,53.54,256.22,36.46,True,Equinox,15,36.46,180,256.22
2024-03-31 16:00:00+05:30,2024-03-31,2024,3,March,31,91,16,Sunday,39.31,263.0,50.69,True,Equinox,15,50.69,180,263.0
2024-03-31 17:00:00+05:30,2024-03-31,2024,3,March,31,91,17,Sunday,24.9,267.76,65.1,True,Equinox,15,65.1,180,267.76
2024-03-31 18:00:00+05:30,2024-03-31,2024,3,March,31,91,18,Sunday,10.44,271.79,79.56,True,Equinox,15,79.56,180,271.79
2024-04-01 07:00:00+05:30,2024-04-01,2024,4,April,1,92,7,Monday,6.45,86.91,83.55,True,Equinox,15,83.55,180,86.91
2024-04-01 08:00:00+05:30,2024-04-01,2024,4,April,1,92,8,Monday,20.91,90.83,69.09,True,Equinox,15,69.09,180,90.83
2024-04-01 09:00:00+05:30,2024-04-01,2024,4,April,1,92,9,Monday,35.36,95.23,54.64,True,Equinox,15,54.64,180,95.23
2024-04-01 10:00:00+05:30,2024-04-01,2024,4,April,1,92,10,Monday,49.69,101.1,40.31,True,Equinox,15,40.31,180,101.1
2024-04-01 11:00:00+05:30,2024-04-01,2024,4,April,1,92,11,Monday,63.61,111.23,26.39,True,Equinox,15,26.39,180,111.23
2024-04-01 12:00:00+05:30,2024-04-01,2024,4,April,1,92,12,Monday,75.8,137.54,14.2,True,Equinox,15,14.2,180,137.54
2024-04-01 13:00:00+05:30,2024-04-01,2024,4,April,1,92,13,Monday,78.11,207.28,11.89,True,Equinox,15,11.89,180,207.28
2024-04-01 14:00:00+05:30,2024-04-01,2024,4,April,1,92,14,Monday,67.28,244.31,22.72,True,Equinox,15,22.72,180,244.31
2024-04-01 15:00:00+05:30,2024-04-01,2024,4,April,1,92,15,Monday,53.6,256.87,36.4,True,Equinox,15,36.4,180,256.87
2024-04-01 16:00:00+05:30,2024-04-01,2024,4,April,1,92,16,Monday,39.35,263.51,50.65,True,Equinox,15,50.65,180,263.51
2024-04-01 17:00:00+05:30,2024-04-01,2024,4,April,1,92,17,Monday,24.93,268.19,65.07,True,Equinox,15,65.07,180,268.19
2024-04-01 18:00:00+05:30,2024-04-01,2024,4,April,1,92,18,Monday,10.47,272.19,79.53,True,Equinox,15,79.53,180,272.19
2024-04-02 07:00:00+05:30,2024-04-02,2024,4,April,2,93,7,Tuesday,6.62,86.56,83.38,True,Equinox,15,83.38,180,86.56
2024-04-02 08:00:00+05:30,2024-04-02,2024,4,April,2,93,8,Tuesday,21.08,90.45,68.92,True,Equinox,15,68.92,180,90.45
2024-04-02 09:00:00+05:30,2024-04-02,2024,4,April,2,93,9,Tuesday,35.53,94.79,54.47,True,Equinox,15,54.47,180,94.79
2024-04-02 10:00:00+05:30,2024-04-02,2024,4,April,2,93,10,Tuesday,49.88,100.57,40.12,True,Equinox,15,40.12,180,100.57
2024-04-02 11:00:00+05:30,2024-04-02,2024,4,April,2,93,11,Tuesday,63.84,110.52,26.16,True,Equinox,15,26.16,180,110.52
2024-04-02 12:00:00+05:30,2024-04-02,2024,4,April,2,93,12,Tuesday,76.14,136.73,13.86,True,Equinox,15,13.86,180,136.73
2024-04-02 13:00:00+05:30,2024-04-02,2024,4,April,2,93,13,Tuesday,78.42,208.46,11.58,True,Equinox,15,11.58,180,208.46
2024-04-02 14:00:00+05:30,2024-04-02,2024,4,April,2,93,14,Tuesday,67.4,245.28,22.6,True,Equinox,15,22.6,180,245.28
2024-04-02 15:00:00+05:30,2024-04-02,2024,4,April,2,93,15,Tuesday,53.66,257.52,36.34,True,Equinox,15,36.34,180,257.52
2024-04-02 16:00:00+05:30,2024-04-02,2024,4,April,2,93,16,Tuesday,39.38,264.01,50.62,True,Equinox,15,50.62,180,264.01
2024-04-02 17:00:00+05:30,2024-04-02,2024,4,April,2,93,17,Tuesday,24.95,268.62,65.05,True,Equinox,15,65.05,180,268.62
2024-04-02 18:00:00+05:30,2024-04-02,2024,4,April,2,93,18,Tuesday,10.5,272.59,79.5,True,Equinox,15,79.5,180,272.59
2024-04-03 07:00:00+05:30,2024-04-03,2024,4,April,3,94,7,Wednesday,6.79,86.2,83.21,True,Equinox,15,83.21,180,86.2
2024-04-03 08:00:00+05:30,2024-04-03,2024,4,April,3,94,8,Wednesday,21.25,90.07,68.75,True,Equinox,15,68.75,180,90.07
2024-04-03 09:00:00+05:30,2024-04-03,2024,4,April,3,94,9,Wednesday,35.71,94.36,54.29,True,Equinox,15,54.29,180,94.36
2024-04-03 10:00:00+05:30,2024-04-03,2024,4,April,3,94,10,Wednesday,50.06,100.04,39.94,True,Equinox,15,39.94,180,100.04
2024-04-03 11:00:00+05:30,2024-04-03,2024,4,April,3,94,11,Wednesday,64.06,109.79,25.94,True,Equinox,15,25.94,180,109.79
2024-04-03 12:00:00+05:30,2024-04-03,2024,4,April,3,94,12,Wednesday,76.47,135.87,13.53,True,Equinox,15,13.53,180,135.87
2024-04-03 13:00:00+05:30,2024-04-03,2024,4,April,3,94,13,Wednesday,78.72,209.69,11.28,True,Equinox,15,11.28,180,209.69
2024-04-03 14:00:00+05:30,2024-04-03,2024,4,April,3,94,14,Wednesday,67.52,246.25,22.48,True,Equinox,15,22.48,180,246.25
2024-04-03 15:00:00+05:30,2024-04-03,2024,4,April,3,94,15,Wednesday,53.71,258.18,36.29,True,Equinox,15,36.29,180,258.18
2024-04-03 16:00:00+05:30,2024-04-03,2024,4,April,3,94,16,Wednesday,39.41,264.51,50.59,True,Equinox,15,50.59,180,264.51
2024-04-03 17:00:00+05:30,2024-04-03,2024,4,April,3,94,17,Wednesday,24.98,269.05,65.02,True,Equinox,15,65.02,180,269.05
2024-04-03 18:00:00+05:30,2024-04-03,2024,4,April,3,94,18,Wednesday,10.52,272.98,79.48,True,Equinox,15,79.48,180,272.98
2024-04-04 07:00:00+05:30,2024-04-04,2024,4,April,4,95,7,Thursday,6.96,85.85,83.04,True,Equinox,15,83.04,180,85.85
2024-04-04 08:00:00+05:30,2024-04-04,2024,4,April,4,95,8,Thursday,21.41,89.69,68.59,True,Equinox,15,68.59,180,89.69
2024-04-04 09:00:00+05:30,2024-04-04,2024,4,April,4,95,9,Thursday,35.87,93.93,54.13,True,Equinox,15,54.13,180,93.93
2024-04-04 10:00:00+05:30,2024-04-04,2024,4,April,4,95,10,Thursday,50.24,99.5,39.76,True,Equinox,15,39.76,180,99.5
2024-04-04 11:00:00+05:30,2024-04-04,2024,4,April,4,95,11,Thursday,64.29,109.06,25.71,True,Equinox,15,25.71,180,109.06
2024-04-04 12:00:00+05:30,2024-04-04,2024,4,April,4,95,12,Thursday,76.8,134.98,13.2,True,Equinox,15,13.2,180,134.98
2024-04-04 13:00:00+05:30,2024-04-04,2024,4,April,4,95,13,Thursday,79.02,210.99,10.98,True,Equinox,15,10.98,180,210.99
2024-04-04 14:00:00+05:30,2024-04-04,2024,4,April,4,95,14,Thursday,67.63,247.22,22.37,True,Equinox,15,22.37,180,247.22
2024-04-04 15:00:00+05:30,2024-04-04,2024,4,April,4,95,15,Thursday,53.76,258.83,36.24,True,Equinox,15,36.24,180,258.83
2024-04-04 16:00:00+05:30,2024-04-04,2024,4,April,4,95,16,Thursday,39.44,265.01,50.56,True,Equinox,15,50.56,180,265.01
2024-04-04 17:00:00+05:30,2024-04-04,2024,4,April,4,95,17,Thursday,25.0,269.47,65.0,True,Equinox,15,65.0,180,269.47
2024-04-04 18:00:00+05:30,2024-04-04,2024,4,April,4,95,18,Thursday,10.55,273.38,79.45,True,Equinox,15,79.45,180,273.38
2024-04-05 07:00:00+05:30,2024-04-05,2024,4,April,5,96,7,Friday,7.12,85.5,82.88,True,Equinox,15,82.88,180,85.5
2024-04-05 08:00:00+05:30,2024-04-05,2024,4,April,5,96,8,Friday,21.58,89.32,68.42,True,Equinox,15,68.42,180,89.32
2024-04-05 09:00:00+05:30,2024-04-05,2024,4,April,5,96,9,Friday,36.04,93.5,53.96,True,Equinox,15,53.96,180,93.5
2024-04-05 10:00:00+05:30,2024-04-05,2024,4,April,5,96,10,Friday,50.42,98.97,39.58,True,Equinox,15,39.58,180,98.97
2024-04-05 11:00:00+05:30,2024-04-05,2024,4,April,5,96,11,Friday,64.5,108.32,25.5,True,Equinox,15,25.5,180,108.32
2024-04-05 12:00:00+05:30,2024-04-05,2024,4,April,5,96,12,Friday,77.13,134.04,12.87,True,Equinox,15,12.87,180,134.04
2024-04-05 13:00:00+05:30,2024-04-05,2024,4,April,5,96,13,Friday,79.31,212.34,10.69,True,Equinox,15,10.69,180,212.34
2024-04-05 14:00:00+05:30,2024-04-05,2024,4,April,5,96,14,Friday,67.73,248.2,22.27,True,Equinox,15,22.27,180,248.2
2024-04-05 15:00:00+05:30,2024-04-05,2024,4,April,5,96,15,Friday,53.81,259.47,36.19,True,Equinox,15,36.19,180,259.47
2024-04-05 16:00:00+05:30,2024-04-05,2024,4,April,5,96,16,Friday,39.47,265.51,50.53,True,Equinox,15,50.53,180,265.51
2024-04-05 17:00:00+05:30,2024-04-05,2024,4,April,5,96,17,Friday,25.03,269.9,64.97,True,Equinox,15,64.97,180,269.9
2024-04-05 18:00:00+05:30,2024-04-05,2024,4,April,5,96,18,Friday,10.58,273.77,79.42,True,Equinox,15,79.42,180,273.77
2024-04-06 07:00:00+05:30,2024-04-06,2024,4,April,6,97,7,Saturday,7.29,85.15,82.71,True,Equinox,15,82.71,180,85.15
2024-04-06 08:00:00+05:30,2024-04-06,2024,4,April,6,97,8,Saturday,21.74,88.94,68.26,True,Equinox,15,68.26,180,88.94
2024-04-06 09:00:00+05:30,2024-04-06,2024,4,April,6,97,9,Saturday,36.2,93.07,53.8,True,Equinox,15,53.8,180,93.07
2024-04-06 10:00:00+05:30,2024-04-06,2024,4,April,6,97,10,Saturday,50.6,98.43,39.4,True,Equinox,15,39.4,180,98.43
2024-04-06 11:00:00+05:30,2024-04-06,2024,4,April,6,97,11,Saturday,64.71,107.57,25.29,True,Equinox,15,25.29,180,107.57
2024-04-06 12:00:00+05:30,2024-04-06,2024,4,April,6,97,12,Saturday,77.44,133.06,12.56,True,Equinox,15,12.56,180,133.06
2024-04-06 13:00:00+05:30,2024-04-06,2024,4,April,6,97,13,Saturday,79.59,213.76,10.41,True,Equinox,15,10.41,180,213.76
2024-04-06 14:00:00+05:30,2024-04-06,2024,4,April,6,97,14,Saturday,67.83,249.19,22.17,True,Equinox,15,22.17,180,249.19
2024-04-06 15:00:00+05:30,2024-04-06,2024,4,April,6,97,15,Saturday,53.86,260.12,36.14,True,Equinox,15,36.14,180,260.12
2024-04-06 16:00:00+05:30,2024-04-06,2024,4,April,6,97,16,Saturday,39.5,266.01,50.5,True,Equinox,15,50.5,180,266.01
2024-04-06 17:00:00+05:30,2024-04-06,2024,4,April,6,97,17,Saturday,25.05,270.32,64.95,True,Equinox,15,64.95,180,270.32
2024-04-06 18:00:00+05:30,2024-04-06,2024,4,April,6,97,18,Saturday,10.6,274.16,79.4,True,Equinox,15,79.4,180,274.16
2024-04-07 07:00:00+05:30,2024-04-07,2024,4,April,7,98,7,Sunday,7.45,84.8,82.55,True,Equinox,15,82.55,180,84.8
2024-04-07 08:00:00+05:30,2024-04-07,2024,4,April,7,98,8,Sunday,21.89,88.57,68.11,True,Equinox,15,68.11,180,88.57
2024-04-07 09:00:00+05:30,2024-04-07,2024,4,April,7,98,9,Sunday,36.36,92.64,53.64,True,Equinox,15,53.64,180,92.64
2024-04-07 10:00:00+05:30,2024-04-07,2024,4,April,7,98,10,Sunday,50.77,97.89,39.23,True,Equinox,15,39.23,180,97.89
2024-04-07 11:00:00+05:30,2024-04-07,2024,4,April,7,98,11,Sunday,64.92,106.81,25.08,True,Equinox,15,25.08,180,106.81
2024-04-07 12:00:00+05:30,2024-04-07,2024,4,April,7,98,12,Sunday,77.76,132.03,12.24,True,Equinox,15,12.24,180,132.03
2024-04-07 13:00:00+05:30,2024-04-07,2024,4,April,7,98,13,Sunday,79.87,215.24,10.13,True,Equinox,15,10.13,180,215.24
2024-04-07 14:00:00+05:30,2024-04-07,2024,4,April,7,98,14,Sunday,67.92,250.17,22.08,True,Equinox,15,22.08,180,250.17
2024-04-07 15:00:00+05:30,2024-04-07,2024,4,April,7,98,15,Sunday,53.9,260.77,36.1,True,Equinox,15,36.1,180,260.77
2024-04-07 16:00:00+05:30,2024-04-07,2024,4,April,7,98,16,Sunday,39.53,266.5,50.47,True,Equinox,15,50.47,180,266.5
2024-04-07 17:00:00+05:30,2024-04-07,2024,4,April,7,98,17,Sunday,25.07,270.74,64.93,True,Equinox,15,64.93,180,270.74
2024-04-07 18:00:00+05:30,2024-04-07,2024,4,April,7,98,18,Sunday,10.63,274.55,79.37,True,Equinox,15,79.37,180,274.55
2024-04-08 07:00:00+05:30,2024-04-08,2024,4,April,8,99,7,Monday,7.61,84.45,82.39,True,Equinox,15,82.39,180,84.45
2024-04-08 08:00:00+05:30,2024-04-08,2024,4,April,8,99,8,Monday,22.05,88.19,67.95,True,Equinox,15,67.95,180,88.19
2024-04-08 09:00:00+05:30,2024-04-08,2024,4,April,8,99,9,Monday,36.52,92.2,53.48,True,Equinox,15,53.48,180,92.2
2024-04-08 10:00:00+05:30,2024-04-08,2024,4,April,8,99,10,Monday,50.93,97.34,39.07,True,Equinox,15,39.07,180,97.34
2024-04-08 11:00:00+05:30,2024-04-08,2024,4,April,8,99,11,Monday,65.11,106.04,24.89,True,Equinox,15,24.89,180,106.04
2024-04-08 12:00:00+05:30,2024-04-08,2024,4,April,8,99,12,Monday,78.06,130.96,11.94,True,Equinox,15,11.94,180,130.96
2024-04-08 13:00:00+05:30,2024-04-08,2024,4,April,8,99,13,Monday,80.14,216.79,9.86,True,Equinox,15,9.86,180,216.79
2024-04-08 14:00:00+05:30,2024-04-08,2024,4,April,8,99,14,Monday,68.01,251.16,21.99,True,Equinox,15,21.99,180,251.16
2024-04-08 15:00:00+05:30,2024-04-08,2024,4,April,8,99,15,Monday,53.94,261.41,36.06,True,Equinox,15,36.06,180,261.41
2024-04-08 16:00:00+05:30,2024-04-08,2024,4,April,8,99,16,Monday,39.55,266.99,50.45,True,Equinox,15,50.45,180,266.99
2024-04-08 17:00:00+05:30,2024-04-08,2024,4,April,8,99,17,Monday,25.09,271.16,64.91,True,Equinox,15,64.91,180,271.16
2024-04-08 18:00:00+05:30,2024-04-08,2024,4,April,8,99,18,Monday,10.66,274.93,79.34,True,Equinox,15,79.34,180,274.93
2024-04-09 07:00:00+05:30,2024-04-09,2024,4,April,9,100,7,Tuesday,7.77,84.1,82.23,True,Equinox,15,82.23,180,84.1
2024-04-09 08:00:00+05:30,2024-04-09,2024,4,April,9,100,8,Tuesday,22.2,87.82,67.8,True,Equinox,15,67.8,180,87.82
2024-04-09 09:00:00+05:30,2024-04-09,2024,4,April,9,100,9,Tuesday,36.67,91.77,53.33,True,Equinox,15,53.33,180,91.77
2024-04-09 10:00:00+05:30,2024-04-09,2024,4,April,9,100,10,Tuesday,51.1,96.8,38.9,True,Equinox,15,38.9,180,96.8
2024-04-09 11:00:00+05:30,2024-04-09,2024,4,April,9,100,11,Tuesday,65.31,105.26,24.69,True,Equinox,15,24.69,180,105.26
2024-04-09 12:00:00+05:30,2024-04-09,2024,4,April,9,100,12,Tuesday,78.36,129.83,11.64,True,Equinox,15,11.64,180,129.83
2024-04-09 13:00:00+05:30,2024-04-09,2024,4,April,9,100,13,Tuesday,80.39,218.42,9.61,True,Equinox,15,9.61,180,218.42
2024-04-09 14:00:00+05:30,2024-04-09,2024,4,April,9,100,14,Tuesday,68.09,252.14,21.91,True,Equinox,15,21.91,180,252.14
2024-04-09 15:00:00+05:30,2024-04-09,2024,4,April,9,100,15,Tuesday,53.97,262.05,36.03,True,Equinox,15,36.03,180,262.05
2024-04-09 16:00:00+05:30,2024-04-09,2024,4,April,9,100,16,Tuesday,39.57,267.48,50.43,True,Equinox,15,50.43,180,267.48
2024-04-09 17:00:00+05:30,2024-04-09,2024,4,April,9,100,17,Tuesday,25.12,271.58,64.88,True,Equinox,15,64.88,180,271.58
2024-04-09 18:00:00+05:30,2024-04-09,2024,4,April,9,100,18,Tuesday,10.68,275.32,79.32,True,Equinox,15,79.32,180,275.32
2024-04-10 07:00:00+05:30,2024-04-10,2024,4,April,10,101,7,Wednesday,7.93,83.76,82.07,True,Equinox,15,82.07,180,83.76
2024-04-10 08:00:00+05:30,2024-04-10,2024,4,April,10,101,8,Wednesday,22.35,87.44,67.65,True,Equinox,15,67.65,180,87.44
2024-04-10 09:00:00+05:30,2024-04-10,2024,4,April,10,101,9,Wednesday,36.82,91.34,53.18,True,Equinox,15,53.18,180,91.34
2024-04-10 10:00:00+05:30,2024-04-10,2024,4,April,10,101,10,Wednesday,51.25,96.26,38.75,True,Equinox,15,38.75,180,96.26
2024-04-10 11:00:00+05:30,2024-04-10,2024,4,April,10,101,11,Wednesday,65.5,104.48,24.5,True,Equinox,15,24.5,180,104.48
2024-04-10 12:00:00+05:30,2024-04-10,2024,4,April,10,101,12,Wednesday,78.65,128.65,11.35,True,Equinox,15,11.35,180,128.65
2024-04-10 13:00:00+05:30,2024-04-10,2024,4,April,10,101,13,Wednesday,80.65,220.12,9.35,True,Equinox,15,9.35,180,220.12
2024-04-10 14:00:00+05:30,2024-04-10,2024,4,April,10,101,14,Wednesday,68.16,253.13,21.84,True,Equinox,15,21.84,180,253.13
2024-04-10 15:00:00+05:30,2024-04-10,2024,4,April,10,101,15,Wednesday,54.01,262.68,35.99,True,Equinox,15,35.99,180,262.68
2024-04-10 16:00:00+05:30,2024-04-10,2024,4,April,10,101,16,Wednesday,39.59,267.97,50.41,True,Equinox,15,50.41,180,267.97
2024-04-10 17:00:00+05:30,2024-04-10,2024,4,April,10,101,17,Wednesday,25.14,271.99,64.86,True,Equinox,15,64.86,180,271.99
2024-04-10 18:00:00+05:30,2024-04-10,2024,4,April,10,101,18,Wednesday,10.71,275.7,79.29,True,Equinox,15,79.29,180,275.7
2024-04-11 07:00:00+05:30,2024-04-11,2024,4,April,11,102,7,Thursday,8.08,83.42,81.92,True,Equinox,15,81.92,180,83.42
2024-04-11 08:00:00+05:30,2024-04-11,2024,4,April,11,102,8,Thursday,22.5,87.07,67.5,True,Equinox,15,67.5,180,87.07
2024-04-11 09:00:00+05:30,2024-04-11,2024,4,April,11,102,9,Thursday,36.96,90.91,53.04,True,Equinox,15,53.04,180,90.91
2024-04-11 10:00:00+05:30,2024-04-11,2024,4,April,11,102,10,Thursday,51.41,95.71,38.59,True,Equinox,15,38.59,180,95.71
2024-04-11 11:00:00+05:30,2024-04-11,2024,4,April,11,102,11,Thursday,65.68,103.69,24.32,True,Equinox,15,24.32,180,103.69
2024-04-11 12:00:00+05:30,2024-04-11,2024,4,April,11,102,12,Thursday,78.94,127.41,11.06,True,Equinox,15,11.06,180,127.41
2024-04-11 13:00:00+05:30,2024-04-11,2024,4,April,11,102,13,Thursday,80.89,221.89,9.11,True,Equinox,15,9.11,180,221.89
2024-04-11 14:00:00+05:30,2024-04-11,2024,4,April,11,102,14,Thursday,68.23,254.12,21.77,True,Equinox,15,21.77,180,254.12
2024-04-11 15:00:00+05:30,2024-04-11,2024,4,April,11,102,15,Thursday,54.04,263.31,35.96,True,Equinox,15,35.96,180,263.31
2024-04-11 16:00:00+05:30,2024-04-11,2024,4,April,11,102,16,Thursday,39.61,268.45,50.39,True,Equinox,15,50.39,180,268.45
2024-04-11 17:00:00+05:30,2024-04-11,2024,4,April,11,102,17,Thursday,25.16,272.4,64.84,True,Equinox,15,64.84,180,272.4
2024-04-11 18:00:00+05:30,2024-04-11,2024,4,April,11,102,18,Thursday,10.74,276.07,79.26,True,Equinox,15,79.26,180,276.07
2024-04-12 07:00:00+05:30,2024-04-12,2024,4,April,12,103,7,Friday,8.24,83.07,81.76,True,Equinox,15,81.76,180,83.07
2024-04-12 08:00:00+05:30,2024-04-12,2024,4,April,12,103,8,Friday,22.65,86.7,67.35,True,Equinox,15,67.35,180,86.7
2024-04-12 09:00:00+05:30,2024-04-12,2024,4,April,12,103,9,Friday,37.11,90.48,52.89,True,Equinox,15,52.89,180,90.48
2024-04-12 10:00:00+05:30,2024-04-12,2024,4,April,12,103,10,Friday,51.56,95.17,38.44,True,Equinox,15,38.44,180,95.17
2024-04-12 11:00:00+05:30,2024-04-12,2024,4,April,12,103,11,Friday,65.85,102.9,24.15,True,Equinox,15,24.15,180,102.9
2024-04-12 12:00:00+05:30,2024-04-12,2024,4,April,12,103,12,Friday,79.22,126.11,10.78,True,Equinox,15,10.78,180,126.11
2024-04-12 13:00:00+05:30,2024-04-12,2024,4,April,12,103,13,Friday,81.12,223.75,8.88,True,Equinox,15,8.88,180,223.75
2024-04-12 14:00:00+05:30,2024-04-12,2024,4,April,12,103,14,Friday,68.3,255.1,21.7,True,Equinox,15,21.7,180,255.1
2024-04-12 15:00:00+05:30,2024-04-12,2024,4,April,12,103,15,Friday,54.07,263.94,35.93,True,Equinox,15,35.93,180,263.94
2024-04-12 16:00:00+05:30,2024-04-12,2024,4,April,12,103,16,Friday,39.63,268.93,50.37,True,Equinox,15,50.37,180,268.93
2024-04-12 17:00:00+05:30,2024-04-12,2024,4,April,12,103,17,Friday,25.18,272.81,64.82,True,Equinox,15,64.82,180,272.81
2024-04-12 18:00:00+05:30,2024-04-12,2024,4,April,12,103,18,Friday,10.76,276.45,79.24,True,Equinox,15,79.24,180,276.45
2024-04-13 07:00:00+05:30,2024-04-13,2024,4,April,13,104,7,Saturday,8.39,82.73,81.61,True,Equinox,15,81.61,180,82.73
2024-04-13 08:00:00+05:30,2024-04-13,2024,4,April,13,104,8,Saturday,22.79,86.33,67.21,True,Equinox,15,67.21,180,86.33
2024-04-13 09:00:00+05:30,2024-04-13,2024,4,April,13,104,9,Saturday,37.25,90.06,52.75,True,Equinox,15,52.75,180,90.06
2024-04-13 10:00:00+05:30,2024-04-13,2024,4,April,13,104,10,Saturday,51.7,94.62,38.3,True,Equinox,15,38.3,180,94.62
2024-04-13 11:00:00+05:30,2024-04-13,2024,4,April,13,104,11,Saturday,66.02,102.09,23.98,True,Equinox,15,23.98,180,102.09
2024-04-13 12:00:00+05:30,2024-04-13,2024,4,April,13,104,12,Saturday,79.49,124.75,10.51,True,Equinox,15,10.51,180,124.75
2024-04-13 13:00:00+05:30,2024-04-13,2024,4,April,13,104,13,Saturday,81.34,225.68,8.66,True,Equinox,15,8.66,180,225.68
2024-04-13 14:00:00+05:30,2024-04-13,2024,4,April,13,104,14,Saturday,68.36,256.09,21.64,True,Equinox,15,21.64,180,256.09
2024-04-13 15:00:00+05:30,2024-04-13,2024,4,April,13,104,15,Saturday,54.09,264.57,35.91,True,Equinox,15,35.91,180,264.57
2024-04-13 16:00:00+05:30,2024-04-13,2024,4,April,13,104,16,Saturday,39.65,269.41,50.35,True,Equinox,15,50.35,180,269.41
2024-04-13 17:00:00+05:30,2024-04-13,2024,4,April,13,104,17,Saturday,25.2,273.22,64.8,True,Equinox,15,64.8,180,273.22
2024-04-13 18:00:00+05:30,2024-04-13,2024,4,April,13,104,18,Saturday,10.79,276.82,79.21,True,Equinox,15,79.21,180,276.82
2024-04-14 07:00:00+05:30,2024-04-14,2024,4,April,14,105,7,Sunday,8.54,82.4,81.46,True,Equinox,15,81.46,180,82.4
2024-04-14 08:00:00+05:30,2024-04-14,2024,4,April,14,105,8,Sunday,22.93,85.97,67.07,True,Equinox,15,67.07,180,85.97
2024-04-14 09:00:00+05:30,2024-04-14,2024,4,April,14,105,9,Sunday,37.38,89.63,52.62,True,Equinox,15,52.62,180,89.63
2024-04-14 10:00:00+05:30,2024-04-14,2024,4,April,14,105,10,Sunday,51.84,94.08,38.16,True,Equinox,15,38.16,180,94.08
2024-04-14 11:00:00+05:30,2024-04-14,2024,4,April,14,105,11,Sunday,66.18,101.29,23.82,True,Equinox,15,23.82,180,101.29
2024-04-14 12:00:00+05:30,2024-04-14,2024,4,April,14,105,12,Sunday,79.75,123.33,10.25,True,Equinox,15,10.25,180,123.33
2024-04-14 13:00:00+05:30,2024-04-14,2024,4,April,14,105,13,Sunday,81.55,227.68,8.45,True,Equinox,15,8.45,180,227.68
2024-04-14 14:00:00+05:30,2024-04-14,2024,4,April,14,105,14,Sunday,68.41,257.07,21.59,True,Equinox,15,21.59,180,257.07
2024-04-14 15:00:00+05:30,2024-04-14,2024,4,April,14,105,15,Sunday,54.11,265.19,35.89,True,Equinox,15,35.89,180,265.19
2024-04-14 16:00:00+05:30,2024-04-14,2024,4,April,14,105,16,Sunday,39.67,269.88,50.33,True,Equinox,15,50.33,180,269.88
2024-04-14 17:00:00+05:30,2024-04-14,2024,4,April,14,105,17,Sunday,25.22,273.62,64.78,True,Equinox,15,64.78,180,273.62
2024-04-14 18:00:00+05:30,2024-04-14,2024,4,April,14,105,18,Sunday,10.82,277.19,79.18,True,Equinox,15,79.18,180,277.19
2024-04-15 07:00:00+05:30,2024-04-15,2024,4,April,15,106,7,Monday,8.68,82.06,81.32,True,Equinox,15,81.32,180,82.06
2024-04-15 08:00:00+05:30,2024-04-15,2024,4,April,15,106,8,Monday,23.07,85.6,66.93,True,Equinox,15,66.93,180,85.6
2024-04-15 09:00:00+05:30,2024-04-15,2024,4,April,15,106,9,Monday,37.52,89.2,52.48,True,Equinox,15,52.48,180,89.2
2024-04-15 10:00:00+05:30,2024-04-15,2024,4,April,15,106,10,Monday,51.98,93.53,38.02,True,Equinox,15,38.02,180,93.53
2024-04-15 11:00:00+05:30,2024-04-15,2024,4,April,15,106,11,Monday,66.34,100.47,23.66,True,Equinox,15,23.66,180,100.47
2024-04-15 12:00:00+05:30,2024-04-15,2024,4,April,15,106,12,Monday,80.0,121.85,10.0,True,Equinox,15,10.0,180,121.85
2024-04-15 13:00:00+05:30,2024-04-15,2024,4,April,15,106,13,Monday,81.75,229.77,8.25,True,Equinox,15,8.25,180,229.77
2024-04-15 14:00:00+05:30,2024-04-15,2024,4,April,15,106,14,Monday,68.46,258.04,21.54,True,Equinox,15,21.54,180,258.04
2024-04-15 15:00:00+05:30,2024-04-15,2024,4,April,15,106,15,Monday,54.13,265.81,35.87,True,Equinox,15,35.87,180,265.81
2024-04-15 16:00:00+05:30,2024-04-15,2024,4,April,15,106,16,Monday,39.68,270.35,50.32,True,Equinox,15,50.32,180,270.35
2024-04-15 17:00:00+05:30,2024-04-15,2024,4,April,15,106,17,Monday,25.24,274.02,64.76,True,Equinox,15,64.76,180,274.02
2024-04-15 18:00:00+05:30,2024-04-15,2024,4,April,15,106,18,Monday,10.85,277.56,79.15,True,Equinox,15,79.15,180,277.56
2024-04-16 07:00:00+05:30,2024-04-16,2024,4,April,16,107,7,Tuesday,8.83,81.73,81.17,True,Equinox,15,81.17,180,81.73
2024-04-16 08:00:00+05:30,2024-04-16,2024,4,April,16,107,8,Tuesday,23.2,85.24,66.8,True,Equinox,15,66.8,180,85.24
2024-04-16 09:00:00+05:30,2024-04-16,2024,4,April,16,107,9,Tuesday,37.65,88.78,52.35,True,Equinox,15,52.35,180,88.78
2024-04-16 10:00:00+05:30,2024-04-16,2024,4,April,16,107,10,Tuesday,52.11,92.99,37.89,True,Equinox,15,37.89,180,92.99
2024-04-16 11:00:00+05:30,2024-04-16,2024,4,April,16,107,11,Tuesday,66.49,99.66,23.51,True,Equinox,15,23.51,180,99.66
2024-04-16 12:00:00+05:30,2024-04-16,2024,4,April,16,107,12,Tuesday,80.24,120.3,9.76,True,Equinox,15,9.76,180,120.3
2024-04-16 13:00:00+05:30,2024-04-16,2024,4,April,16,107,13,Tuesday,81.93,231.93,8.07,True,Equinox,15,8.07,180,231.93
2024-04-16 14:00:00+05:30,2024-04-16,2024,4,April,16,107,14,Tuesday,68.5,259.02,21.5,True,Equinox,15,21.5,180,259.02
2024-04-16 15:00:00+05:30,2024-04-16,2024,4,April,16,107,15,Tuesday,54.15,266.42,35.85,True,Equinox,15,35.85,180,266.42
2024-04-16 16:00:00+05:30,2024-04-16,2024,4,April,16,107,16,Tuesday,39.7,270.82,50.3,True,Equinox,15,50.3,180,270.82
2024-04-16 17:00:00+05:30,2024-04-16,2024,4,April,16,107,17,Tuesday,25.25,274.42,64.75,True,Equinox,15,64.75,180,274.42
2024-04-16 18:00:00+05:30,2024-04-16,2024,4,April,16,107,18,Tuesday,10.88,277.92,79.12,True,Equinox,15,79.12,180,277.92
2024-04-17 07:00:00+05:30,2024-04-17,2024,4,April,17,108,7,Wednesday,8.97,81.39,81.03,True,Equinox,15,81.03,180,81.39
2024-04-17 08:00:00+05:30,2024-04-17,2024,4,April,17,108,8,Wednesday,23.33,84.88,66.67,True,Equinox,15,66.67,180,84.88
2024-04-17 09:00:00+05:30,2024-04-17,2024,4,April,17,108,9,Wednesday,37.77,88.36,52.23,True,Equinox,15,52.23,180,88.36
2024-04-17 10:00:00+05:30,2024-04-17,2024,4,April,17,108,10,Wednesday,52.24,92.44,37.76,True,Equinox,15,37.76,180,92.44
2024-04-17 11:00:00+05:30,2024-04-17,2024,4,April,17,108,11,Wednesday,66.63,98.84,23.37,True,Equinox,15,23.37,180,98.84
2024-04-17 12:00:00+05:30,2024-04-17,2024,4,April,17,108,12,Wednesday,80.47,118.68,9.53,True,Equinox,15,9.53,180,118.68
2024-04-17 13:00:00+05:30,2024-04-17,2024,4,April,17,108,13,Wednesday,82.11,234.17,7.89,True,Equinox,15,7.89,180,234.17
2024-04-17 14:00:00+05:30,2024-04-17,2024,4,April,17,108,14,Wednesday,68.54,259.98,21.46,True,Equinox,15,21.46,180,259.98
2024-04-17 15:00:00+05:30,2024-04-17,2024,4,April,17,108,15,Wednesday,54.17,267.03,35.83,True,Equinox,15,35.83,180,267.03
2024-04-17 16:00:00+05:30,2024-04-17,2024,4,April,17,108,16,Wednesday,39.71,271.28,50.29,True,Equinox,15,50.29,180,271.28
2024-04-17 17:00:00+05:30,2024-04-17,2024,4,April,17,108,17,Wednesday,25.27,274.81,64.73,True,Equinox,15,64.73,180,274.81
2024-04-17 18:00:00+05:30,2024-04-17,2024,4,April,17,108,18,Wednesday,10.91,278.28,79.09,True,Equinox,15,79.09,180,278.28
2024-04-18 07:00:00+05:30,2024-04-18,2024,4,April,18,109,7,Thursday,9.11,81.06,80.89,True,Equinox,15,80.89,180,81.06
2024-04-18 08:00:00+05:30,2024-04-18,2024,4,April,18,109,8,Thursday,23.46,84.52,66.54,True,Equinox,15,66.54,180,84.52
2024-04-18 09:00:00+05:30,2024-04-18,2024,4,April,18,109,9,Thursday,37.89,87.94,52.11,True,Equinox,15,52.11,180,87.94
2024-04-18 10:00:00+05:30,2024-04-18,2024,4,April,18,109,10,Thursday,52.36,91.9,37.64,True,Equinox,15,37.64,180,91.9
2024-04-18 11:00:00+05:30,2024-04-18,2024,4,April,18,109,11,Thursday,66.77,98.01,23.23,True,Equinox,15,23.23,180,98.01
2024-04-18 12:00:00+05:30,2024-04-18,2024,4,April,18,109,12,Thursday,80.69,117.0,9.31,True,Equinox,15,9.31,180,117.0
2024-04-18 13:00:00+05:30,2024-04-18,2024,4,April,18,109,13,Thursday,82.27,236.48,7.73,True,Equinox,15,7.73,180,236.48
2024-04-18 14:00:00+05:30,2024-04-18,2024,4,April,18,109,14,Thursday,68.58,260.94,21.42,True,Equinox,15,21.42,180,260.94
2024-04-18 15:00:00+05:30,2024-04-18,2024,4,April,18,109,15,Thursday,54.18,267.63,35.82,True,Equinox,15,35.82,180,267.63
2024-04-18 16:00:00+05:30,2024-04-18,2024,4,April,18,109,16,Thursday,39.73,271.74,50.27,True,Equinox,15,50.27,180,271.74
2024-04-18 17:00:00+05:30,2024-04-18,2024,4,April,18,109,17,Thursday,25.29,275.2,64.71,True,Equinox,15,64.71,180,275.2
2024-04-18 18:00:00+05:30,2024-04-18,2024,4,April,18,109,18,Thursday,10.94,278.64,79.06,True,Equinox,15,79.06,180,278.64
2024-04-19 07:00:00+05:30,2024-04-19,2024,4,April,19,110,7,Friday,9.24,80.74,80.76,True,Equinox,15,80.76,180,80.74
2024-04-19 08:00:00+05:30,2024-04-19,2024,4,April,19,110,8,Friday,23.58,84.16,66.42,True,Equinox,15,66.42,180,84.16
2024-04-19 09:00:00+05:30,2024-04-19,2024,4,April,19,110,9,Friday,38.01,87.52,51.99,True,Equinox,15,51.99,180,87.52
2024-04-19 10:00:00+05:30,2024-04-19,2024,4,April,19,110,10,Friday,52.47,91.36,37.53,True,Equinox,15,37.53,180,91.36
2024-04-19 11:00:00+05:30,2024-04-19,2024,4,April,19,110,11,Friday,66.9,97.19,23.1,True,Equinox,15,23.1,180,97.19
2024-04-19 12:00:00+05:30,2024-04-19,2024,4,April,19,110,12,Friday,80.9,115.25,9.1,True,Equinox,15,9.1,180,115.25
2024-04-19 13:00:00+05:30,2024-04-19,2024,4,April,19,110,13,Friday,82.42,238.86,7.58,True,Equinox,15,7.58,180,238.86
2024-04-19 14:00:00+05:30,2024-04-19,2024,4,April,19,110,14,Friday,68.61,261.9,21.39,True,Equinox,15,21.39,180,261.9
2024-04-19 15:00:00+05:30,2024-04-19,2024,4,April,19,110,15,Friday,54.2,268.23,35.8,True,Equinox,15,35.8,180,268.23
2024-04-19 16:00:00+05:30,2024-04-19,2024,4,April,19,110,16,Friday,39.74,272.19,50.26,True,Equinox,15,50.26,180,272.19
2024-04-19 17:00:00+05:30,2024-04-19,2024,4,April,19,110,17,Friday,25.31,275.58,64.69,True,Equinox,15,64.69,180,275.58
2024-04-19 18:00:00+05:30,2024-04-19,2024,4,April,19,110,18,Friday,10.97,279.0,79.03,True,Equinox,15,79.03,180,279.0
2024-04-20 07:00:00+05:30,2024-04-20,2024,4,April,20,111,7,Saturday,9.38,80.41,80.62,True,Equinox,15,80.62,180,80.41
2024-04-20 08:00:00+05:30,2024-04-20,2024,4,April,20,111,8,Saturday,23.71,83.81,66.29,True,Equinox,15,66.29,180,83.81
2024-04-20 09:00:00+05:30,2024-04-20,2024,4,April,20,111,9,Saturday,38.12,87.1,51.88,True,Equinox,15,51.88,180,87.1
2024-04-20 10:00:00+05:30,2024-04-20,2024,4,April,20,111,10,Saturday,52.59,90.82,37.41,True,Equinox,15,37.41,180,90.82
2024-04-20 11:00:00+05:30,2024-04-20,2024,4,April,20,111,11,Saturday,67.02,96.36,22.98,True,Equinox,15,22.98,180,96.36
2024-04-20 12:00:00+05:30,2024-04-20,2024,4,April,20,111,12,Saturday,81.1,113.43,8.9,True,Equinox,15,8.9,180,113.43
2024-04-20 13:00:00+05:30,2024-04-20,2024,4,April,20,111,13,Saturday,82.55,241.3,7.45,True,Equinox,15,7.45,180,241.3
2024-04-20 14:00:00+05:30,2024-04-20,2024,4,April,20,111,14,Saturday,68.63,262.84,21.37,True,Equinox,15,21.37,180,262.84
2024-04-20 15:00:00+05:30,2024-04-20,2024,4,April,20,111,15,Saturday,54.21,268.82,35.79,True,Equinox,15,35.79,180,268.82
2024-04-20 16:00:00+05:30,2024-04-20,2024,4,April,20,111,16,Saturday,39.75,272.64,50.25,True,Equinox,15,50.25,180,272.64
2024-04-20 17:00:00+05:30,2024-04-20,2024,4,April,20,111,17,Saturday,25.33,275.97,64.67,True,Equinox,15,64.67,180,275.97
2024-04-20 18:00:00+05:30,2024-04-20,2024,4,April,20,111,18,Saturday,11.0,279.35,79.0,True,Equinox,15,79.0,180,279.35
2024-04-21 07:00:00+05:30,2024-04-21,2024,4,April,21,112,7,Sunday,9.51,80.09,80.49,True,Equinox,15,80.49,180,80.09
2024-04-21 08:00:00+05:30,2024-04-21,2024,4,April,21,112,8,Sunday,23.82,83.46,66.18,True,Equinox,15,66.18,180,83.46
2024-04-21 09:00:00+05:30,2024-04-21,2024,4,April,21,112,9,Sunday,38.24,86.69,51.76,True,Equinox,15,51.76,180,86.69
2024-04-21 10:00:00+05:30,2024-04-21,2024,4,April,21,112,10,Sunday,52.69,90.28,37.31,True,Equinox,15,37.31,180,90.28
2024-04-21 11:00:00+05:30,2024-04-21,2024,4,April,21,112,11,Sunday,67.14,95.53,22.86,True,Equinox,15,22.86,180,95.53
2024-04-21 12:00:00+05:30,2024-04-21,2024,4,April,21,112,12,Sunday,81.29,111.54,8.71,True,Equinox,15,8.71,180,111.54
2024-04-21 13:00:00+05:30,2024-04-21,2024,4,April,21,112,13,Sunday,82.67,243.79,7.33,True,Equinox,15,7.33,180,243.79
2024-04-21 14:00:00+05:30,2024-04-21,2024,4,April,21,112,14,Sunday,68.65,263.78,21.35,True,Equinox,15,21.35,180,263.78
2024-04-21 15:00:00+05:30,2024-04-21,2024,4,April,21,112,15,Sunday,54.22,269.4,35.78,True,Equinox,15,35.78,180,269.4
2024-04-21 16:00:00+05:30,2024-04-21,2024,4,April,21,112,16,Sunday,39.76,273.09,50.24,True,Equinox,15,50.24,180,273.09
2024-04-21 17:00:00+05:30,2024-04-21,2024,4,April,21,112,17,Sunday,25.35,276.34,64.65,True,Equinox,15,64.65,180,276.34
2024-04-21 18:00:00+05:30,2024-04-21,2024,4,April,21,112,18,Sunday,11.03,279.69,78.97,True,Equinox,15,78.97,180,279.69
2024-04-22 07:00:00+05:30,2024-04-22,2024,4,April,22,113,7,Monday,9.63,79.77,80.37,True,Equinox,15,80.37,180,79.77
2024-04-22 08:00:00+05:30,2024-04-22,2024,4,April,22,113,8,Monday,23.94,83.11,66.06,True,Equinox,15,66.06,180,83.11
2024-04-22 09:00:00+05:30,2024-04-22,2024,4,April,22,113,9,Monday,38.34,86.28,51.66,True,Equinox,15,51.66,180,86.28
2024-04-22 10:00:00+05:30,2024-04-22,2024,4,April,22,113,10,Monday,52.8,89.75,37.2,True,Equinox,15,37.2,180,89.75
2024-04-22 11:00:00+05:30,2024-04-22,2024,4,April,22,113,11,Monday,67.25,94.7,22.75,True,Equinox,15,22.75,180,94.7
2024-04-22 12:00:00+05:30,2024-04-22,2024,4,April,22,113,12,Monday,81.46,109.6,8.54,True,Equinox,15,8.54,180,109.6
2024-04-22 13:00:00+05:30,2024-04-22,2024,4,April,22,113,13,Monday,82.78,246.33,7.22,True,Equinox,15,7.22,180,246.33
2024-04-22 14:00:00+05:30,2024-04-22,2024,4,April,22,113,14,Monday,68.67,264.71,21.33,True,Equinox,15,21.33,180,264.71
2024-04-22 15:00:00+05:30,2024-04-22,2024,4,April,22,113,15,Monday,54.22,269.98,35.78,True,Equinox,15,35.78,180,269.98
2024-04-22 16:00:00+05:30,2024-04-22,2024,4,April,22,113,16,Monday,39.77,273.53,50.23,True,Equinox,15,50.23,180,273.53
2024-04-22 17:00:00+05:30,2024-04-22,2024,4,April,22,113,17,Monday,25.37,276.72,64.63,True,Equinox,15,64.63,180,276.72
2024-04-22 18:00:00+05:30,2024-04-22,2024,4,April,22,113,18,Monday,11.06,280.04,78.94,True,Equinox,15,78.94,180,280.04
2024-04-23 07:00:00+05:30,2024-04-23,2024,4,April,23,114,7,Tuesday,9.76,79.45,80.24,True,Equinox,15,80.24,180,79.45
2024-04-23 08:00:00+05:30,2024-04-23,2024,4,April,23,114,8,Tuesday,24.05,82.76,65.95,True,Equinox,15,65.95,180,82.76
2024-04-23 09:00:00+05:30,2024-04-23,2024,4,April,23,114,9,Tuesday,38.44,85.87,51.56,True,Equinox,15,51.56,180,85.87
2024-04-23 10:00:00+05:30,2024-04-23,2024,4,April,23,114,10,Tuesday,52.89,89.22,37.11,True,Equinox,15,37.11,180,89.22
2024-04-23 11:00:00+05:30,2024-04-23,2024,4,April,23,114,11,Tuesday,67.35,93.87,22.65,True,Equinox,15,22.65,180,93.87
2024-04-23 12:00:00+05:30,2024-04-23,2024,4,April,23,114,12,Tuesday,81.62,107.59,8.38,True,Equinox,15,8.38,180,107.59
2024-04-23 13:00:00+05:30,2024-04-23,2024,4,April,23,114,13,Tuesday,82.88,248.92,7.12,True,Equinox,15,7.12,180,248.92
2024-04-23 14:00:00+05:30,2024-04-23,2024,4,April,23,114,14,Tuesday,68.68,265.63,21.32,True,Equinox,15,21.32,180,265.63
2024-04-23 15:00:00+05:30,2024-04-23,2024,4,April,23,114,15,Tuesday,54.23,270.56,35.77,True,Equinox,15,35.77,180,270.56
2024-04-23 16:00:00+05:30,2024-04-23,2024,4,April,23,114,16,Tuesday,39.78,273.96,50.22,True,Equinox,15,50.22,180,273.96
2024-04-23 17:00:00+05:30,2024-04-23,2024,4,April,23,114,17,Tuesday,25.39,277.09,64.61,True,Equinox,15,64.61,180,277.09
2024-04-23 18:00:00+05:30,2024-04-23,2024,4,April,23,114,18,Tuesday,11.1,280.38,78.9,True,Equinox,15,78.9,180,280.38
2024-04-24 07:00:00+05:30,2024-04-24,2024,4,April,24,115,7,Wednesday,9.88,79.14,80.12,True,Equinox,15,80.12,180,79.14
2024-04-24 08:00:00+05:30,2024-04-24,2024,4,April,24,115,8,Wednesday,24.16,82.41,65.84,True,Equinox,15,65.84,180,82.41
2024-04-24 09:00:00+05:30,2024-04-24,2024,4,April,24,115,9,Wednesday,38.54,85.46,51.46,True,Equinox,15,51.46,180,85.46
2024-04-24 10:00:00+05:30,2024-04-24,2024,4,April,24,115,10,Wednesday,52.99,88.69,37.01,True,Equinox,15,37.01,180,88.69
2024-04-24 11:00:00+05:30,2024-04-24,2024,4,April,24,115,11,Wednesday,67.45,93.05,22.55,True,Equinox,15,22.55,180,93.05
2024-04-24 12:00:00+05:30,2024-04-24,2024,4,April,24,115,12,Wednesday,81.77,105.53,8.23,True,Equinox,15,8.23,180,105.53
2024-04-24 13:00:00+05:30,2024-04-24,2024,4,April,24,115,13,Wednesday,82.95,251.53,7.05,True,Equinox,15,7.05,180,251.53
2024-04-24 14:00:00+05:30,2024-04-24,2024,4,April,24,115,14,Wednesday,68.69,266.55,21.31,True,Equinox,15,21.31,180,266.55
2024-04-24 15:00:00+05:30,2024-04-24,2024,4,April,24,115,15,Wednesday,54.24,271.12,35.76,True,Equinox,15,35.76,180,271.12
2024-04-24 16:00:00+05:30,2024-04-24,2024,4,April,24,115,16,Wednesday,39.79,274.39,50.21,True,Equinox,15,50.21,180,274.39
2024-04-24 17:00:00+05:30,2024-04-24,2024,4,April,24,115,17,Wednesday,25.41,277.45,64.59,True,Equinox,15,64.59,180,277.45
2024-04-24 18:00:00+05:30,2024-04-24,2024,4,April,24,115,18,Wednesday,11.13,280.71,78.87,True,Equinox,15,78.87,180,280.71
2024-04-25 07:00:00+05:30,2024-04-25,2024,4,April,25,116,7,Thursday,10.0,78.83,80.0,True,Equinox,15,80.0,180,78.83
2024-04-25 08:00:00+05:30,2024-04-25,2024,4,April,25,116,8,Thursday,24.26,82.07,65.74,True,Equinox,15,65.74,180,82.07
2024-04-25 09:00:00+05:30,2024-04-25,2024,4,April,25,116,9,Thursday,38.64,85.06,51.36,True,Equinox,15,51.36,180,85.06
2024-04-25 10:00:00+05:30,2024-04-25,2024,4,April,25,116,10,Thursday,53.08,88.16,36.92,True,Equinox,15,36.92,180,88.16
2024-04-25 11:00:00+05:30,2024-04-25,2024,4,April,25,116,11,Thursday,67.54,92.22,22.46,True,Equinox,15,22.46,180,92.22
2024-04-25 12:00:00+05:30,2024-04-25,2024,4,April,25,116,12,Thursday,81.9,103.41,8.1,True,Equinox,15,8.1,180,103.41
2024-04-25 13:00:00+05:30,2024-04-25,2024,4,April,25,116,13,Thursday,83.02,254.16,6.98,True,Equinox,15,6.98,180,254.16
2024-04-25 14:00:00+05:30,2024-04-25,2024,4,April,25,116,14,Thursday,68.7,267.45,21.3,True,Equinox,15,21.3,180,267.45
2024-04-25 15:00:00+05:30,2024-04-25,2024,4,April,25,116,15,Thursday,54.24,271.68,35.76,True,Equinox,15,35.76,180,271.68
2024-04-25 16:00:00+05:30,2024-04-25,2024,4,April,25,116,16,Thursday,39.8,274.82,50.2,True,Equinox,15,50.2,180,274.82
2024-04-25 17:00:00+05:30,2024-04-25,2024,4,April,25,116,17,Thursday,25.43,277.82,64.57,True,Equinox,15,64.57,180,277.82
2024-04-25 18:00:00+05:30,2024-04-25,2024,4,April,25,116,18,Thursday,11.17,281.04,78.83,True,Equinox,15,78.83,180,281.04
2024-04-26 07:00:00+05:30,2024-04-26,2024,4,April,26,117,7,Friday,10.11,78.52,79.89,True,Equinox,15,79.89,180,78.52
2024-04-26 08:00:00+05:30,2024-04-26,2024,4,April,26,117,8,Friday,24.36,81.73,65.64,True,Equinox,15,65.64,180,81.73
2024-04-26 09:00:00+05:30,2024-04-26,2024,4,April,26,117,9,Friday,38.73,84.66,51.27,True,Equinox,15,51.27,180,84.66
2024-04-26 10:00:00+05:30,2024-04-26,2024,4,April,26,117,10,Friday,53.16,87.64,36.84,True,Equinox,15,36.84,180,87.64
2024-04-26 11:00:00+05:30,2024-04-26,2024,4,April,26,117,11,Friday,67.62,91.4,22.38,True,Equinox,15,22.38,180,91.4
2024-04-26 12:00:00+05:30,2024-04-26,2024,4,April,26,117,12,Friday,82.02,101.26,7.98,True,Equinox,15,7.98,180,101.26
2024-04-26 13:00:00+05:30,2024-04-26,2024,4,April,26,117,13,Friday,83.07,256.81,6.93,True,Equinox,15,6.93,180,256.81
2024-04-26 14:00:00+05:30,2024-04-26,2024,4,April,26,117,14,Friday,68.7,268.34,21.3,True,Equinox,15,21.3,180,268.34
2024-04-26 15:00:00+05:30,2024-04-26,2024,4,April,26,117,15,Friday,54.24,272.24,35.76,True,Equinox,15,35.76,180,272.24
2024-04-26 16:00:00+05:30,2024-04-26,2024,4,April,26,117,16,Friday,39.81,275.24,50.19,True,Equinox,15,50.19,180,275.24
2024-04-26 17:00:00+05:30,2024-04-26,2024,4,April,26,117,17,Friday,25.45,278.17,64.55,True,Equinox,15,64.55,180,278.17
2024-04-26 18:00:00+05:30,2024-04-26,2024,4,April,26,117,18,Friday,11.2,281.37,78.8,True,Equinox,15,78.8,180,281.37
2024-04-27 07:00:00+05:30,2024-04-27,2024,4,April,27,118,7,Saturday,10.22,78.21,79.78,True,Equinox,15,79.78,180,78.21
2024-04-27 08:00:00+05:30,2024-04-27,2024,4,April,27,118,8,Saturday,24.46,81.4,65.54,True,Equinox,15,65.54,180,81.4
2024-04-27 09:00:00+05:30,2024-04-27,2024,4,April,27,118,9,Saturday,38.81,84.27,51.19,True,Equinox,15,51.19,180,84.27
2024-04-27 10:00:00+05:30,2024-04-27,2024,4,April,27,118,10,Saturday,53.24,87.12,36.76,True,Equinox,15,36.76,180,87.12
2024-04-27 11:00:00+05:30,2024-04-27,2024,4,April,27,118,11,Saturday,67.7,90.58,22.3,True,Equinox,15,22.3,180,90.58
2024-04-27 12:00:00+05:30,2024-04-27,2024,4,April,27,118,12,Saturday,82.12,99.06,7.88,True,Equinox,15,7.88,180,99.06
2024-04-27 13:00:00+05:30,2024-04-27,2024,4,April,27,118,13,Saturday,83.11,259.45,6.89,True,Equinox,15,6.89,180,259.45
2024-04-27 14:00:00+05:30,2024-04-27,2024,4,April,27,118,14,Saturday,68.7,269.22,21.3,True,Equinox,15,21.3,180,269.22
2024-04-27 15:00:00+05:30,2024-04-27,2024,4,April,27,118,15,Saturday,54.24,272.78,35.76,True,Equinox,15,35.76,180,272.78
2024-04-27 16:00:00+05:30,2024-04-27,2024,4,April,27,118,16,Saturday,39.82,275.66,50.18,True,Equinox,15,50.18,180,275.66
2024-04-27 17:00:00+05:30,2024-04-27,2024,4,April,27,118,17,Saturday,25.47,278.53,64.53,True,Equinox,15,64.53,180,278.53
2024-04-27 18:00:00+05:30,2024-04-27,2024,4,April,27,118,18,Saturday,11.24,281.7,78.76,True,Equinox,15,78.76,180,281.7
2024-04-28 07:00:00+05:30,2024-04-28,2024,4,April,28,119,7,Sunday,10.33,77.91,79.67,True,Equinox,15,79.67,180,77.91
2024-04-28 08:00:00+05:30,2024-04-28,2024,4,April,28,119,8,Sunday,24.56,81.06,65.44,True,Equinox,15,65.44,180,81.06
2024-04-28 09:00:00+05:30,2024-04-28,2024,4,April,28,119,9,Sunday,38.9,83.87,51.1,True,Equinox,15,51.1,180,83.87
2024-04-28 10:00:00+05:30,2024-04-28,2024,4,April,28,119,10,Sunday,53.31,86.6,36.69,True,Equinox,15,36.69,180,86.6
2024-04-28 11:00:00+05:30,2024-04-28,2024,4,April,28,119,11,Sunday,67.77,89.76,22.23,True,Equinox,15,22.23,180,89.76
2024-04-28 12:00:00+05:30,2024-04-28,2024,4,April,28,119,12,Sunday,82.21,96.83,7.79,True,Equinox,15,7.79,180,96.83
2024-04-28 13:00:00+05:30,2024-04-28,2024,4,April,28,119,13,Sunday,83.13,262.08,6.87,True,Equinox,15,6.87,180,262.08
2024-04-28 14:00:00+05:30,2024-04-28,2024,4,April,28,119,14,Sunday,68.7,270.09,21.3,True,Equinox,15,21.3,180,270.09
2024-04-28 15:00:00+05:30,2024-04-28,2024,4,April,28,119,15,Sunday,54.25,273.33,35.75,True,Equinox,15,35.75,180,273.33
2024-04-28 16:00:00+05:30,2024-04-28,2024,4,April,28,119,16,Sunday,39.83,276.07,50.17,True,Equinox,15,50.17,180,276.07
2024-04-28 17:00:00+05:30,2024-04-28,2024,4,April,28,119,17,Sunday,25.5,278.87,64.5,True,Equinox,15,64.5,180,278.87
2024-04-28 18:00:00+05:30,2024-04-28,2024,4,April,28,119,18,Sunday,11.27,282.01,78.73,True,Equinox,15,78.73,180,282.01
2024-04-29 07:00:00+05:30,2024-04-29,2024,4,April,29,120,7,Monday,10.44,77.61,79.56,True,Equinox,15,79.56,180,77.61
2024-04-29 08:00:00+05:30,2024-04-29,2024,4,April,29,120,8,Monday,24.65,80.73,65.35,True,Equinox,15,65.35,180,80.73
2024-04-29 09:00:00+05:30,2024-04-29,2024,4,April,29,120,9,Monday,38.98,83.48,51.02,True,Equinox,15,51.02,180,83.48
2024-04-29 10:00:00+05:30,2024-04-29,2024,4,April,29,120,10,Monday,53.38,86.09,36.62,True,Equinox,15,36.62,180,86.09
2024-04-29 11:00:00+05:30,2024-04-29,2024,4,April,29,120,11,Monday,67.83,88.95,22.17,True,Equinox,15,22.17,180,88.95
2024-04-29 12:00:00+05:30,2024-04-29,2024,4,April,29,120,12,Monday,82.29,94.59,7.71,True,Equinox,15,7.71,180,94.59
2024-04-29 13:00:00+05:30,2024-04-29,2024,4,April,29,120,13,Monday,83.15,264.69,6.85,True,Equinox,15,6.85,180,264.69
2024-04-29 14:00:00+05:30,2024-04-29,2024,4,April,29,120,14,Monday,68.7,270.95,21.3,True,Equinox,15,21.3,180,270.95
2024-04-29 15:00:00+05:30,2024-04-29,2024,4,April,29,120,15,Monday,54.25,273.86,35.75,True,Equinox,15,35.75,180,273.86
2024-04-29 16:00:00+05:30,2024-04-29,2024,4,April,29,120,16,Monday,39.85,276.47,50.15,True,Equinox,15,50.15,180,276.47
2024-04-29 17:00:00+05:30,2024-04-29,2024,4,April,29,120,17,Monday,25.52,279.22,64.48,True,Equinox,15,64.48,180,279.22
2024-04-29 18:00:00+05:30,2024-04-29,2024,4,April,29,120,18,Monday,11.31,282.33,78.69,True,Equinox,15,78.69,180,282.33
2024-04-30 07:00:00+05:30,2024-04-30,2024,4,April,30,121,7,Tuesday,10.54,77.31,79.46,True,Equinox,15,79.46,180,77.31
2024-04-30 08:00:00+05:30,2024-04-30,2024,4,April,30,121,8,Tuesday,24.73,80.41,65.27,True,Equinox,15,65.27,180,80.41
2024-04-30 09:00:00+05:30,2024-04-30,2024,4,April,30,121,9,Tuesday,39.05,83.1,50.95,True,Equinox,15,50.95,180,83.1
2024-04-30 10:00:00+05:30,2024-04-30,2024,4,April,30,121,10,Tuesday,53.44,85.59,36.56,True,Equinox,15,36.56,180,85.59
2024-04-30 11:00:00+05:30,2024-04-30,2024,4,April,30,121,11,Tuesday,67.88,88.15,22.12,True,Equinox,15,22.12,180,88.15
2024-04-30 12:00:00+05:30,2024-04-30,2024,4,April,30,121,12,Tuesday,82.35,92.33,7.65,True,Equinox,15,7.65,180,92.33
2024-04-30 13:00:00+05:30,2024-04-30,2024,4,April,30,121,13,Tuesday,83.15,267.28,6.85,True,Equinox,15,6.85,180,267.28
2024-04-30 14:00:00+05:30,2024-04-30,2024,4,April,30,121,14,Tuesday,68.69,271.8,21.31,True,Equinox,15,21.31,180,271.8
2024-04-30 15:00:00+05:30,2024-04-30,2024,4,April,30,121,15,Tuesday,54.25,274.39,35.75,True,Equinox,15,35.75,180,274.39
2024-04-30 16:00:00+05:30,2024-04-30,2024,4,April,30,121,16,Tuesday,39.86,276.87,50.14,True,Equinox,15,50.14,180,276.87
2024-04-30 17:00:00+05:30,2024-04-30,2024,4,April,30,121,17,Tuesday,25.54,279.56,64.46,True,Equinox,15,64.46,180,279.56
2024-04-30 18:00:00+05:30,2024-04-30,2024,4,April,30,121,18,Tuesday,11.35,282.64,78.65,True,Equinox,15,78.65,180,282.64
2024-05-01 07:00:00+05:30,2024-05-01,2024,5,May,1,122,7,Wednesday,10.64,77.02,79.36,True,Summer,0,79.36,180,77.02
2024-05-01 08:00:00+05:30,2024-05-01,2024,5,May,1,122,8,Wednesday,24.82,80.09,65.18,True,Summer,0,65.18,180,80.09
2024-05-01 09:00:00+05:30,2024-05-01,2024,5,May,1,122,9,Wednesday,39.12,82.72,50.88,True,Summer,0,50.88,180,82.72
2024-05-01 10:00:00+05:30,2024-05-01,2024,5,May,1,122,10,Wednesday,53.5,85.08,36.5,True,Summer,0,36.5,180,85.08
2024-05-01 11:00:00+05:30,2024-05-01,2024,5,May,1,122,11,Wednesday,67.93,87.35,22.07,True,Summer,0,22.07,180,87.35
2024-05-01 12:00:00+05:30,2024-05-01,2024,5,May,1,122,12,Wednesday,82.39,90.07,7.61,True,Summer,0,7.61,180,90.07
2024-05-01 13:00:00+05:30,2024-05-01,2024,5,May,1,122,13,Wednesday,83.14,269.82,6.86,True,Summer,0,6.86,180,269.82
2024-05-01 14:00:00+05:30,2024-05-01,2024,5,May,1,122,14,Wednesday,68.68,272.63,21.32,True,Summer,0,21.32,180,272.63
2024-05-01 15:00:00+05:30,2024-05-01,2024,5,May,1,122,15,Wednesday,54.25,274.9,35.75,True,Summer,0,35.75,180,274.9
2024-05-01 16:00:00+05:30,2024-05-01,2024,5,May,1,122,16,Wednesday,39.87,277.27,50.13,True,Summer,0,50.13,180,277.27
2024-05-01 17:00:00+05:30,2024-05-01,2024,5,May,1,122,17,Wednesday,25.57,279.89,64.43,True,Summer,0,64.43,180,279.89
2024-05-01 18:00:00+05:30,2024-05-01,2024,5,May,1,122,18,Wednesday,11.39,282.95,78.61,True,Summer,0,78.61,180,282.95
2024-05-02 07:00:00+05:30,2024-05-02,2024,5,May,2,123,7,Thursday,10.73,76.73,79.27,True,Summer,0,79.27,180,76.73
2024-05-02 08:00:00+05:30,2024-05-02,2024,5,May,2,123,8,Thursday,24.9,79.77,65.1,True,Summer,0,65.1,180,79.77
2024-05-02 09:00:00+05:30,2024-05-02,2024,5,May,2,123,9,Thursday,39.19,82.34,50.81,True,Summer,0,50.81,180,82.34
2024-05-02 10:00:00+05:30,2024-05-02,2024,5,May,2,123,10,Thursday,53.56,84.59,36.44,True,Summer,0,36.44,180,84.59
2024-05-02 11:00:00+05:30,2024-05-02,2024,5,May,2,123,11,Thursday,67.98,86.56,22.02,True,Summer,0,22.02,180,86.56
2024-05-02 12:00:00+05:30,2024-05-02,2024,5,May,2,123,12,Thursday,82.43,87.81,7.57,True,Summer,0,7.57,180,87.81
2024-05-02 13:00:00+05:30,2024-05-02,2024,5,May,2,123,13,Thursday,83.11,272.31,6.89,True,Summer,0,6.89,180,272.31
2024-05-02 14:00:00+05:30,2024-05-02,2024,5,May,2,123,14,Thursday,68.67,273.45,21.33,True,Summer,0,21.33,180,273.45
2024-05-02 15:00:00+05:30,2024-05-02,2024,5,May,2,123,15,Thursday,54.25,275.42,35.75,True,Summer,0,35.75,180,275.42
2024-05-02 16:00:00+05:30,2024-05-02,2024,5,May,2,123,16,Thursday,39.88,277.66,50.12,True,Summer,0,50.12,180,277.66
2024-05-02 17:00:00+05:30,2024-05-02,2024,5,May,2,123,17,Thursday,25.59,280.22,64.41,True,Summer,0,64.41,180,280.22
2024-05-02 18:00:00+05:30,2024-05-02,2024,5,May,2,123,18,Thursday,11.43,283.25,78.57,True,Summer,0,78.57,180,283.25
2024-05-03 07:00:00+05:30,2024-05-03,2024,5,May,3,124,7,Friday,10.82,76.44,79.18,True,Summer,0,79.18,180,76.44
2024-05-03 08:00:00+05:30,2024-05-03,2024,5,May,3,124,8,Friday,24.97,79.45,65.03,True,Summer,0,65.03,180,79.45
2024-05-03 09:00:00+05:30,2024-05-03,2024,5,May,3,124,9,Friday,39.25,81.97,50.75,True,Summer,0,50.75,180,81.97
2024-05-03 10:00:00+05:30,2024-05-03,2024,5,May,3,124,10,Friday,53.61,84.1,36.39,True,Summer,0,36.39,180,84.1
2024-05-03 11:00:00+05:30,2024-05-03,2024,5,May,3,124,11,Friday,68.01,85.78,21.99,True,Summer,0,21.99,180,85.78
2024-05-03 12:00:00+05:30,2024-05-03,2024,5,May,3,124,12,Friday,82.44,85.58,7.56,True,Summer,0,7.56,180,85.58
2024-05-03 13:00:00+05:30,2024-05-03,2024,5,May,3,124,13,Friday,83.08,274.75,6.92,True,Summer,0,6.92,180,274.75
2024-05-03 14:00:00+05:30,2024-05-03,2024,5,May,3,124,14,Friday,68.65,274.26,21.35,True,Summer,0,21.35,180,274.26
2024-05-03 15:00:00+05:30,2024-05-03,2024,5,May,3,124,15,Friday,54.25,275.92,35.75,True,Summer,0,35.75,180,275.92
2024-05-03 16:00:00+05:30,2024-05-03,2024,5,May,3,124,16,Friday,39.89,278.04,50.11,True,Summer,0,50.11,180,278.04
2024-05-03 17:00:00+05:30,2024-05-03,2024,5,May,3,124,17,Friday,25.62,280.55,64.38,True,Summer,0,64.38,180,280.55
2024-05-03 18:00:00+05:30,2024-05-03,2024,5,May,3,124,18,Friday,11.48,283.54,78.52,True,Summer,0,78.52,180,283.54
2024-05-04 07:00:00+05:30,2024-05-04,2024,5,May,4,125,7,Saturday,10.91,76.16,79.09,True,Summer,0,79.09,180,76.16
2024-05-04 08:00:00+05:30,2024-05-04,2024,5,May,4,125,8,Saturday,25.04,79.14,64.96,True,Summer,0,64.96,180,79.14
2024-05-04 09:00:00+05:30,2024-05-04,2024,5,May,4,125,9,Saturday,39.31,81.6,50.69,True,Summer,0,50.69,180,81.6
2024-05-04 10:00:00+05:30,2024-05-04,2024,5,May,4,125,10,Saturday,53.65,83.61,36.35,True,Summer,0,36.35,180,83.61
2024-05-04 11:00:00+05:30,2024-05-04,2024,5,May,4,125,11,Saturday,68.04,85.01,21.96,True,Summer,0,21.96,180,85.01
2024-05-04 12:00:00+05:30,2024-05-04,2024,5,May,4,125,12,Saturday,82.45,83.37,7.55,True,Summer,0,7.55,180,83.37
2024-05-04 13:00:00+05:30,2024-05-04,2024,5,May,4,125,13,Saturday,83.04,277.12,6.96,True,Summer,0,6.96,180,277.12
2024-05-04 14:00:00+05:30,2024-05-04,2024,5,May,4,125,14,Saturday,68.64,275.06,21.36,True,Summer,0,21.36,180,275.06
2024-05-04 15:00:00+05:30,2024-05-04,2024,5,May,4,125,15,Saturday,54.25,276.42,35.75,True,Summer,0,35.75,180,276.42
2024-05-04 16:00:00+05:30,2024-05-04,2024,5,May,4,125,16,Saturday,39.9,278.42,50.1,True,Summer,0,50.1,180,278.42
2024-05-04 17:00:00+05:30,2024-05-04,2024,5,May,4,125,17,Saturday,25.65,280.87,64.35,True,Summer,0,64.35,180,280.87
2024-05-04 18:00:00+05:30,2024-05-04,2024,5,May,4,125,18,Saturday,11.52,283.84,78.48,True,Summer,0,78.48,180,283.84
2024-05-05 07:00:00+05:30,2024-05-05,2024,5,May,5,126,7,Sunday,11.0,75.88,79.0,True,Summer,0,79.0,180,75.88
2024-05-05 08:00:00+05:30,2024-05-05,2024,5,May,5,126,8,Sunday,25.11,78.83,64.89,True,Summer,0,64.89,180,78.83
2024-05-05 09:00:00+05:30,2024-05-05,2024,5,May,5,126,9,Sunday,39.36,81.23,50.64,True,Summer,0,50.64,180,81.23
2024-05-05 10:00:00+05:30,2024-05-05,2024,5,May,5,126,10,Sunday,53.69,83.13,36.31,True,Summer,0,36.31,180,83.13
2024-05-05 11:00:00+05:30,2024-05-05,2024,5,May,5,126,11,Sunday,68.07,84.24,21.93,True,Summer,0,21.93,180,84.24
2024-05-05 12:00:00+05:30,2024-05-05,2024,5,May,5,126,12,Sunday,82.44,81.19,7.56,True,Summer,0,7.56,180,81.19
2024-05-05 13:00:00+05:30,2024-05-05,2024,5,May,5,126,13,Sunday,82.99,279.44,7.01,True,Summer,0,7.01,180,279.44
2024-05-05 14:00:00+05:30,2024-05-05,2024,5,May,5,126,14,Sunday,68.62,275.84,21.38,True,Summer,0,21.38,180,275.84
2024-05-05 15:00:00+05:30,2024-05-05,2024,5,May,5,126,15,Sunday,54.25,276.9,35.75,True,Summer,0,35.75,180,276.9
2024-05-05 16:00:00+05:30,2024-05-05,2024,5,May,5,126,16,Sunday,39.92,278.79,50.08,True,Summer,0,50.08,180,278.79
2024-05-05 17:00:00+05:30,2024-05-05,2024,5,May,5,126,17,Sunday,25.68,281.18,64.32,True,Summer,0,64.32,180,281.18
2024-05-05 18:00:00+05:30,2024-05-05,2024,5,May,5,126,18,Sunday,11.56,284.12,78.44,True,Summer,0,78.44,180,284.12
2024-05-06 07:00:00+05:30,2024-05-06,2024,5,May,6,127,7,Monday,11.08,75.6,78.92,True,Summer,0,78.92,180,75.6
2024-05-06 08:00:00+05:30,2024-05-06,2024,5,May,6,127,8,Monday,25.18,78.53,64.82,True,Summer,0,64.82,180,78.53
2024-05-06 09:00:00+05:30,2024-05-06,2024,5,May,6,127,9,Monday,39.41,80.88,50.59,True,Summer,0,50.59,180,80.88
2024-05-06 10:00:00+05:30,2024-05-06,2024,5,May,6,127,10,Monday,53.73,82.66,36.27,True,Summer,0,36.27,180,82.66
2024-05-06 11:00:00+05:30,2024-05-06,2024,5,May,6,127,11,Monday,68.09,83.49,21.91,True,Summer,0,21.91,180,83.49
2024-05-06 12:00:00+05:30,2024-05-06,2024,5,May,6,127,12,Monday,82.42,79.06,7.58,True,Summer,0,7.58,180,79.06
2024-05-06 13:00:00+05:30,2024-05-06,2024,5,May,6,127,13,Monday,82.93,281.68,7.07,True,Summer,0,7.07,180,281.68
2024-05-06 14:00:00+05:30,2024-05-06,2024,5,May,6,127,14,Monday,68.61,276.61,21.39,True,Summer,0,21.39,180,276.61
2024-05-06 15:00:00+05:30,2024-05-06,2024,5,May,6,127,15,Monday,54.25,277.38,35.75,True,Summer,0,35.75,180,277.38
2024-05-06 16:00:00+05:30,2024-05-06,2024,5,May,6,127,16,Monday,39.93,279.15,50.07,True,Summer,0,50.07,180,279.15
2024-05-06 17:00:00+05:30,2024-05-06,2024,5,May,6,127,17,Monday,25.7,281.49,64.3,True,Summer,0,64.3,180,281.49
2024-05-06 18:00:00+05:30,2024-05-06,2024,5,May,6,127,18,Monday,11.61,284.41,78.39,True,Summer,0,78.39,180,284.41
2024-05-07 07:00:00+05:30,2024-05-07,2024,5,May,7,128,7,Tuesday,11.15,75.33,78.85,True,Summer,0,78.85,180,75.33
2024-05-07 08:00:00+05:30,2024-05-07,2024,5,May,7,128,8,Tuesday,25.24,78.23,64.76,True,Summer,0,64.76,180,78.23
2024-05-07 09:00:00+05:30,2024-05-07,2024,5,May,7,128,9,Tuesday,39.46,80.52,50.54,True,Summer,0,50.54,180,80.52
2024-05-07 10:00:00+05:30,2024-05-07,2024,5,May,7,128,10,Tuesday,53.76,82.2,36.24,True,Summer,0,36.24,180,82.2
2024-05-07 11:00:00+05:30,2024-05-07,2024,5,May,7,128,11,Tuesday,68.1,82.75,21.9,True,Summer,0,21.9,180,82.75
2024-05-07 12:00:00+05:30,2024-05-07,2024,5,May,7,128,12,Tuesday,82.39,76.99,7.61,True,Summer,0,7.61,180,76.99
2024-05-07 13:00:00+05:30,2024-05-07,2024,5,May,7,128,13,Tuesday,82.86,283.84,7.14,True,Summer,0,7.14,180,283.84
2024-05-07 14:00:00+05:30,2024-05-07,2024,5,May,7,128,14,Tuesday,68.59,277.36,21.41,True,Summer,0,21.41,180,277.36
2024-05-07 15:00:00+05:30,2024-05-07,2024,5,May,7,128,15,Tuesday,54.25,277.86,35.75,True,Summer,0,35.75,180,277.86
2024-05-07 16:00:00+05:30,2024-05-07,2024,5,May,7,128,16,Tuesday,39.95,279.51,50.05,True,Summer,0,50.05,180,279.51
2024-05-07 17:00:00+05:30,2024-05-07,2024,5,May,7,128,17,Tuesday,25.73,281.79,64.27,True,Summer,0,64.27,180,281.79
2024-05-07 18:00:00+05:30,2024-05-07,2024,5,May,7,128,18,Tuesday,11.66,284.68,78.34,True,Summer,0,78.34,180,284.68
2024-05-08 07:00:00+05:30,2024-05-08,2024,5,May,8,129,7,Wednesday,11.23,75.06,78.77,True,Summer,0,78.77,180,75.06
2024-05-08 08:00:00+05:30,2024-05-08,2024,5,May,8,129,8,Wednesday,25.29,77.94,64.71,True,Summer,0,64.71,180,77.94
2024-05-08 09:00:00+05:30,2024-05-08,2024,5,May,8,129,9,Wednesday,39.5,80.17,50.5,True,Summer,0,50.5,180,80.17
2024-05-08 10:00:00+05:30,2024-05-08,2024,5,May,8,129,10,Wednesday,53.78,81.74,36.22,True,Summer,0,36.22,180,81.74
2024-05-08 11:00:00+05:30,2024-05-08,2024,5,May,8,129,11,Wednesday,68.11,82.02,21.89,True,Summer,0,21.89,180,82.02
2024-05-08 12:00:00+05:30,2024-05-08,2024,5,May,8,129,12,Wednesday,82.34,74.97,7.66,True,Summer,0,7.66,180,74.97
2024-05-08 13:00:00+05:30,2024-05-08,2024,5,May,8,129,13,Wednesday,82.79,285.94,7.21,True,Summer,0,7.21,180,285.94
2024-05-08 14:00:00+05:30,2024-05-08,2024,5,May,8,129,14,Wednesday,68.57,278.1,21.43,True,Summer,0,21.43,180,278.1
2024-05-08 15:00:00+05:30,2024-05-08,2024,5,May,8,129,15,Wednesday,54.25,278.32,35.75,True,Summer,0,35.75,180,278.32
2024-05-08 16:00:00+05:30,2024-05-08,2024,5,May,8,129,16,Wednesday,39.96,279.87,50.04,True,Summer,0,50.04,180,279.87
2024-05-08 17:00:00+05:30,2024-05-08,2024,5,May,8,129,17,Wednesday,25.77,282.09,64.23,True,Summer,0,64.23,180,282.09
2024-05-08 18:00:00+05:30,2024-05-08,2024,5,May,8,129,18,Wednesday,11.7,284.95,78.3,True,Summer,0,78.3,180,284.95
2024-05-09 07:00:00+05:30,2024-05-09,2024,5,May,9,130,7,Thursday,11.3,74.8,78.7,True,Summer,0,78.7,180,74.8
2024-05-09 08:00:00+05:30,2024-05-09,2024,5,May,9,130,8,Thursday,25.35,77.65,64.65,True,Summer,0,64.65,180,77.65
2024-05-09 09:00:00+05:30,2024-05-09,2024,5,May,9,130,9,Thursday,39.54,79.83,50.46,True,Summer,0,50.46,180,79.83
2024-05-09 10:00:00+05:30,2024-05-09,2024,5,May,9,130,10,Thursday,53.81,81.29,36.19,True,Summer,0,36.19,180,81.29
2024-05-09 11:00:00+05:30,2024-05-09,2024,5,May,9,130,11,Thursday,68.11,81.31,21.89,True,Summer,0,21.89,180,81.31
2024-05-09 12:00:00+05:30,2024-05-09,2024,5,May,9,130,12,Thursday,82.29,73.01,7.71,True,Summer,0,7.71,180,73.01
2024-05-09 13:00:00+05:30,2024-05-09,2024,5,May,9,130,13,Thursday,82.71,287.96,7.29,True,Summer,0,7.29,180,287.96
2024-05-09 14:00:00+05:30,2024-05-09,2024,5,May,9,130,14,Thursday,68.55,278.83,21.45,True,Summer,0,21.45,180,278.83
2024-05-09 15:00:00+05:30,2024-05-09,2024,5,May,9,130,15,Thursday,54.25,278.78,35.75,True,Summer,0,35.75,180,278.78
2024-05-09 16:00:00+05:30,2024-05-09,2024,5,May,9,130,16,Thursday,39.98,280.21,50.02,True,Summer,0,50.02,180,280.21
2024-05-09 17:00:00+05:30,2024-05-09,2024,5,May,9,130,17,Thursday,25.8,282.39,64.2,True,Summer,0,64.2,180,282.39
2024-05-09 18:00:00+05:30,2024-05-09,2024,5,May,9,130,18,Thursday,11.75,285.22,78.25,True,Summer,0,78.25,180,285.22
2024-05-10 07:00:00+05:30,2024-05-10,2024,5,May,10,131,7,Friday,11.36,74.54,78.64,True,Summer,0,78.64,180,74.54
2024-05-10 08:00:00+05:30,2024-05-10,2024,5,May,10,131,8,Friday,25.4,77.36,64.6,True,Summer,0,64.6,180,77.36
2024-05-10 09:00:00+05:30,2024-05-10,2024,5,May,10,131,9,Friday,39.57,79.49,50.43,True,Summer,0,50.43,180,79.49
2024-05-10 10:00:00+05:30,2024-05-10,2024,5,May,10,131,10,Friday,53.82,80.85,36.18,True,Summer,0,36.18,180,80.85
2024-05-10 11:00:00+05:30,2024-05-10,2024,5,May,10,131,11,Friday,68.11,80.6,21.89,True,Summer,0,21.89,180,80.6
2024-05-10 12:00:00+05:30,2024-05-10,2024,5,May,10,131,12,Friday,82.23,71.13,7.77,True,Summer,0,7.77,180,71.13
2024-05-10 13:00:00+05:30,2024-05-10,2024,5,May,10,131,13,Friday,82.63,289.9,7.37,True,Summer,0,7.37,180,289.9
2024-05-10 14:00:00+05:30,2024-05-10,2024,5,May,10,131,14,Friday,68.53,279.54,21.47,True,Summer,0,21.47,180,279.54
2024-05-10 15:00:00+05:30,2024-05-10,2024,5,May,10,131,15,Friday,54.25,279.22,35.75,True,Summer,0,35.75,180,279.22
2024-05-10 16:00:00+05:30,2024-05-10,2024,5,May,10,131,16,Friday,40.0,280.55,50.0,True,Summer,0,50.0,180,280.55
2024-05-10 17:00:00+05:30,2024-05-10,2024,5,May,10,131,17,Friday,25.83,282.67,64.17,True,Summer,0,64.17,180,282.67
2024-05-10 18:00:00+05:30,2024-05-10,2024,5,May,10,131,18,Friday,11.8,285.48,78.2,True,Summer,0,78.2,180,285.48
2024-05-11 07:00:00+05:30,2024-05-11,2024,5,May,11,132,7,Saturday,11.43,74.29,78.57,True,Summer,0,78.57,180,74.29
2024-05-11 08:00:00+05:30,2024-05-11,2024,5,May,11,132,8,Saturday,25.44,77.08,64.56,True,Summer,0,64.56,180,77.08
2024-05-11 09:00:00+05:30,2024-05-11,2024,5,May,11,132,9,Saturday,39.6,79.16,50.4,True,Summer,0,50.4,180,79.16
2024-05-11 10:00:00+05:30,2024-05-11,2024,5,May,11,132,10,Saturday,53.84,80.41,36.16,True,Summer,0,36.16,180,80.41
2024-05-11 11:00:00+05:30,2024-05-11,2024,5,May,11,132,11,Saturday,68.1,79.92,21.9,True,Summer,0,21.9,180,79.92
2024-05-11 12:00:00+05:30,2024-05-11,2024,5,May,11,132,12,Saturday,82.16,69.31,7.84,True,Summer,0,7.84,180,69.31
2024-05-11 13:00:00+05:30,2024-05-11,2024,5,May,11,132,13,Saturday,82.54,291.76,7.46,True,Summer,0,7.46,180,291.76
2024-05-11 14:00:00+05:30,2024-05-11,2024,5,May,11,132,14,Saturday,68.51,280.24,21.49,True,Summer,0,21.49,180,280.24
2024-05-11 15:00:00+05:30,2024-05-11,2024,5,May,11,132,15,Saturday,54.25,279.66,35.75,True,Summer,0,35.75,180,279.66
2024-05-11 16:00:00+05:30,2024-05-11,2024,5,May,11,132,16,Saturday,40.02,280.89,49.98,True,Summer,0,49.98,180,280.89
2024-05-11 17:00:00+05:30,2024-05-11,2024,5,May,11,132,17,Saturday,25.86,282.95,64.14,True,Summer,0,64.14,180,282.95
2024-05-11 18:00:00+05:30,2024-05-11,2024,5,May,11,132,18,Saturday,11.85,285.74,78.15,True,Summer,0,78.15,180,285.74
2024-05-12 07:00:00+05:30,2024-05-12,2024,5,May,12,133,7,Sunday,11.49,74.04,78.51,True,Summer,0,78.51,180,74.04
2024-05-12 08:00:00+05:30,2024-05-12,2024,5,May,12,133,8,Sunday,25.49,76.8,64.51,True,Summer,0,64.51,180,76.8
2024-05-12 09:00:00+05:30,2024-05-12,2024,5,May,12,133,9,Sunday,39.63,78.84,50.37,True,Summer,0,50.37,180,78.84
2024-05-12 10:00:00+05:30,2024-05-12,2024,5,May,12,133,10,Sunday,53.85,79.98,36.15,True,Summer,0,36.15,180,79.98
2024-05-12 11:00:00+05:30,2024-05-12,2024,5,May,12,133,11,Sunday,68.09,79.24,21.91,True,Summer,0,21.91,180,79.24
2024-05-12 12:00:00+05:30,2024-05-12,2024,5,May,12,133,12,Sunday,82.08,67.57,7.92,True,Summer,0,7.92,180,67.57
2024-05-12 13:00:00+05:30,2024-05-12,2024,5,May,12,133,13,Sunday,82.45,293.56,7.55,True,Summer,0,7.55,180,293.56
2024-05-12 14:00:00+05:30,2024-05-12,2024,5,May,12,133,14,Sunday,68.48,280.92,21.52,True,Summer,0,21.52,180,280.92
2024-05-12 15:00:00+05:30,2024-05-12,2024,5,May,12,133,15,Sunday,54.25,280.09,35.75,True,Summer,0,35.75,180,280.09
2024-05-12 16:00:00+05:30,2024-05-12,2024,5,May,12,133,16,Sunday,40.03,281.21,49.97,True,Summer,0,49.97,180,281.21
2024-05-12 17:00:00+05:30,2024-05-12,2024,5,May,12,133,17,Sunday,25.9,283.23,64.1,True,Summer,0,64.1,180,283.23
2024-05-12 18:00:00+05:30,2024-05-12,2024,5,May,12,133,18,Sunday,11.9,285.99,78.1,True,Summer,0,78.1,180,285.99
2024-05-13 07:00:00+05:30,2024-05-13,2024,5,May,13,134,7,Monday,11.54,73.79,78.46,True,Summer,0,78.46,180,73.79
2024-05-13 08:00:00+05:30,2024-05-13,2024,5,May,13,134,8,Monday,25.53,76.53,64.47,True,Summer,0,64.47,180,76.53
2024-05-13 09:00:00+05:30,2024-05-13,2024,5,May,13,134,9,Monday,39.65,78.52,50.35,True,Summer,0,50.35,180,78.52
2024-05-13 10:00:00+05:30,2024-05-13,2024,5,May,13,134,10,Monday,53.86,79.57,36.14,True,Summer,0,36.14,180,79.57
2024-05-13 11:00:00+05:30,2024-05-13,2024,5,May,13,134,11,Monday,68.07,78.58,21.93,True,Summer,0,21.93,180,78.58
2024-05-13 12:00:00+05:30,2024-05-13,2024,5,May,13,134,12,Monday,81.99,65.91,8.01,True,Summer,0,8.01,180,65.91
2024-05-13 13:00:00+05:30,2024-05-13,2024,5,May,13,134,13,Monday,82.35,295.27,7.65,True,Summer,0,7.65,180,295.27
2024-05-13 14:00:00+05:30,2024-05-13,2024,5,May,13,134,14,Monday,68.46,281.59,21.54,True,Summer,0,21.54,180,281.59
2024-05-13 15:00:00+05:30,2024-05-13,2024,5,May,13,134,15,Monday,54.25,280.51,35.75,True,Summer,0,35.75,180,280.51
2024-05-13 16:00:00+05:30,2024-05-13,2024,5,May,13,134,16,Monday,40.05,281.53,49.95,True,Summer,0,49.95,180,281.53
2024-05-13 17:00:00+05:30,2024-05-13,2024,5,May,13,134,17,Monday,25.93,283.5,64.07,True,Summer,0,64.07,180,283.5
2024-05-13 18:00:00+05:30,2024-05-13,2024,5,May,13,134,18,Monday,11.95,286.23,78.05,True,Summer,0,78.05,180,286.23
2024-05-14 07:00:00+05:30,2024-05-14,2024,5,May,14,135,7,Tuesday,11.59,73.55,78.41,True,Summer,0,78.41,180,73.55
2024-05-14 08:00:00+05:30,2024-05-14,2024,5,May,14,135,8,Tuesday,25.56,76.27,64.44,True,Summer,0,64.44,180,76.27
2024-05-14 09:00:00+05:30,2024-05-14,2024,5,May,14,135,9,Tuesday,39.67,78.2,50.33,True,Summer,0,50.33,180,78.2
2024-05-14 10:00:00+05:30,2024-05-14,2024,5,May,14,135,10,Tuesday,53.86,79.16,36.14,True,Summer,0,36.14,180,79.16
2024-05-14 11:00:00+05:30,2024-05-14,2024,5,May,14,135,11,Tuesday,68.05,77.94,21.95,True,Summer,0,21.95,180,77.94
2024-05-14 12:00:00+05:30,2024-05-14,2024,5,May,14,135,12,Tuesday,81.9,64.32,8.1,True,Summer,0,8.1,180,64.32
2024-05-14 13:00:00+05:30,2024-05-14,2024,5,May,14,135,13,Tuesday,82.26,296.92,7.74,True,Summer,0,7.74,180,296.92
2024-05-14 14:00:00+05:30,2024-05-14,2024,5,May,14,135,14,Tuesday,68.44,282.24,21.56,True,Summer,0,21.56,180,282.24
2024-05-14 15:00:00+05:30,2024-05-14,2024,5,May,14,135,15,Tuesday,54.26,280.92,35.74,True,Summer,0,35.74,180,280.92
2024-05-14 16:00:00+05:30,2024-05-14,2024,5,May,14,135,16,Tuesday,40.07,281.84,49.93,True,Summer,0,49.93,180,281.84
2024-05-14 17:00:00+05:30,2024-05-14,2024,5,May,14,135,17,Tuesday,25.97,283.76,64.03,True,Summer,0,64.03,180,283.76
2024-05-14 18:00:00+05:30,2024-05-14,2024,5,May,14,135,18,Tuesday,12.01,286.47,77.99,True,Summer,0,77.99,180,286.47
2024-05-15 07:00:00+05:30,2024-05-15,2024,5,May,15,136,7,Wednesday,11.64,73.31,78.36,True,Summer,0,78.36,180,73.31
2024-05-15 08:00:00+05:30,2024-05-15,2024,5,May,15,136,8,Wednesday,25.6,76.01,64.4,True,Summer,0,64.4,180,76.01
2024-05-15 09:00:00+05:30,2024-05-15,2024,5,May,15,136,9,Wednesday,39.69,77.9,50.31,True,Summer,0,50.31,180,77.9
2024-05-15 10:00:00+05:30,2024-05-15,2024,5,May,15,136,10,Wednesday,53.86,78.76,36.14,True,Summer,0,36.14,180,78.76
2024-05-15 11:00:00+05:30,2024-05-15,2024,5,May,15,136,11,Wednesday,68.02,77.31,21.98,True,Summer,0,21.98,180,77.31
2024-05-15 12:00:00+05:30,2024-05-15,2024,5,May,15,136,12,Wednesday,81.8,62.81,8.2,True,Summer,0,8.2,180,62.81
2024-05-15 13:00:00+05:30,2024-05-15,2024,5,May,15,136,13,Wednesday,82.16,298.5,7.84,True,Summer,0,7.84,180,298.5
2024-05-15 14:00:00+05:30,2024-05-15,2024,5,May,15,136,14,Wednesday,68.42,282.88,21.58,True,Summer,0,21.58,180,282.88
2024-05-15 15:00:00+05:30,2024-05-15,2024,5,May,15,136,15,Wednesday,54.26,281.32,35.74,True,Summer,0,35.74,180,281.32
2024-05-15 16:00:00+05:30,2024-05-15,2024,5,May,15,136,16,Wednesday,40.1,282.15,49.9,True,Summer,0,49.9,180,282.15
2024-05-15 17:00:00+05:30,2024-05-15,2024,5,May,15,136,17,Wednesday,26.01,284.02,63.99,True,Summer,0,63.99,180,284.02
2024-05-15 18:00:00+05:30,2024-05-15,2024,5,May,15,136,18,Wednesday,12.06,286.71,77.94,True,Summer,0,77.94,180,286.71
2024-05-16 07:00:00+05:30,2024-05-16,2024,5,May,16,137,7,Thursday,11.69,73.08,78.31,True,Summer,0,78.31,180,73.08
2024-05-16 08:00:00+05:30,2024-05-16,2024,5,May,16,137,8,Thursday,25.62,75.75,64.38,True,Summer,0,64.38,180,75.75
2024-05-16 09:00:00+05:30,2024-05-16,2024,5,May,16,137,9,Thursday,39.7,77.6,50.3,True,Summer,0,50.3,180,77.6
2024-05-16 10:00:00+05:30,2024-05-16,2024,5,May,16,137,10,Thursday,53.85,78.36,36.15,True,Summer,0,36.15,180,78.36
2024-05-16 11:00:00+05:30,2024-05-16,2024,5,May,16,137,11,Thursday,67.99,76.7,22.01,True,Summer,0,22.01,180,76.7
2024-05-16 12:00:00+05:30,2024-05-16,2024,5,May,16,137,12,Thursday,81.69,61.38,8.31,True,Summer,0,8.31,180,61.38
2024-05-16 13:00:00+05:30,2024-05-16,2024,5,May,16,137,13,Thursday,82.06,300.01,7.94,True,Summer,0,7.94,180,300.01
2024-05-16 14:00:00+05:30,2024-05-16,2024,5,May,16,137,14,Thursday,68.4,283.5,21.6,True,Summer,0,21.6,180,283.5
2024-05-16 15:00:00+05:30,2024-05-16,2024,5,May,16,137,15,Thursday,54.27,281.72,35.73,True,Summer,0,35.73,180,281.72
2024-05-16 16:00:00+05:30,2024-05-16,2024,5,May,16,137,16,Thursday,40.12,282.45,49.88,True,Summer,0,49.88,180,282.45
2024-05-16 17:00:00+05:30,2024-05-16,2024,5,May,16,137,17,Thursday,26.04,284.27,63.96,True,Summer,0,63.96,180,284.27
2024-05-16 18:00:00+05:30,2024-05-16,2024,5,May,16,137,18,Thursday,12.11,286.93,77.89,True,Summer,0,77.89,180,286.93
2024-05-17 07:00:00+05:30,2024-05-17,2024,5,May,17,138,7,Friday,11.73,72.85,78.27,True,Summer,0,78.27,180,72.85
2024-05-17 08:00:00+05:30,2024-05-17,2024,5,May,17,138,8,Friday,25.65,75.51,64.35,True,Summer,0,64.35,180,75.51
2024-05-17 09:00:00+05:30,2024-05-17,2024,5,May,17,138,9,Friday,39.71,77.3,50.29,True,Summer,0,50.29,180,77.3
2024-05-17 10:00:00+05:30,2024-05-17,2024,5,May,17,138,10,Friday,53.85,77.98,36.15,True,Summer,0,36.15,180,77.98
2024-05-17 11:00:00+05:30,2024-05-17,2024,5,May,17,138,11,Friday,67.96,76.11,22.04,True,Summer,0,22.04,180,76.11
2024-05-17 12:00:00+05:30,2024-05-17,2024,5,May,17,138,12,Friday,81.59,60.03,8.41,True,Summer,0,8.41,180,60.03
2024-05-17 13:00:00+05:30,2024-05-17,2024,5,May,17,138,13,Friday,81.96,301.45,8.04,True,Summer,0,8.04,180,301.45
2024-05-17 14:00:00+05:30,2024-05-17,2024,5,May,17,138,14,Friday,68.38,284.11,21.62,True,Summer,0,21.62,180,284.11
2024-05-17 15:00:00+05:30,2024-05-17,2024,5,May,17,138,15,Friday,54.27,282.1,35.73,True,Summer,0,35.73,180,282.1
2024-05-17 16:00:00+05:30,2024-05-17,2024,5,May,17,138,16,Friday,40.14,282.74,49.86,True,Summer,0,49.86,180,282.74
2024-05-17 17:00:00+05:30,2024-05-17,2024,5,May,17,138,17,Friday,26.08,284.52,63.92,True,Summer,0,63.92,180,284.52
2024-05-17 18:00:00+05:30,2024-05-17,2024,5,May,17,138,18,Friday,12.17,287.16,77.83,True,Summer,0,77.83,180,287.16
2024-05-18 07:00:00+05:30,2024-05-18,2024,5,May,18,139,7,Saturday,11.77,72.63,78.23,True,Summer,0,78.23,180,72.63
2024-05-18 08:00:00+05:30,2024-05-18,2024,5,May,18,139,8,Saturday,25.67,75.26,64.33,True,Summer,0,64.33,180,75.26
2024-05-18 09:00:00+05:30,2024-05-18,2024,5,May,18,139,9,Saturday,39.72,77.02,50.28,True,Summer,0,50.28,180,77.02
2024-05-18 10:00:00+05:30,2024-05-18,2024,5,May,18,139,10,Saturday,53.84,77.61,36.16,True,Summer,0,36.16,180,77.61
2024-05-18 11:00:00+05:30,2024-05-18,2024,5,May,18,139,11,Saturday,67.92,75.53,22.08,True,Summer,0,22.08,180,75.53
2024-05-18 12:00:00+05:30,2024-05-18,2024,5,May,18,139,12,Saturday,81.47,58.74,8.53,True,Summer,0,8.53,180,58.74
2024-05-18 13:00:00+05:30,2024-05-18,2024,5,May,18,139,13,Saturday,81.85,302.83,8.15,True,Summer,0,8.15,180,302.83
2024-05-18 14:00:00+05:30,2024-05-18,2024,5,May,18,139,14,Saturday,68.36,284.7,21.64,True,Summer,0,21.64,180,284.7
2024-05-18 15:00:00+05:30,2024-05-18,2024,5,May,18,139,15,Saturday,54.28,282.48,35.72,True,Summer,0,35.72,180,282.48
2024-05-18 16:00:00+05:30,2024-05-18,2024,5,May,18,139,16,Saturday,40.17,283.02,49.83,True,Summer,0,49.83,180,283.02
2024-05-18 17:00:00+05:30,2024-05-18,2024,5,May,18,139,17,Saturday,26.12,284.76,63.88,True,Summer,0,63.88,180,284.76
2024-05-18 18:00:00+05:30,2024-05-18,2024,5,May,18,139,18,Saturday,12.22,287.37,77.78,True,Summer,0,77.78,180,287.37
2024-05-19 07:00:00+05:30,2024-05-19,2024,5,May,19,140,7,Sunday,11.8,72.42,78.2,True,Summer,0,78.2,180,72.42
2024-05-19 08:00:00+05:30,2024-05-19,2024,5,May,19,140,8,Sunday,25.69,75.02,64.31,True,Summer,0,64.31,180,75.02
2024-05-19 09:00:00+05:30,2024-05-19,2024,5,May,19,140,9,Sunday,39.72,76.74,50.28,True,Summer,0,50.28,180,76.74
2024-05-19 10:00:00+05:30,2024-05-19,2024,5,May,19,140,10,Sunday,53.82,77.25,36.18,True,Summer,0,36.18,180,77.25
2024-05-19 11:00:00+05:30,2024-05-19,2024,5,May,19,140,11,Sunday,67.88,74.97,22.12,True,Summer,0,22.12,180,74.97
2024-05-19 12:00:00+05:30,2024-05-19,2024,5,May,19,140,12,Sunday,81.36,57.53,8.64,True,Summer,0,8.64,180,57.53
2024-05-19 13:00:00+05:30,2024-05-19,2024,5,May,19,140,13,Sunday,81.75,304.15,8.25,True,Summer,0,8.25,180,304.15
2024-05-19 14:00:00+05:30,2024-05-19,2024,5,May,19,140,14,Sunday,68.34,285.28,21.66,True,Summer,0,21.66,180,285.28
2024-05-19 15:00:00+05:30,2024-05-19,2024,5,May,19,140,15,Sunday,54.29,282.84,35.71,True,Summer,0,35.71,180,282.84
2024-05-19 16:00:00+05:30,2024-05-19,2024,5,May,19,140,16,Sunday,40.19,283.3,49.81,True,Summer,0,49.81,180,283.3
2024-05-19 17:00:00+05:30,2024-05-19,2024,5,May,19,140,17,Sunday,26.16,284.99,63.84,True,Summer,0,63.84,180,284.99
2024-05-19 18:00:00+05:30,2024-05-19,2024,5,May,19,140,18,Sunday,12.28,287.58,77.72,True,Summer,0,77.72,180,287.58
2024-05-20 07:00:00+05:30,2024-05-20,2024,5,May,20,141,7,Monday,11.84,72.2,78.16,True,Summer,0,78.16,180,72.2
2024-05-20 08:00:00+05:30,2024-05-20,2024,5,May,20,141,8,Monday,25.71,74.79,64.29,True,Summer,0,64.29,180,74.79
2024-05-20 09:00:00+05:30,2024-05-20,2024,5,May,20,141,9,Monday,39.72,76.47,50.28,True,Summer,0,50.28,180,76.47
2024-05-20 10:00:00+05:30,2024-05-20,2024,5,May,20,141,10,Monday,53.8,76.89,36.2,True,Summer,0,36.2,180,76.89
2024-05-20 11:00:00+05:30,2024-05-20,2024,5,May,20,141,11,Monday,67.84,74.43,22.16,True,Summer,0,22.16,180,74.43
2024-05-20 12:00:00+05:30,2024-05-20,2024,5,May,20,141,12,Monday,81.24,56.39,8.76,True,Summer,0,8.76,180,56.39
2024-05-20 13:00:00+05:30,2024-05-20,2024,5,May,20,141,13,Monday,81.65,305.42,8.35,True,Summer,0,8.35,180,305.42
2024-05-20 14:00:00+05:30,2024-05-20,2024,5,May,20,141,14,Monday,68.32,285.84,21.68,True,Summer,0,21.68,180,285.84
2024-05-20 15:00:00+05:30,2024-05-20,2024,5,May,20,141,15,Monday,54.29,283.2,35.71,True,Summer,0,35.71,180,283.2
2024-05-20 16:00:00+05:30,2024-05-20,2024,5,May,20,141,16,Monday,40.22,283.57,49.78,True,Summer,0,49.78,180,283.57
2024-05-20 17:00:00+05:30,2024-05-20,2024,5,May,20,141,17,Monday,26.21,285.22,63.79,True,Summer,0,63.79,180,285.22
2024-05-20 18:00:00+05:30,2024-05-20,2024,5,May,20,141,18,Monday,12.34,287.78,77.66,True,Summer,0,77.66,180,287.78
2024-05-21 07:00:00+05:30,2024-05-21,2024,5,May,21,142,7,Tuesday,11.87,72.0,78.13,True,Summer,0,78.13,180,72.0
2024-05-21 08:00:00+05:30,2024-05-21,2024,5,May,21,142,8,Tuesday,25.72,74.57,64.28,True,Summer,0,64.28,180,74.57
2024-05-21 09:00:00+05:30,2024-05-21,2024,5,May,21,142,9,Tuesday,39.72,76.2,50.28,True,Summer,0,50.28,180,76.2
2024-05-21 10:00:00+05:30,2024-05-21,2024,5,May,21,142,10,Tuesday,53.78,76.55,36.22,True,Summer,0,36.22,180,76.55
2024-05-21 11:00:00+05:30,2024-05-21,2024,5,May,21,142,11,Tuesday,67.79,73.9,22.21,True,Summer,0,22.21,180,73.9
2024-05-21 12:00:00+05:30,2024-05-21,2024,5,May,21,142,12,Tuesday,81.12,55.32,8.88,True,Summer,0,8.88,180,55.32
2024-05-21 13:00:00+05:30,2024-05-21,2024,5,May,21,142,13,Tuesday,81.55,306.63,8.45,True,Summer,0,8.45,180,306.63
2024-05-21 14:00:00+05:30,2024-05-21,2024,5,May,21,142,14,Tuesday,68.3,286.39,21.7,True,Summer,0,21.7,180,286.39
2024-05-21 15:00:00+05:30,2024-05-21,2024,5,May,21,142,15,Tuesday,54.3,283.54,35.7,True,Summer,0,35.7,180,283.54
2024-05-21 16:00:00+05:30,2024-05-21,2024,5,May,21,142,16,Tuesday,40.25,283.83,49.75,True,Summer,0,49.75,180,283.83
2024-05-21 17:00:00+05:30,2024-05-21,2024,5,May,21,142,17,Tuesday,26.25,285.44,63.75,True,Summer,0,63.75,180,285.44
2024-05-21 18:00:00+05:30,2024-05-21,2024,5,May,21,142,18,Tuesday,12.39,287.98,77.61,True,Summer,0,77.61,180,287.98
2024-05-22 07:00:00+05:30,2024-05-22,2024,5,May,22,143,7,Wednesday,11.89,71.8,78.11,True,Summer,0,78.11,180,71.8
2024-05-22 08:00:00+05:30,2024-05-22,2024,5,May,22,143,8,Wednesday,25.73,74.35,64.27,True,Summer,0,64.27,180,74.35
2024-05-22 09:00:00+05:30,2024-05-22,2024,5,May,22,143,9,Wednesday,39.72,75.94,50.28,True,Summer,0,50.28,180,75.94
2024-05-22 10:00:00+05:30,2024-05-22,2024,5,May,22,143,10,Wednesday,53.76,76.22,36.24,True,Summer,0,36.24,180,76.22
2024-05-22 11:00:00+05:30,2024-05-22,2024,5,May,22,143,11,Wednesday,67.74,73.4,22.26,True,Summer,0,22.26,180,73.4
2024-05-22 12:00:00+05:30,2024-05-22,2024,5,May,22,143,12,Wednesday,81.0,54.32,9.0,True,Summer,0,9.0,180,54.32
2024-05-22 13:00:00+05:30,2024-05-22,2024,5,May,22,143,13,Wednesday,81.45,307.78,8.55,True,Summer,0,8.55,180,307.78
2024-05-22 14:00:00+05:30,2024-05-22,2024,5,May,22,143,14,Wednesday,68.29,286.92,21.71,True,Summer,0,21.71,180,286.92
2024-05-22 15:00:00+05:30,2024-05-22,2024,5,May,22,143,15,Wednesday,54.32,283.88,35.68,True,Summer,0,35.68,180,283.88
2024-05-22 16:00:00+05:30,2024-05-22,2024,5,May,22,143,16,Wednesday,40.27,284.09,49.73,True,Summer,0,49.73,180,284.09
2024-05-22 17:00:00+05:30,2024-05-22,2024,5,May,22,143,17,Wednesday,26.29,285.65,63.71,True,Summer,0,63.71,180,285.65
2024-05-22 18:00:00+05:30,2024-05-22,2024,5,May,22,143,18,Wednesday,12.45,288.17,77.55,True,Summer,0,77.55,180,288.17
2024-05-23 07:00:00+05:30,2024-05-23,2024,5,May,23,144,7,Thursday,11.91,71.6,78.09,True,Summer,0,78.09,180,71.6
2024-05-23 08:00:00+05:30,2024-05-23,2024,5,May,23,144,8,Thursday,25.74,74.13,64.26,True,Summer,0,64.26,180,74.13
2024-05-23 09:00:00+05:30,2024-05-23,2024,5,May,23,144,9,Thursday,39.71,75.69,50.29,True,Summer,0,50.29,180,75.69
2024-05-23 10:00:00+05:30,2024-05-23,2024,5,May,23,144,10,Thursday,53.74,75.9,36.26,True,Summer,0,36.26,180,75.9
2024-05-23 11:00:00+05:30,2024-05-23,2024,5,May,23,144,11,Thursday,67.69,72.91,22.31,True,Summer,0,22.31,180,72.91
2024-05-23 12:00:00+05:30,2024-05-23,2024,5,May,23,144,12,Thursday,80.88,53.38,9.12,True,Summer,0,9.12,180,53.38
2024-05-23 13:00:00+05:30,2024-05-23,2024,5,May,23,144,13,Thursday,81.36,308.89,8.64,True,Summer,0,8.64,180,308.89
2024-05-23 14:00:00+05:30,2024-05-23,2024,5,May,23,144,14,Thursday,68.27,287.43,21.73,True,Summer,0,21.73,180,287.43
2024-05-23 15:00:00+05:30,2024-05-23,2024,5,May,23,144,15,Thursday,54.33,284.21,35.67,True,Summer,0,35.67,180,284.21
2024-05-23 16:00:00+05:30,2024-05-23,2024,5,May,23,144,16,Thursday,40.3,284.34,49.7,True,Summer,0,49.7,180,284.34
2024-05-23 17:00:00+05:30,2024-05-23,2024,5,May,23,144,17,Thursday,26.34,285.86,63.66,True,Summer,0,63.66,180,285.86
2024-05-23 18:00:00+05:30,2024-05-23,2024,5,May,23,144,18,Thursday,12.51,288.36,77.49,True,Summer,0,77.49,180,288.36
2024-05-24 07:00:00+05:30,2024-05-24,2024,5,May,24,145,7,Friday,11.93,71.41,78.07,True,Summer,0,78.07,180,71.41
2024-05-24 08:00:00+05:30,2024-05-24,2024,5,May,24,145,8,Friday,25.74,73.93,64.26,True,Summer,0,64.26,180,73.93
2024-05-24 09:00:00+05:30,2024-05-24,2024,5,May,24,145,9,Friday,39.7,75.45,50.3,True,Summer,0,50.3,180,75.45
2024-05-24 10:00:00+05:30,2024-05-24,2024,5,May,24,145,10,Friday,53.71,75.58,36.29,True,Summer,0,36.29,180,75.58
2024-05-24 11:00:00+05:30,2024-05-24,2024,5,May,24,145,11,Friday,67.64,72.44,22.36,True,Summer,0,22.36,180,72.44
2024-05-24 12:00:00+05:30,2024-05-24,2024,5,May,24,145,12,Friday,80.76,52.5,9.24,True,Summer,0,9.24,180,52.5
2024-05-24 13:00:00+05:30,2024-05-24,2024,5,May,24,145,13,Friday,81.26,309.95,8.74,True,Summer,0,8.74,180,309.95
2024-05-24 14:00:00+05:30,2024-05-24,2024,5,May,24,145,14,Friday,68.26,287.93,21.74,True,Summer,0,21.74,180,287.93
2024-05-24 15:00:00+05:30,2024-05-24,2024,5,May,24,145,15,Friday,54.34,284.52,35.66,True,Summer,0,35.66,180,284.52
2024-05-24 16:00:00+05:30,2024-05-24,2024,5,May,24,145,16,Friday,40.33,284.57,49.67,True,Summer,0,49.67,180,284.57
2024-05-24 17:00:00+05:30,2024-05-24,2024,5,May,24,145,17,Friday,26.38,286.06,63.62,True,Summer,0,63.62,180,286.06
2024-05-24 18:00:00+05:30,2024-05-24,2024,5,May,24,145,18,Friday,12.57,288.54,77.43,True,Summer,0,77.43,180,288.54
2024-05-25 07:00:00+05:30,2024-05-25,2024,5,May,25,146,7,Saturday,11.95,71.22,78.05,True,Summer,0,78.05,180,71.22
2024-05-25 08:00:00+05:30,2024-05-25,2024,5,May,25,146,8,Saturday,25.74,73.72,64.26,True,Summer,0,64.26,180,73.72
2024-05-25 09:00:00+05:30,2024-05-25,2024,5,May,25,146,9,Saturday,39.68,75.22,50.32,True,Summer,0,50.32,180,75.22
2024-05-25 10:00:00+05:30,2024-05-25,2024,5,May,25,146,10,Saturday,53.68,75.28,36.32,True,Summer,0,36.32,180,75.28
2024-05-25 11:00:00+05:30,2024-05-25,2024,5,May,25,146,11,Saturday,67.58,71.99,22.42,True,Summer,0,22.42,180,71.99
2024-05-25 12:00:00+05:30,2024-05-25,2024,5,May,25,146,12,Saturday,80.63,51.69,9.37,True,Summer,0,9.37,180,51.69
2024-05-25 13:00:00+05:30,2024-05-25,2024,5,May,25,146,13,Saturday,81.17,310.96,8.83,True,Summer,0,8.83,180,310.96
2024-05-25 14:00:00+05:30,2024-05-25,2024,5,May,25,146,14,Saturday,68.25,288.42,21.75,True,Summer,0,21.75,180,288.42
2024-05-25 15:00:00+05:30,2024-05-25,2024,5,May,25,146,15,Saturday,54.36,284.83,35.64,True,Summer,0,35.64,180,284.83
2024-05-25 16:00:00+05:30,2024-05-25,2024,5,May,25,146,16,Saturday,40.37,284.81,49.63,True,Summer,0,49.63,180,284.81
2024-05-25 17:00:00+05:30,2024-05-25,2024,5,May,25,146,17,Saturday,26.43,286.25,63.57,True,Summer,0,63.57,180,286.25
2024-05-25 18:00:00+05:30,2024-05-25,2024,5,May,25,146,18,Saturday,12.63,288.71,77.37,True,Summer,0,77.37,180,288.71
2024-05-26 07:00:00+05:30,2024-05-26,2024,5,May,26,147,7,Sunday,11.96,71.04,78.04,True,Summer,0,78.04,180,71.04
2024-05-26 08:00:00+05:30,2024-05-26,2024,5,May,26,147,8,Sunday,25.74,73.53,64.26,True,Summer,0,64.26,180,73.53
2024-05-26 09:00:00+05:30,2024-05-26,2024,5,May,26,147,9,Sunday,39.67,74.99,50.33,True,Summer,0,50.33,180,74.99
2024-05-26 10:00:00+05:30,2024-05-26,2024,5,May,26,147,10,Sunday,53.65,74.99,36.35,True,Summer,0,36.35,180,74.99
2024-05-26 11:00:00+05:30,2024-05-26,2024,5,May,26,147,11,Sunday,67.53,71.56,22.47,True,Summer,0,22.47,180,71.56
2024-05-26 12:00:00+05:30,2024-05-26,2024,5,May,26,147,12,Sunday,80.51,50.92,9.49,True,Summer,0,9.49,180,50.92
2024-05-26 13:00:00+05:30,2024-05-26,2024,5,May,26,147,13,Sunday,81.08,311.93,8.92,True,Summer,0,8.92,180,311.93
2024-05-26 14:00:00+05:30,2024-05-26,2024,5,May,26,147,14,Sunday,68.24,288.89,21.76,True,Summer,0,21.76,180,288.89
2024-05-26 15:00:00+05:30,2024-05-26,2024,5,May,26,147,15,Sunday,54.37,285.13,35.63,True,Summer,0,35.63,180,285.13
2024-05-26 16:00:00+05:30,2024-05-26,2024,5,May,26,147,16,Sunday,40.4,285.03,49.6,True,Summer,0,49.6,180,285.03
2024-05-26 17:00:00+05:30,2024-05-26,2024,5,May,26,147,17,Sunday,26.47,286.44,63.53,True,Summer,0,63.53,180,286.44
2024-05-26 18:00:00+05:30,2024-05-26,2024,5,May,26,147,18,Sunday,12.69,288.88,77.31,True,Summer,0,77.31,180,288.88
2024-05-27 07:00:00+05:30,2024-05-27,2024,5,May,27,148,7,Monday,11.97,70.87,78.03,True,Summer,0,78.03,180,70.87
2024-05-27 08:00:00+05:30,2024-05-27,2024,5,May,27,148,8,Monday,25.74,73.34,64.26,True,Summer,0,64.26,180,73.34
2024-05-27 09:00:00+05:30,2024-05-27,2024,5,May,27,148,9,Monday,39.65,74.77,50.35,True,Summer,0,50.35,180,74.77
2024-05-27 10:00:00+05:30,2024-05-27,2024,5,May,27,148,10,Monday,53.61,74.71,36.39,True,Summer,0,36.39,180,74.71
2024-05-27 11:00:00+05:30,2024-05-27,2024,5,May,27,148,11,Monday,67.47,71.14,22.53,True,Summer,0,22.53,180,71.14
2024-05-27 12:00:00+05:30,2024-05-27,2024,5,May,27,148,12,Monday,80.39,50.22,9.61,True,Summer,0,9.61,180,50.22
2024-05-27 13:00:00+05:30,2024-05-27,2024,5,May,27,148,13,Monday,80.99,312.86,9.01,True,Summer,0,9.01,180,312.86
2024-05-27 14:00:00+05:30,2024-05-27,2024,5,May,27,148,14,Monday,68.23,289.34,21.77,True,Summer,0,21.77,180,289.34
2024-05-27 15:00:00+05:30,2024-05-27,2024,5,May,27,148,15,Monday,54.39,285.42,35.61,True,Summer,0,35.61,180,285.42
2024-05-27 16:00:00+05:30,2024-05-27,2024,5,May,27,148,16,Monday,40.43,285.25,49.57,True,Summer,0,49.57,180,285.25
2024-05-27 17:00:00+05:30,2024-05-27,2024,5,May,27,148,17,Monday,26.52,286.62,63.48,True,Summer,0,63.48,180,286.62
2024-05-27 18:00:00+05:30,2024-05-27,2024,5,May,27,148,18,Monday,12.75,289.04,77.25,True,Summer,0,77.25,180,289.04
2024-05-28 07:00:00+05:30,2024-05-28,2024,5,May,28,149,7,Tuesday,11.97,70.7,78.03,True,Summer,0,78.03,180,70.7
2024-05-28 08:00:00+05:30,2024-05-28,2024,5,May,28,149,8,Tuesday,25.73,73.16,64.27,True,Summer,0,64.27,180,73.16
2024-05-28 09:00:00+05:30,2024-05-28,2024,5,May,28,149,9,Tuesday,39.63,74.56,50.37,True,Summer,0,50.37,180,74.56
2024-05-28 10:00:00+05:30,2024-05-28,2024,5,May,28,149,10,Tuesday,53.57,74.44,36.43,True,Summer,0,36.43,180,74.44
2024-05-28 11:00:00+05:30,2024-05-28,2024,5,May,28,149,11,Tuesday,67.41,70.75,22.59,True,Summer,0,22.59,180,70.75
2024-05-28 12:00:00+05:30,2024-05-28,2024,5,May,28,149,12,Tuesday,80.27,49.56,9.73,True,Summer,0,9.73,180,49.56
2024-05-28 13:00:00+05:30,2024-05-28,2024,5,May,28,149,13,Tuesday,80.91,313.75,9.09,True,Summer,0,9.09,180,313.75
2024-05-28 14:00:00+05:30,2024-05-28,2024,5,May,28,149,14,Tuesday,68.22,289.78,21.78,True,Summer,0,21.78,180,289.78
2024-05-28 15:00:00+05:30,2024-05-28,2024,5,May,28,149,15,Tuesday,54.41,285.69,35.59,True,Summer,0,35.59,180,285.69
2024-05-28 16:00:00+05:30,2024-05-28,2024,5,May,28,149,16,Tuesday,40.47,285.45,49.53,True,Summer,0,49.53,180,285.45
2024-05-28 17:00:00+05:30,2024-05-28,2024,5,May,28,149,17,Tuesday,26.57,286.79,63.43,True,Summer,0,63.43,180,286.79
2024-05-28 18:00:00+05:30,2024-05-28,2024,5,May,28,149,18,Tuesday,12.81,289.19,77.19,True,Summer,0,77.19,180,289.19
2024-05-29 07:00:00+05:30,2024-05-29,2024,5,May,29,150,7,Wednesday,11.98,70.54,78.02,True,Summer,0,78.02,180,70.54
2024-05-29 08:00:00+05:30,2024-05-29,2024,5,May,29,150,8,Wednesday,25.72,72.98,64.28,True,Summer,0,64.28,180,72.98
2024-05-29 09:00:00+05:30,2024-05-29,2024,5,May,29,150,9,Wednesday,39.6,74.36,50.4,True,Summer,0,50.4,180,74.36
2024-05-29 10:00:00+05:30,2024-05-29,2024,5,May,29,150,10,Wednesday,53.53,74.19,36.47,True,Summer,0,36.47,180,74.19
2024-05-29 11:00:00+05:30,2024-05-29,2024,5,May,29,150,11,Wednesday,67.34,70.37,22.66,True,Summer,0,22.66,180,70.37
2024-05-29 12:00:00+05:30,2024-05-29,2024,5,May,29,150,12,Wednesday,80.15,48.96,9.85,True,Summer,0,9.85,180,48.96
2024-05-29 13:00:00+05:30,2024-05-29,2024,5,May,29,150,13,Wednesday,80.83,314.6,9.17,True,Summer,0,9.17,180,314.6
2024-05-29 14:00:00+05:30,2024-05-29,2024,5,May,29,150,14,Wednesday,68.22,290.2,21.78,True,Summer,0,21.78,180,290.2
2024-05-29 15:00:00+05:30,2024-05-29,2024,5,May,29,150,15,Wednesday,54.43,285.96,35.57,True,Summer,0,35.57,180,285.96
2024-05-29 16:00:00+05:30,2024-05-29,2024,5,May,29,150,16,Wednesday,40.5,285.65,49.5,True,Summer,0,49.5,180,285.65
2024-05-29 17:00:00+05:30,2024-05-29,2024,5,May,29,150,17,Wednesday,26.62,286.96,63.38,True,Summer,0,63.38,180,286.96
2024-05-29 18:00:00+05:30,2024-05-29,2024,5,May,29,150,18,Wednesday,12.87,289.34,77.13,True,Summer,0,77.13,180,289.34
2024-05-30 07:00:00+05:30,2024-05-30,2024,5,May,30,151,7,Thursday,11.98,70.38,78.02,True,Summer,0,78.02,180,70.38
2024-05-30 08:00:00+05:30,2024-05-30,2024,5,May,30,151,8,Thursday,25.71,72.81,64.29,True,Summer,0,64.29,180,72.81
2024-05-30 09:00:00+05:30,2024-05-30,2024,5,May,30,151,9,Thursday,39.58,74.16,50.42,True,Summer,0,50.42,180,74.16
2024-05-30 10:00:00+05:30,2024-05-30,2024,5,May,30,151,10,Thursday,53.49,73.94,36.51,True,Summer,0,36.51,180,73.94
2024-05-30 11:00:00+05:30,2024-05-30,2024,5,May,30,151,11,Thursday,67.28,70.01,22.72,True,Summer,0,22.72,180,70.01
2024-05-30 12:00:00+05:30,2024-05-30,2024,5,May,30,151,12,Thursday,80.03,48.41,9.97,True,Summer,0,9.97,180,48.41
2024-05-30 13:00:00+05:30,2024-05-30,2024,5,May,30,151,13,Thursday,80.75,315.42,9.25,True,Summer,0,9.25,180,315.42
2024-05-30 14:00:00+05:30,2024-05-30,2024,5,May,30,151,14,Thursday,68.22,290.61,21.78,True,Summer,0,21.78,180,290.61
2024-05-30 15:00:00+05:30,2024-05-30,2024,5,May,30,151,15,Thursday,54.45,286.22,35.55,True,Summer,0,35.55,180,286.22
2024-05-30 16:00:00+05:30,2024-05-30,2024,5,May,30,151,16,Thursday,40.54,285.85,49.46,True,Summer,0,49.46,180,285.85
2024-05-30 17:00:00+05:30,2024-05-30,2024,5,May,30,151,17,Thursday,26.67,287.12,63.33,True,Summer,0,63.33,180,287.12
2024-05-30 18:00:00+05:30,2024-05-30,2024,5,May,30,151,18,Thursday,12.93,289.48,77.07,True,Summer,0,77.07,180,289.48
2024-05-31 07:00:00+05:30,2024-05-31,2024,5,May,31,152,7,Friday,11.97,70.23,78.03,True,Summer,0,78.03,180,70.23
2024-05-31 08:00:00+05:30,2024-05-31,2024,5,May,31,152,8,Friday,25.69,72.65,64.31,True,Summer,0,64.31,180,72.65
2024-05-31 09:00:00+05:30,2024-05-31,2024,5,May,31,152,9,Friday,39.55,73.98,50.45,True,Summer,0,50.45,180,73.98
2024-05-31 10:00:00+05:30,2024-05-31,2024,5,May,31,152,10,Friday,53.45,73.71,36.55,True,Summer,0,36.55,180,73.71
2024-05-31 11:00:00+05:30,2024-05-31,2024,5,May,31,152,11,Friday,67.22,69.67,22.78,True,Summer,0,22.78,180,69.67
2024-05-31 12:00:00+05:30,2024-05-31,2024,5,May,31,152,12,Friday,79.91,47.9,10.09,True,Summer,0,10.09,180,47.9
2024-05-31 13:00:00+05:30,2024-05-31,2024,5,May,31,152,13,Friday,80.68,316.2,9.32,True,Summer,0,9.32,180,316.2
2024-05-31 14:00:00+05:30,2024-05-31,2024,5,May,31,152,14,Friday,68.22,291.0,21.78,True,Summer,0,21.78,180,291.0
2024-05-31 15:00:00+05:30,2024-05-31,2024,5,May,31,152,15,Friday,54.48,286.46,35.52,True,Summer,0,35.52,180,286.46
2024-05-31 16:00:00+05:30,2024-05-31,2024,5,May,31,152,16,Friday,40.58,286.03,49.42,True,Summer,0,49.42,180,286.03
2024-05-31 17:00:00+05:30,2024-05-31,2024,5,May,31,152,17,Friday,26.72,287.27,63.28,True,Summer,0,63.28,180,287.27
2024-05-31 18:00:00+05:30,2024-05-31,2024,5,May,31,152,18,Friday,13.0,289.61,77.0,True,Summer,0,77.0,180,289.61
2024-06-01 07:00:00+05:30,2024-06-01,2024,6,June,1,153,7,Saturday,11.97,70.09,78.03,True,Summer,0,78.03,180,70.09
2024-06-01 08:00:00+05:30,2024-06-01,2024,6,June,1,153,8,Saturday,25.67,72.5,64.33,True,Summer,0,64.33,180,72.5
2024-06-01 09:00:00+05:30,2024-06-01,2024,6,June,1,153,9,Saturday,39.52,73.8,50.48,True,Summer,0,50.48,180,73.8
2024-06-01 10:00:00+05:30,2024-06-01,2024,6,June,1,153,10,Saturday,53.41,73.48,36.59,True,Summer,0,36.59,180,73.48
2024-06-01 11:00:00+05:30,2024-06-01,2024,6,June,1,153,11,Saturday,67.15,69.35,22.85,True,Summer,0,22.85,180,69.35
2024-06-01 12:00:00+05:30,2024-06-01,2024,6,June,1,153,12,Saturday,79.8,47.44,10.2,True,Summer,0,10.2,180,47.44
2024-06-01 13:00:00+05:30,2024-06-01,2024,6,June,1,153,13,Saturday,80.61,316.94,9.39,True,Summer,0,9.39,180,316.94
2024-06-01 14:00:00+05:30,2024-06-01,2024,6,June,1,153,14,Saturday,68.22,291.38,21.78,True,Summer,0,21.78,180,291.38
2024-06-01 15:00:00+05:30,2024-06-01,2024,6,June,1,153,15,Saturday,54.5,286.7,35.5,True,Summer,0,35.5,180,286.7
2024-06-01 16:00:00+05:30,2024-06-01,2024,6,June,1,153,16,Saturday,40.62,286.21,49.38,True,Summer,0,49.38,180,286.21
2024-06-01 17:00:00+05:30,2024-06-01,2024,6,June,1,153,17,Saturday,26.77,287.41,63.23,True,Summer,0,63.23,180,287.41
2024-06-01 18:00:00+05:30,2024-06-01,2024,6,June,1,153,18,Saturday,13.06,289.74,76.94,True,Summer,0,76.94,180,289.74
2024-06-02 07:00:00+05:30,2024-06-02,2024,6,June,2,154,7,Sunday,11.96,69.95,78.04,True,Summer,0,78.04,180,69.95
2024-06-02 08:00:00+05:30,2024-06-02,2024,6,June,2,154,8,Sunday,25.65,72.35,64.35,True,Summer,0,64.35,180,72.35
2024-06-02 09:00:00+05:30,2024-06-02,2024,6,June,2,154,9,Sunday,39.49,73.63,50.51,True,Summer,0,50.51,180,73.63
2024-06-02 10:00:00+05:30,2024-06-02,2024,6,June,2,154,10,Sunday,53.36,73.27,36.64,True,Summer,0,36.64,180,73.27
2024-06-02 11:00:00+05:30,2024-06-02,2024,6,June,2,154,11,Sunday,67.09,69.05,22.91,True,Summer,0,22.91,180,69.05
2024-06-02 12:00:00+05:30,2024-06-02,2024,6,June,2,154,12,Sunday,79.69,47.02,10.31,True,Summer,0,10.31,180,47.02
2024-06-02 13:00:00+05:30,2024-06-02,2024,6,June,2,154,13,Sunday,80.55,317.66,9.45,True,Summer,0,9.45,180,317.66
2024-06-02 14:00:00+05:30,2024-06-02,2024,6,June,2,154,14,Sunday,68.22,291.74,21.78,True,Summer,0,21.78,180,291.74
2024-06-02 15:00:00+05:30,2024-06-02,2024,6,June,2,154,15,Sunday,54.53,286.92,35.47,True,Summer,0,35.47,180,286.92
2024-06-02 16:00:00+05:30,2024-06-02,2024,6,June,2,154,16,Sunday,40.66,286.37,49.34,True,Summer,0,49.34,180,286.37
2024-06-02 17:00:00+05:30,2024-06-02,2024,6,June,2,154,17,Sunday,26.82,287.55,63.18,True,Summer,0,63.18,180,287.55
2024-06-02 18:00:00+05:30,2024-06-02,2024,6,June,2,154,18,Sunday,13.12,289.86,76.88,True,Summer,0,76.88,180,289.86
2024-06-03 07:00:00+05:30,2024-06-03,2024,6,June,3,155,7,Monday,11.95,69.82,78.05,True,Summer,0,78.05,180,69.82
2024-06-03 08:00:00+05:30,2024-06-03,2024,6,June,3,155,8,Monday,25.63,72.21,64.37,True,Summer,0,64.37,180,72.21
2024-06-03 09:00:00+05:30,2024-06-03,2024,6,June,3,155,9,Monday,39.45,73.47,50.55,True,Summer,0,50.55,180,73.47
2024-06-03 10:00:00+05:30,2024-06-03,2024,6,June,3,155,10,Monday,53.31,73.07,36.69,True,Summer,0,36.69,180,73.07
2024-06-03 11:00:00+05:30,2024-06-03,2024,6,June,3,155,11,Monday,67.02,68.77,22.98,True,Summer,0,22.98,180,68.77
2024-06-03 12:00:00+05:30,2024-06-03,2024,6,June,3,155,12,Monday,79.58,46.64,10.42,True,Summer,0,10.42,180,46.64
2024-06-03 13:00:00+05:30,2024-06-03,2024,6,June,3,155,13,Monday,80.49,318.35,9.51,True,Summer,0,9.51,180,318.35
2024-06-03 14:00:00+05:30,2024-06-03,2024,6,June,3,155,14,Monday,68.23,292.08,21.77,True,Summer,0,21.77,180,292.08
2024-06-03 15:00:00+05:30,2024-06-03,2024,6,June,3,155,15,Monday,54.56,287.14,35.44,True,Summer,0,35.44,180,287.14
2024-06-03 16:00:00+05:30,2024-06-03,2024,6,June,3,155,16,Monday,40.7,286.53,49.3,True,Summer,0,49.3,180,286.53
2024-06-03 17:00:00+05:30,2024-06-03,2024,6,June,3,155,17,Monday,26.87,287.68,63.13,True,Summer,0,63.13,180,287.68
2024-06-03 18:00:00+05:30,2024-06-03,2024,6,June,3,155,18,Monday,13.18,289.98,76.82,True,Summer,0,76.82,180,289.98
2024-06-04 07:00:00+05:30,2024-06-04,2024,6,June,4,156,7,Tuesday,11.93,69.69,78.07,True,Summer,0,78.07,180,69.69
2024-06-04 08:00:00+05:30,2024-06-04,2024,6,June,4,156,8,Tuesday,25.6,72.07,64.4,True,Summer,0,64.4,180,72.07
2024-06-04 09:00:00+05:30,2024-06-04,2024,6,June,4,156,9,Tuesday,39.42,73.31,50.58,True,Summer,0,50.58,180,73.31
2024-06-04 10:00:00+05:30,2024-06-04,2024,6,June,4,156,10,Tuesday,53.27,72.88,36.73,True,Summer,0,36.73,180,72.88
2024-06-04 11:00:00+05:30,2024-06-04,2024,6,June,4,156,11,Tuesday,66.95,68.5,23.05,True,Summer,0,23.05,180,68.5
2024-06-04 12:00:00+05:30,2024-06-04,2024,6,June,4,156,12,Tuesday,79.47,46.3,10.53,True,Summer,0,10.53,180,46.3
2024-06-04 13:00:00+05:30,2024-06-04,2024,6,June,4,156,13,Tuesday,80.43,319.0,9.57,True,Summer,0,9.57,180,319.0
2024-06-04 14:00:00+05:30,2024-06-04,2024,6,June,4,156,14,Tuesday,68.24,292.41,21.76,True,Summer,0,21.76,180,292.41
2024-06-04 15:00:00+05:30,2024-06-04,2024,6,June,4,156,15,Tuesday,54.59,287.34,35.41,True,Summer,0,35.41,180,287.34
2024-06-04 16:00:00+05:30,2024-06-04,2024,6,June,4,156,16,Tuesday,40.75,286.68,49.25,True,Summer,0,49.25,180,286.68
2024-06-04 17:00:00+05:30,2024-06-04,2024,6,June,4,156,17,Tuesday,26.93,287.8,63.07,True,Summer,0,63.07,180,287.8
2024-06-04 18:00:00+05:30,2024-06-04,2024,6,June,4,156,18,Tuesday,13.24,290.08,76.76,True,Summer,0,76.76,180,290.08
2024-06-05 07:00:00+05:30,2024-06-05,2024,6,June,5,157,7,Wednesday,11.92,69.58,78.08,True,Summer,0,78.08,180,69.58
2024-06-05 08:00:00+05:30,2024-06-05,2024,6,June,5,157,8,Wednesday,25.58,71.95,64.42,True,Summer,0,64.42,180,71.95
2024-06-05 09:00:00+05:30,2024-06-05,2024,6,June,5,157,9,Wednesday,39.38,73.17,50.62,True,Summer,0,50.62,180,73.17
2024-06-05 10:00:00+05:30,2024-06-05,2024,6,June,5,157,10,Wednesday,53.22,72.7,36.78,True,Summer,0,36.78,180,72.7
2024-06-05 11:00:00+05:30,2024-06-05,2024,6,June,5,157,11,Wednesday,66.89,68.26,23.11,True,Summer,0,23.11,180,68.26
2024-06-05 12:00:00+05:30,2024-06-05,2024,6,June,5,157,12,Wednesday,79.37,46.0,10.63,True,Summer,0,10.63,180,46.0
2024-06-05 13:00:00+05:30,2024-06-05,2024,6,June,5,157,13,Wednesday,80.38,319.63,9.62,True,Summer,0,9.62,180,319.63
2024-06-05 14:00:00+05:30,2024-06-05,2024,6,June,5,157,14,Wednesday,68.25,292.72,21.75,True,Summer,0,21.75,180,292.72
2024-06-05 15:00:00+05:30,2024-06-05,2024,6,June,5,157,15,Wednesday,54.62,287.54,35.38,True,Summer,0,35.38,180,287.54
2024-06-05 16:00:00+05:30,2024-06-05,2024,6,June,5,157,16,Wednesday,40.79,286.82,49.21,True,Summer,0,49.21,180,286.82
2024-06-05 17:00:00+05:30,2024-06-05,2024,6,June,5,157,17,Wednesday,26.98,287.92,63.02,True,Summer,0,63.02,180,287.92
2024-06-05 18:00:00+05:30,2024-06-05,2024,6,June,5,157,18,Wednesday,13.31,290.18,76.69,True,Summer,0,76.69,180,290.18
2024-06-06 07:00:00+05:30,2024-06-06,2024,6,June,6,158,7,Thursday,11.9,69.46,78.1,True,Summer,0,78.1,180,69.46
2024-06-06 08:00:00+05:30,2024-06-06,2024,6,June,6,158,8,Thursday,25.55,71.83,64.45,True,Summer,0,64.45,180,71.83
2024-06-06 09:00:00+05:30,2024-06-06,2024,6,June,6,158,9,Thursday,39.34,73.03,50.66,True,Summer,0,50.66,180,73.03
2024-06-06 10:00:00+05:30,2024-06-06,2024,6,June,6,158,10,Thursday,53.17,72.53,36.83,True,Summer,0,36.83,180,72.53
2024-06-06 11:00:00+05:30,2024-06-06,2024,6,June,6,158,11,Thursday,66.82,68.03,23.18,True,Summer,0,23.18,180,68.03
2024-06-06 12:00:00+05:30,2024-06-06,2024,6,June,6,158,12,Thursday,79.27,45.73,10.73,True,Summer,0,10.73,180,45.73
2024-06-06 13:00:00+05:30,2024-06-06,2024,6,June,6,158,13,Thursday,80.33,320.23,9.67,True,Summer,0,9.67,180,320.23
2024-06-06 14:00:00+05:30,2024-06-06,2024,6,June,6,158,14,Thursday,68.26,293.02,21.74,True,Summer,0,21.74,180,293.02
2024-06-06 15:00:00+05:30,2024-06-06,2024,6,June,6,158,15,Thursday,54.65,287.72,35.35,True,Summer,0,35.35,180,287.72
2024-06-06 16:00:00+05:30,2024-06-06,2024,6,June,6,158,16,Thursday,40.83,286.96,49.17,True,Summer,0,49.17,180,286.96
2024-06-06 17:00:00+05:30,2024-06-06,2024,6,June,6,158,17,Thursday,27.03,288.02,62.97,True,Summer,0,62.97,180,288.02
2024-06-06 18:00:00+05:30,2024-06-06,2024,6,June,6,158,18,Thursday,13.37,290.28,76.63,True,Summer,0,76.63,180,290.28
2024-06-07 07:00:00+05:30,2024-06-07,2024,6,June,7,159,7,Friday,11.87,69.36,78.13,True,Summer,0,78.13,180,69.36
2024-06-07 08:00:00+05:30,2024-06-07,2024,6,June,7,159,8,Friday,25.51,71.71,64.49,True,Summer,0,64.49,180,71.71
2024-06-07 09:00:00+05:30,2024-06-07,2024,6,June,7,159,9,Friday,39.3,72.91,50.7,True,Summer,0,50.7,180,72.91
2024-06-07 10:00:00+05:30,2024-06-07,2024,6,June,7,159,10,Friday,53.12,72.38,36.88,True,Summer,0,36.88,180,72.38
2024-06-07 11:00:00+05:30,2024-06-07,2024,6,June,7,159,11,Friday,66.76,67.82,23.24,True,Summer,0,23.24,180,67.82
2024-06-07 12:00:00+05:30,2024-06-07,2024,6,June,7,159,12,Friday,79.17,45.51,10.83,True,Summer,0,10.83,180,45.51
2024-06-07 13:00:00+05:30,2024-06-07,2024,6,June,7,159,13,Friday,80.29,320.8,9.71,True,Summer,0,9.71,180,320.8
2024-06-07 14:00:00+05:30,2024-06-07,2024,6,June,7,159,14,Friday,68.28,293.3,21.72,True,Summer,0,21.72,180,293.3
2024-06-07 15:00:00+05:30,2024-06-07,2024,6,June,7,159,15,Friday,54.69,287.89,35.31,True,Summer,0,35.31,180,287.89
2024-06-07 16:00:00+05:30,2024-06-07,2024,6,June,7,159,16,Friday,40.88,287.08,49.12,True,Summer,0,49.12,180,287.08
2024-06-07 17:00:00+05:30,2024-06-07,2024,6,June,7,159,17,Friday,27.09,288.13,62.91,True,Summer,0,62.91,180,288.13
2024-06-07 18:00:00+05:30,2024-06-07,2024,6,June,7,159,18,Friday,13.43,290.36,76.57,True,Summer,0,76.57,180,290.36
2024-06-07 19:00:00+05:30,2024-06-07,2024,6,June,7,159,19,Friday,0.02,293.72,89.98,True,Summer,0,89.98,180,293.72
2024-06-08 07:00:00+05:30,2024-06-08,2024,6,June,8,160,7,Saturday,11.85,69.25,78.15,True,Summer,0,78.15,180,69.25
2024-06-08 08:00:00+05:30,2024-06-08,2024,6,June,8,160,8,Saturday,25.48,71.61,64.52,True,Summer,0,64.52,180,71.61
2024-06-08 09:00:00+05:30,2024-06-08,2024,6,June,8,160,9,Saturday,39.26,72.79,50.74,True,Summer,0,50.74,180,72.79
2024-06-08 10:00:00+05:30,2024-06-08,2024,6,June,8,160,10,Saturday,53.06,72.24,36.94,True,Summer,0,36.94,180,72.24
2024-06-08 11:00:00+05:30,2024-06-08,2024,6,June,8,160,11,Saturday,66.69,67.63,23.31,True,Summer,0,23.31,180,67.63
2024-06-08 12:00:00+05:30,2024-06-08,2024,6,June,8,160,12,Saturday,79.08,45.31,10.92,True,Summer,0,10.92,180,45.31
2024-06-08 13:00:00+05:30,2024-06-08,2024,6,June,8,160,13,Saturday,80.25,321.35,9.75,True,Summer,0,9.75,180,321.35
2024-06-08 14:00:00+05:30,2024-06-08,2024,6,June,8,160,14,Saturday,68.29,293.57,21.71,True,Summer,0,21.71,180,293.57
2024-06-08 15:00:00+05:30,2024-06-08,2024,6,June,8,160,15,Saturday,54.72,288.05,35.28,True,Summer,0,35.28,180,288.05
2024-06-08 16:00:00+05:30,2024-06-08,2024,6,June,8,160,16,Saturday,40.93,287.2,49.07,True,Summer,0,49.07,180,287.2
2024-06-08 17:00:00+05:30,2024-06-08,2024,6,June,8,160,17,Saturday,27.14,288.22,62.86,True,Summer,0,62.86,180,288.22
2024-06-08 18:00:00+05:30,2024-06-08,2024,6,June,8,160,18,Saturday,13.49,290.44,76.51,True,Summer,0,76.51,180,290.44
2024-06-08 19:00:00+05:30,2024-06-08,2024,6,June,8,160,19,Saturday,0.09,293.8,89.91,True,Summer,0,89.91,180,293.8
2024-06-09 07:00:00+05:30,2024-06-09,2024,6,June,9,161,7,Sunday,11.82,69.16,78.18,True,Summer,0,78.18,180,69.16
2024-06-09 08:00:00+05:30,2024-06-09,2024,6,June,9,161,8,Sunday,25.45,71.51,64.55,True,Summer,0,64.55,180,71.51
2024-06-09 09:00:00+05:30,2024-06-09,2024,6,June,9,161,9,Sunday,39.21,72.68,50.79,True,Summer,0,50.79,180,72.68
2024-06-09 10:00:00+05:30,2024-06-09,2024,6,June,9,161,10,Sunday,53.01,72.1,36.99,True,Summer,0,36.99,180,72.1
2024-06-09 11:00:00+05:30,2024-06-09,2024,6,June,9,161,11,Sunday,66.62,67.45,23.38,True,Summer,0,23.38,180,67.45
2024-06-09 12:00:00+05:30,2024-06-09,2024,6,June,9,161,12,Sunday,78.99,45.15,11.01,True,Summer,0,11.01,180,45.15
2024-06-09 13:00:00+05:30,2024-06-09,2024,6,June,9,161,13,Sunday,80.22,321.87,9.78,True,Summer,0,9.78,180,321.87
2024-06-09 14:00:00+05:30,2024-06-09,2024,6,June,9,161,14,Sunday,68.31,293.81,21.69,True,Summer,0,21.69,180,293.81
2024-06-09 15:00:00+05:30,2024-06-09,2024,6,June,9,161,15,Sunday,54.76,288.2,35.24,True,Summer,0,35.24,180,288.2
2024-06-09 16:00:00+05:30,2024-06-09,2024,6,June,9,161,16,Sunday,40.97,287.31,49.03,True,Summer,0,49.03,180,287.31
2024-06-09 17:00:00+05:30,2024-06-09,2024,6,June,9,161,17,Sunday,27.2,288.3,62.8,True,Summer,0,62.8,180,288.3
2024-06-09 18:00:00+05:30,2024-06-09,2024,6,June,9,161,18,Sunday,13.55,290.51,76.45,True,Summer,0,76.45,180,290.51
2024-06-09 19:00:00+05:30,2024-06-09,2024,6,June,9,161,19,Sunday,0.15,293.86,89.85,True,Summer,0,89.85,180,293.86
2024-06-10 07:00:00+05:30,2024-06-10,2024,6,June,10,162,7,Monday,11.79,69.07,78.21,True,Summer,0,78.21,180,69.07
2024-06-10 08:00:00+05:30,2024-06-10,2024,6,June,10,162,8,Monday,25.41,71.42,64.59,True,Summer,0,64.59,180,71.42
2024-06-10 09:00:00+05:30,2024-06-10,2024,6,June,10,162,9,Monday,39.17,72.58,50.83,True,Summer,0,50.83,180,72.58
2024-06-10 10:00:00+05:30,2024-06-10,2024,6,June,10,162,10,Monday,52.96,71.98,37.04,True,Summer,0,37.04,180,71.98
2024-06-10 11:00:00+05:30,2024-06-10,2024,6,June,10,162,11,Monday,66.56,67.3,23.44,True,Summer,0,23.44,180,67.3
2024-06-10 12:00:00+05:30,2024-06-10,2024,6,June,10,162,12,Monday,78.91,45.01,11.09,True,Summer,0,11.09,180,45.01
2024-06-10 13:00:00+05:30,2024-06-10,2024,6,June,10,162,13,Monday,80.19,322.36,9.81,True,Summer,0,9.81,180,322.36
2024-06-10 14:00:00+05:30,2024-06-10,2024,6,June,10,162,14,Monday,68.34,294.05,21.66,True,Summer,0,21.66,180,294.05
2024-06-10 15:00:00+05:30,2024-06-10,2024,6,June,10,162,15,Monday,54.8,288.34,35.2,True,Summer,0,35.2,180,288.34
2024-06-10 16:00:00+05:30,2024-06-10,2024,6,June,10,162,16,Monday,41.02,287.4,48.98,True,Summer,0,48.98,180,287.4
2024-06-10 17:00:00+05:30,2024-06-10,2024,6,June,10,162,17,Monday,27.25,288.38,62.75,True,Summer,0,62.75,180,288.38
2024-06-10 18:00:00+05:30,2024-06-10,2024,6,June,10,162,18,Monday,13.61,290.58,76.39,True,Summer,0,76.39,180,290.58
2024-06-10 19:00:00+05:30,2024-06-10,2024,6,June,10,162,19,Monday,0.22,293.92,89.78,True,Summer,0,89.78,180,293.92
2024-06-11 07:00:00+05:30,2024-06-11,2024,6,June,11,163,7,Tuesday,11.76,68.99,78.24,True,Summer,0,78.24,180,68.99
2024-06-11 08:00:00+05:30,2024-06-11,2024,6,June,11,163,8,Tuesday,25.37,71.34,64.63,True,Summer,0,64.63,180,71.34
2024-06-11 09:00:00+05:30,2024-06-11,2024,6,June,11,163,9,Tuesday,39.12,72.49,50.88,True,Summer,0,50.88,180,72.49
2024-06-11 10:00:00+05:30,2024-06-11,2024,6,June,11,163,10,Tuesday,52.91,71.87,37.09,True,Summer,0,37.09,180,71.87
2024-06-11 11:00:00+05:30,2024-06-11,2024,6,June,11,163,11,Tuesday,66.5,67.16,23.5,True,Summer,0,23.5,180,67.16
2024-06-11 12:00:00+05:30,2024-06-11,2024,6,June,11,163,12,Tuesday,78.83,44.91,11.17,True,Summer,0,11.17,180,44.91
2024-06-11 13:00:00+05:30,2024-06-11,2024,6,June,11,163,13,Tuesday,80.16,322.83,9.84,True,Summer,0,9.84,180,322.83
2024-06-11 14:00:00+05:30,2024-06-11,2024,6,June,11,163,14,Tuesday,68.36,294.26,21.64,True,Summer,0,21.64,180,294.26
2024-06-11 15:00:00+05:30,2024-06-11,2024,6,June,11,163,15,Tuesday,54.84,288.46,35.16,True,Summer,0,35.16,180,288.46
2024-06-11 16:00:00+05:30,2024-06-11,2024,6,June,11,163,16,Tuesday,41.07,287.49,48.93,True,Summer,0,48.93,180,287.49
2024-06-11 17:00:00+05:30,2024-06-11,2024,6,June,11,163,17,Tuesday,27.3,288.45,62.7,True,Summer,0,62.7,180,288.45
2024-06-11 18:00:00+05:30,2024-06-11,2024,6,June,11,163,18,Tuesday,13.67,290.64,76.33,True,Summer,0,76.33,180,290.64
2024-06-11 19:00:00+05:30,2024-06-11,2024,6,June,11,163,19,Tuesday,0.29,293.97,89.71,True,Summer,0,89.71,180,293.97
2024-06-12 07:00:00+05:30,2024-06-12,2024,6,June,12,164,7,Wednesday,11.73,68.92,78.27,True,Summer,0,78.27,180,68.92
2024-06-12 08:00:00+05:30,2024-06-12,2024,6,June,12,164,8,Wednesday,25.33,71.26,64.67,True,Summer,0,64.67,180,71.26
2024-06-12 09:00:00+05:30,2024-06-12,2024,6,June,12,164,9,Wednesday,39.08,72.4,50.92,True,Summer,0,50.92,180,72.4
2024-06-12 10:00:00+05:30,2024-06-12,2024,6,June,12,164,10,Wednesday,52.85,71.78,37.15,True,Summer,0,37.15,180,71.78
2024-06-12 11:00:00+05:30,2024-06-12,2024,6,June,12,164,11,Wednesday,66.43,67.04,23.57,True,Summer,0,23.57,180,67.04
2024-06-12 12:00:00+05:30,2024-06-12,2024,6,June,12,164,12,Wednesday,78.75,44.84,11.25,True,Summer,0,11.25,180,44.84
2024-06-12 13:00:00+05:30,2024-06-12,2024,6,June,12,164,13,Wednesday,80.15,323.28,9.85,True,Summer,0,9.85,180,323.28
2024-06-12 14:00:00+05:30,2024-06-12,2024,6,June,12,164,14,Wednesday,68.39,294.46,21.61,True,Summer,0,21.61,180,294.46
2024-06-12 15:00:00+05:30,2024-06-12,2024,6,June,12,164,15,Wednesday,54.88,288.58,35.12,True,Summer,0,35.12,180,288.58
2024-06-12 16:00:00+05:30,2024-06-12,2024,6,June,12,164,16,Wednesday,41.12,287.57,48.88,True,Summer,0,48.88,180,287.57
2024-06-12 17:00:00+05:30,2024-06-12,2024,6,June,12,164,17,Wednesday,27.36,288.51,62.64,True,Summer,0,62.64,180,288.51
2024-06-12 18:00:00+05:30,2024-06-12,2024,6,June,12,164,18,Wednesday,13.73,290.69,76.27,True,Summer,0,76.27,180,290.69
2024-06-12 19:00:00+05:30,2024-06-12,2024,6,June,12,164,19,Wednesday,0.35,294.01,89.65,True,Summer,0,89.65,180,294.01
2024-06-13 07:00:00+05:30,2024-06-13,2024,6,June,13,165,7,Thursday,11.69,68.85,78.31,True,Summer,0,78.31,180,68.85
2024-06-13 08:00:00+05:30,2024-06-13,2024,6,June,13,165,8,Thursday,25.29,71.19,64.71,True,Summer,0,64.71,180,71.19
2024-06-13 09:00:00+05:30,2024-06-13,2024,6,June,13,165,9,Thursday,39.03,72.33,50.97,True,Summer,0,50.97,180,72.33
2024-06-13 10:00:00+05:30,2024-06-13,2024,6,June,13,165,10,Thursday,52.8,71.69,37.2,True,Summer,0,37.2,180,71.69
2024-06-13 11:00:00+05:30,2024-06-13,2024,6,June,13,165,11,Thursday,66.37,66.93,23.63,True,Summer,0,23.63,180,66.93
2024-06-13 12:00:00+05:30,2024-06-13,2024,6,June,13,165,12,Thursday,78.68,44.79,11.32,True,Summer,0,11.32,180,44.79
2024-06-13 13:00:00+05:30,2024-06-13,2024,6,June,13,165,13,Thursday,80.13,323.7,9.87,True,Summer,0,9.87,180,323.7
2024-06-13 14:00:00+05:30,2024-06-13,2024,6,June,13,165,14,Thursday,68.42,294.64,21.58,True,Summer,0,21.58,180,294.64
2024-06-13 15:00:00+05:30,2024-06-13,2024,6,June,13,165,15,Thursday,54.92,288.68,35.08,True,Summer,0,35.08,180,288.68
2024-06-13 16:00:00+05:30,2024-06-13,2024,6,June,13,165,16,Thursday,41.16,287.65,48.84,True,Summer,0,48.84,180,287.65
2024-06-13 17:00:00+05:30,2024-06-13,2024,6,June,13,165,17,Thursday,27.41,288.57,62.59,True,Summer,0,62.59,180,288.57
2024-06-13 18:00:00+05:30,2024-06-13,2024,6,June,13,165,18,Thursday,13.79,290.74,76.21,True,Summer,0,76.21,180,290.74
2024-06-13 19:00:00+05:30,2024-06-13,2024,6,June,13,165,19,Thursday,0.41,294.05,89.59,True,Summer,0,89.59,180,294.05
2024-06-14 07:00:00+05:30,2024-06-14,2024,6,June,14,166,7,Friday,11.65,68.79,78.35,True,Summer,0,78.35,180,68.79
2024-06-14 08:00:00+05:30,2024-06-14,2024,6,June,14,166,8,Friday,25.25,71.13,64.75,True,Summer,0,64.75,180,71.13
2024-06-14 09:00:00+05:30,2024-06-14,2024,6,June,14,166,9,Friday,38.98,72.26,51.02,True,Summer,0,51.02,180,72.26
2024-06-14 10:00:00+05:30,2024-06-14,2024,6,June,14,166,10,Friday,52.75,71.62,37.25,True,Summer,0,37.25,180,71.62
2024-06-14 11:00:00+05:30,2024-06-14,2024,6,June,14,166,11,Friday,66.31,66.85,23.69,True,Summer,0,23.69,180,66.85
2024-06-14 12:00:00+05:30,2024-06-14,2024,6,June,14,166,12,Friday,78.61,44.78,11.39,True,Summer,0,11.39,180,44.78
2024-06-14 13:00:00+05:30,2024-06-14,2024,6,June,14,166,13,Friday,80.13,324.1,9.87,True,Summer,0,9.87,180,324.1
2024-06-14 14:00:00+05:30,2024-06-14,2024,6,June,14,166,14,Friday,68.45,294.81,21.55,True,Summer,0,21.55,180,294.81
2024-06-14 15:00:00+05:30,2024-06-14,2024,6,June,14,166,15,Friday,54.97,288.78,35.03,True,Summer,0,35.03,180,288.78
2024-06-14 16:00:00+05:30,2024-06-14,2024,6,June,14,166,16,Friday,41.21,287.71,48.79,True,Summer,0,48.79,180,287.71
2024-06-14 17:00:00+05:30,2024-06-14,2024,6,June,14,166,17,Friday,27.46,288.62,62.54,True,Summer,0,62.54,180,288.62
2024-06-14 18:00:00+05:30,2024-06-14,2024,6,June,14,166,18,Friday,13.84,290.77,76.16,True,Summer,0,76.16,180,290.77
2024-06-14 19:00:00+05:30,2024-06-14,2024,6,June,14,166,19,Friday,0.47,294.08,89.53,True,Summer,0,89.53,180,294.08
2024-06-15 07:00:00+05:30,2024-06-15,2024,6,June,15,167,7,Saturday,11.62,68.74,78.38,True,Summer,0,78.38,180,68.74
2024-06-15 08:00:00+05:30,2024-06-15,2024,6,June,15,167,8,Saturday,25.2,71.08,64.8,True,Summer,0,64.8,180,71.08
2024-06-15 09:00:00+05:30,2024-06-15,2024,6,June,15,167,9,Saturday,38.94,72.21,51.06,True,Summer,0,51.06,180,72.21
2024-06-15 10:00:00+05:30,2024-06-15,2024,6,June,15,167,10,Saturday,52.7,71.55,37.3,True,Summer,0,37.3,180,71.55
2024-06-15 11:00:00+05:30,2024-06-15,2024,6,June,15,167,11,Saturday,66.26,66.78,23.74,True,Summer,0,23.74,180,66.78
2024-06-15 12:00:00+05:30,2024-06-15,2024,6,June,15,167,12,Saturday,78.54,44.79,11.46,True,Summer,0,11.46,180,44.79
2024-06-15 13:00:00+05:30,2024-06-15,2024,6,June,15,167,13,Saturday,80.12,324.47,9.88,True,Summer,0,9.88,180,324.47
2024-06-15 14:00:00+05:30,2024-06-15,2024,6,June,15,167,14,Saturday,68.49,294.95,21.51,True,Summer,0,21.51,180,294.95
2024-06-15 15:00:00+05:30,2024-06-15,2024,6,June,15,167,15,Saturday,55.01,288.86,34.99,True,Summer,0,34.99,180,288.86
2024-06-15 16:00:00+05:30,2024-06-15,2024,6,June,15,167,16,Saturday,41.26,287.76,48.74,True,Summer,0,48.74,180,287.76
2024-06-15 17:00:00+05:30,2024-06-15,2024,6,June,15,167,17,Saturday,27.52,288.66,62.48,True,Summer,0,62.48,180,288.66
2024-06-15 18:00:00+05:30,2024-06-15,2024,6,June,15,167,18,Saturday,13.9,290.81,76.1,True,Summer,0,76.1,180,290.81
2024-06-15 19:00:00+05:30,2024-06-15,2024,6,June,15,167,19,Saturday,0.53,294.11,89.47,True,Summer,0,89.47,180,294.11
2024-06-16 07:00:00+05:30,2024-06-16,2024,6,June,16,168,7,Sunday,11.58,68.69,78.42,True,Summer,0,78.42,180,68.69
2024-06-16 08:00:00+05:30,2024-06-16,2024,6,June,16,168,8,Sunday,25.16,71.03,64.84,True,Summer,0,64.84,180,71.03
2024-06-16 09:00:00+05:30,2024-06-16,2024,6,June,16,168,9,Sunday,38.89,72.16,51.11,True,Summer,0,51.11,180,72.16
2024-06-16 10:00:00+05:30,2024-06-16,2024,6,June,16,168,10,Sunday,52.64,71.5,37.36,True,Summer,0,37.36,180,71.5
2024-06-16 11:00:00+05:30,2024-06-16,2024,6,June,16,168,11,Sunday,66.2,66.72,23.8,True,Summer,0,23.8,180,66.72
2024-06-16 12:00:00+05:30,2024-06-16,2024,6,June,16,168,12,Sunday,78.48,44.82,11.52,True,Summer,0,11.52,180,44.82
2024-06-16 13:00:00+05:30,2024-06-16,2024,6,June,16,168,13,Sunday,80.13,324.82,9.87,True,Summer,0,9.87,180,324.82
2024-06-16 14:00:00+05:30,2024-06-16,2024,6,June,16,168,14,Sunday,68.52,295.09,21.48,True,Summer,0,21.48,180,295.09
2024-06-16 15:00:00+05:30,2024-06-16,2024,6,June,16,168,15,Sunday,55.05,288.92,34.95,True,Summer,0,34.95,180,288.92
2024-06-16 16:00:00+05:30,2024-06-16,2024,6,June,16,168,16,Sunday,41.31,287.81,48.69,True,Summer,0,48.69,180,287.81
2024-06-16 17:00:00+05:30,2024-06-16,2024,6,June,16,168,17,Sunday,27.57,288.69,62.43,True,Summer,0,62.43,180,288.69
2024-06-16 18:00:00+05:30,2024-06-16,2024,6,June,16,168,18,Sunday,13.95,290.83,76.05,True,Summer,0,76.05,180,290.83
2024-06-16 19:00:00+05:30,2024-06-16,2024,6,June,16,168,19,Sunday,0.59,294.12,89.41,True,Summer,0,89.41,180,294.12
2024-06-17 07:00:00+05:30,2024-06-17,2024,6,June,17,169,7,Monday,11.53,68.65,78.47,True,Summer,0,78.47,180,68.65
2024-06-17 08:00:00+05:30,2024-06-17,2024,6,June,17,169,8,Monday,25.11,70.99,64.89,True,Summer,0,64.89,180,70.99
2024-06-17 09:00:00+05:30,2024-06-17,2024,6,June,17,169,9,Monday,38.84,72.12,51.16,True,Summer,0,51.16,180,72.12
2024-06-17 10:00:00+05:30,2024-06-17,2024,6,June,17,169,10,Monday,52.59,71.46,37.41,True,Summer,0,37.41,180,71.46
2024-06-17 11:00:00+05:30,2024-06-17,2024,6,June,17,169,11,Monday,66.14,66.69,23.86,True,Summer,0,23.86,180,66.69
2024-06-17 12:00:00+05:30,2024-06-17,2024,6,June,17,169,12,Monday,78.43,44.89,11.57,True,Summer,0,11.57,180,44.89
2024-06-17 13:00:00+05:30,2024-06-17,2024,6,June,17,169,13,Monday,80.13,325.15,9.87,True,Summer,0,9.87,180,325.15
2024-06-17 14:00:00+05:30,2024-06-17,2024,6,June,17,169,14,Monday,68.56,295.2,21.44,True,Summer,0,21.44,180,295.2
2024-06-17 15:00:00+05:30,2024-06-17,2024,6,June,17,169,15,Monday,55.1,288.98,34.9,True,Summer,0,34.9,180,288.98
2024-06-17 16:00:00+05:30,2024-06-17,2024,6,June,17,169,16,Monday,41.36,287.84,48.64,True,Summer,0,48.64,180,287.84
2024-06-17 17:00:00+05:30,2024-06-17,2024,6,June,17,169,17,Monday,27.62,288.71,62.38,True,Summer,0,62.38,180,288.71
2024-06-17 18:00:00+05:30,2024-06-17,2024,6,June,17,169,18,Monday,14.01,290.85,75.99,True,Summer,0,75.99,180,290.85
2024-06-17 19:00:00+05:30,2024-06-17,2024,6,June,17,169,19,Monday,0.64,294.13,89.36,True,Summer,0,89.36,180,294.13
2024-06-18 07:00:00+05:30,2024-06-18,2024,6,June,18,170,7,Tuesday,11.49,68.62,78.51,True,Summer,0,78.51,180,68.62
2024-06-18 08:00:00+05:30,2024-06-18,2024,6,June,18,170,8,Tuesday,25.07,70.96,64.93,True,Summer,0,64.93,180,70.96
2024-06-18 09:00:00+05:30,2024-06-18,2024,6,June,18,170,9,Tuesday,38.79,72.09,51.21,True,Summer,0,51.21,180,72.09
2024-06-18 10:00:00+05:30,2024-06-18,2024,6,June,18,170,10,Tuesday,52.54,71.44,37.46,True,Summer,0,37.46,180,71.44
2024-06-18 11:00:00+05:30,2024-06-18,2024,6,June,18,170,11,Tuesday,66.09,66.67,23.91,True,Summer,0,23.91,180,66.67
2024-06-18 12:00:00+05:30,2024-06-18,2024,6,June,18,170,12,Tuesday,78.38,44.97,11.62,True,Summer,0,11.62,180,44.97
2024-06-18 13:00:00+05:30,2024-06-18,2024,6,June,18,170,13,Tuesday,80.15,325.46,9.85,True,Summer,0,9.85,180,325.46
2024-06-18 14:00:00+05:30,2024-06-18,2024,6,June,18,170,14,Tuesday,68.6,295.3,21.4,True,Summer,0,21.4,180,295.3
2024-06-18 15:00:00+05:30,2024-06-18,2024,6,June,18,170,15,Tuesday,55.15,289.03,34.85,True,Summer,0,34.85,180,289.03
2024-06-18 16:00:00+05:30,2024-06-18,2024,6,June,18,170,16,Tuesday,41.41,287.87,48.59,True,Summer,0,48.59,180,287.87
2024-06-18 17:00:00+05:30,2024-06-18,2024,6,June,18,170,17,Tuesday,27.67,288.73,62.33,True,Summer,0,62.33,180,288.73
2024-06-18 18:00:00+05:30,2024-06-18,2024,6,June,18,170,18,Tuesday,14.06,290.86,75.94,True,Summer,0,75.94,180,290.86
2024-06-18 19:00:00+05:30,2024-06-18,2024,6,June,18,170,19,Tuesday,0.69,294.14,89.31,True,Summer,0,89.31,180,294.14
2024-06-19 07:00:00+05:30,2024-06-19,2024,6,June,19,171,7,Wednesday,11.44,68.59,78.56,True,Summer,0,78.56,180,68.59
2024-06-19 08:00:00+05:30,2024-06-19,2024,6,June,19,171,8,Wednesday,25.02,70.94,64.98,True,Summer,0,64.98,180,70.94
2024-06-19 09:00:00+05:30,2024-06-19,2024,6,June,19,171,9,Wednesday,38.74,72.07,51.26,True,Summer,0,51.26,180,72.07
2024-06-19 10:00:00+05:30,2024-06-19,2024,6,June,19,171,10,Wednesday,52.49,71.42,37.51,True,Summer,0,37.51,180,71.42
2024-06-19 11:00:00+05:30,2024-06-19,2024,6,June,19,171,11,Wednesday,66.04,66.67,23.96,True,Summer,0,23.96,180,66.67
2024-06-19 12:00:00+05:30,2024-06-19,2024,6,June,19,171,12,Wednesday,78.33,45.09,11.67,True,Summer,0,11.67,180,45.09
2024-06-19 13:00:00+05:30,2024-06-19,2024,6,June,19,171,13,Wednesday,80.16,325.74,9.84,True,Summer,0,9.84,180,325.74
2024-06-19 14:00:00+05:30,2024-06-19,2024,6,June,19,171,14,Wednesday,68.64,295.37,21.36,True,Summer,0,21.36,180,295.37
2024-06-19 15:00:00+05:30,2024-06-19,2024,6,June,19,171,15,Wednesday,55.2,289.06,34.8,True,Summer,0,34.8,180,289.06
2024-06-19 16:00:00+05:30,2024-06-19,2024,6,June,19,171,16,Wednesday,41.46,287.89,48.54,True,Summer,0,48.54,180,287.89
2024-06-19 17:00:00+05:30,2024-06-19,2024,6,June,19,171,17,Wednesday,27.72,288.74,62.28,True,Summer,0,62.28,180,288.74
2024-06-19 18:00:00+05:30,2024-06-19,2024,6,June,19,171,18,Wednesday,14.11,290.86,75.89,True,Summer,0,75.89,180,290.86
2024-06-19 19:00:00+05:30,2024-06-19,2024,6,June,19,171,19,Wednesday,0.74,294.14,89.26,True,Summer,0,89.26,180,294.14
2024-06-20 07:00:00+05:30,2024-06-20,2024,6,June,20,172,7,Thursday,11.4,68.57,78.6,True,Summer,0,78.6,180,68.57
2024-06-20 08:00:00+05:30,2024-06-20,2024,6,June,20,172,8,Thursday,24.97,70.92,65.03,True,Summer,0,65.03,180,70.92
2024-06-20 09:00:00+05:30,2024-06-20,2024,6,June,20,172,9,Thursday,38.69,72.06,51.31,True,Summer,0,51.31,180,72.06
2024-06-20 10:00:00+05:30,2024-06-20,2024,6,June,20,172,10,Thursday,52.44,71.41,37.56,True,Summer,0,37.56,180,71.41
2024-06-20 11:00:00+05:30,2024-06-20,2024,6,June,20,172,11,Thursday,65.99,66.68,24.01,True,Summer,0,24.01,180,66.68
2024-06-20 12:00:00+05:30,2024-06-20,2024,6,June,20,172,12,Thursday,78.29,45.22,11.71,True,Summer,0,11.71,180,45.22
2024-06-20 13:00:00+05:30,2024-06-20,2024,6,June,20,172,13,Thursday,80.19,326.0,9.81,True,Summer,0,9.81,180,326.0
2024-06-20 14:00:00+05:30,2024-06-20,2024,6,June,20,172,14,Thursday,68.69,295.44,21.31,True,Summer,0,21.31,180,295.44
2024-06-20 15:00:00+05:30,2024-06-20,2024,6,June,20,172,15,Thursday,55.24,289.08,34.76,True,Summer,0,34.76,180,289.08
2024-06-20 16:00:00+05:30,2024-06-20,2024,6,June,20,172,16,Thursday,41.51,287.9,48.49,True,Summer,0,48.49,180,287.9
2024-06-20 17:00:00+05:30,2024-06-20,2024,6,June,20,172,17,Thursday,27.77,288.74,62.23,True,Summer,0,62.23,180,288.74
2024-06-20 18:00:00+05:30,2024-06-20,2024,6,June,20,172,18,Thursday,14.16,290.86,75.84,True,Summer,0,75.84,180,290.86
2024-06-20 19:00:00+05:30,2024-06-20,2024,6,June,20,172,19,Thursday,0.79,294.13,89.21,True,Summer,0,89.21,180,294.13
2024-06-21 07:00:00+05:30,2024-06-21,2024,6,June,21,173,7,Friday,11.35,68.56,78.65,True,Summer,0,78.65,180,68.56
2024-06-21 08:00:00+05:30,2024-06-21,2024,6,June,21,173,8,Friday,24.92,70.91,65.08,True,Summer,0,65.08,180,70.91
2024-06-21 09:00:00+05:30,2024-06-21,2024,6,June,21,173,9,Friday,38.64,72.05,51.36,True,Summer,0,51.36,180,72.05
2024-06-21 10:00:00+05:30,2024-06-21,2024,6,June,21,173,10,Friday,52.39,71.42,37.61,True,Summer,0,37.61,180,71.42
2024-06-21 11:00:00+05:30,2024-06-21,2024,6,June,21,173,11,Friday,65.94,66.71,24.06,True,Summer,0,24.06,180,66.71
2024-06-21 12:00:00+05:30,2024-06-21,2024,6,June,21,173,12,Friday,78.25,45.38,11.75,True,Summer,0,11.75,180,45.38
2024-06-21 13:00:00+05:30,2024-06-21,2024,6,June,21,173,13,Friday,80.22,326.24,9.78,True,Summer,0,9.78,180,326.24
2024-06-21 14:00:00+05:30,2024-06-21,2024,6,June,21,173,14,Friday,68.74,295.48,21.26,True,Summer,0,21.26,180,295.48
2024-06-21 15:00:00+05:30,2024-06-21,2024,6,June,21,173,15,Friday,55.29,289.09,34.71,True,Summer,0,34.71,180,289.09
2024-06-21 16:00:00+05:30,2024-06-21,2024,6,June,21,173,16,Friday,41.56,287.89,48.44,True,Summer,0,48.44,180,287.89
2024-06-21 17:00:00+05:30,2024-06-21,2024,6,June,21,173,17,Friday,27.82,288.73,62.18,True,Summer,0,62.18,180,288.73
2024-06-21 18:00:00+05:30,2024-06-21,2024,6,June,21,173,18,Friday,14.21,290.84,75.79,True,Summer,0,75.79,180,290.84
2024-06-21 19:00:00+05:30,2024-06-21,2024,6,June,21,173,19,Friday,0.84,294.11,89.16,True,Summer,0,89.16,180,294.11
2024-06-22 07:00:00+05:30,2024-06-22,2024,6,June,22,174,7,Saturday,11.3,68.55,78.7,True,Summer,0,78.7,180,68.55
2024-06-22 08:00:00+05:30,2024-06-22,2024,6,June,22,174,8,Saturday,24.87,70.91,65.13,True,Summer,0,65.13,180,70.91
2024-06-22 09:00:00+05:30,2024-06-22,2024,6,June,22,174,9,Saturday,38.59,72.06,51.41,True,Summer,0,51.41,180,72.06
2024-06-22 10:00:00+05:30,2024-06-22,2024,6,June,22,174,10,Saturday,52.34,71.43,37.66,True,Summer,0,37.66,180,71.43
2024-06-22 11:00:00+05:30,2024-06-22,2024,6,June,22,174,11,Saturday,65.89,66.76,24.11,True,Summer,0,24.11,180,66.76
2024-06-22 12:00:00+05:30,2024-06-22,2024,6,June,22,174,12,Saturday,78.22,45.56,11.78,True,Summer,0,11.78,180,45.56
2024-06-22 13:00:00+05:30,2024-06-22,2024,6,June,22,174,13,Saturday,80.25,326.45,9.75,True,Summer,0,9.75,180,326.45
2024-06-22 14:00:00+05:30,2024-06-22,2024,6,June,22,174,14,Saturday,68.78,295.5,21.22,True,Summer,0,21.22,180,295.5
2024-06-22 15:00:00+05:30,2024-06-22,2024,6,June,22,174,15,Saturday,55.34,289.09,34.66,True,Summer,0,34.66,180,289.09
2024-06-22 16:00:00+05:30,2024-06-22,2024,6,June,22,174,16,Saturday,41.61,287.88,48.39,True,Summer,0,48.39,180,287.88
2024-06-22 17:00:00+05:30,2024-06-22,2024,6,June,22,174,17,Saturday,27.87,288.72,62.13,True,Summer,0,62.13,180,288.72
2024-06-22 18:00:00+05:30,2024-06-22,2024,6,June,22,174,18,Saturday,14.26,290.83,75.74,True,Summer,0,75.74,180,290.83
2024-06-22 19:00:00+05:30,2024-06-22,2024,6,June,22,174,19,Saturday,0.89,294.09,89.11,True,Summer,0,89.11,180,294.09
2024-06-23 07:00:00+05:30,2024-06-23,2024,6,June,23,175,7,Sunday,11.25,68.56,78.75,True,Summer,0,78.75,180,68.56
2024-06-23 08:00:00+05:30,2024-06-23,2024,6,June,23,175,8,Sunday,24.82,70.92,65.18,True,Summer,0,65.18,180,70.92
2024-06-23 09:00:00+05:30,2024-06-23,2024,6,June,23,175,9,Sunday,38.54,72.07,51.46,True,Summer,0,51.46,180,72.07
2024-06-23 10:00:00+05:30,2024-06-23,2024,6,June,23,175,10,Sunday,52.29,71.46,37.71,True,Summer,0,37.71,180,71.46
2024-06-23 11:00:00+05:30,2024-06-23,2024,6,June,23,175,11,Sunday,65.85,66.82,24.15,True,Summer,0,24.15,180,66.82
2024-06-23 12:00:00+05:30,2024-06-23,2024,6,June,23,175,12,Sunday,78.19,45.77,11.81,True,Summer,0,11.81,180,45.77
2024-06-23 13:00:00+05:30,2024-06-23,2024,6,June,23,175,13,Sunday,80.29,326.65,9.71,True,Summer,0,9.71,180,326.65
2024-06-23 14:00:00+05:30,2024-06-23,2024,6,June,23,175,14,Sunday,68.84,295.51,21.16,True,Summer,0,21.16,180,295.51
2024-06-23 15:00:00+05:30,2024-06-23,2024,6,June,23,175,15,Sunday,55.39,289.08,34.61,True,Summer,0,34.61,180,289.08
2024-06-23 16:00:00+05:30,2024-06-23,2024,6,June,23,175,16,Sunday,41.66,287.87,48.34,True,Summer,0,48.34,180,287.87
2024-06-23 17:00:00+05:30,2024-06-23,2024,6,June,23,175,17,Sunday,27.92,288.7,62.08,True,Summer,0,62.08,180,288.7
2024-06-23 18:00:00+05:30,2024-06-23,2024,6,June,23,175,18,Sunday,14.3,290.8,75.7,True,Summer,0,75.7,180,290.8
2024-06-23 19:00:00+05:30,2024-06-23,2024,6,June,23,175,19,Sunday,0.93,294.06,89.07,True,Summer,0,89.07,180,294.06
2024-06-24 07:00:00+05:30,2024-06-24,2024,6,June,24,176,7,Monday,11.2,68.56,78.8,True,Summer,0,78.8,180,68.56
2024-06-24 08:00:00+05:30,2024-06-24,2024,6,June,24,176,8,Monday,24.77,70.93,65.23,True,Summer,0,65.23,180,70.93
2024-06-24 09:00:00+05:30,2024-06-24,2024,6,June,24,176,9,Monday,38.49,72.1,51.51,True,Summer,0,51.51,180,72.1
2024-06-24 10:00:00+05:30,2024-06-24,2024,6,June,24,176,10,Monday,52.24,71.5,37.76,True,Summer,0,37.76,180,71.5
2024-06-24 11:00:00+05:30,2024-06-24,2024,6,June,24,176,11,Monday,65.81,66.89,24.19,True,Summer,0,24.19,180,66.89
2024-06-24 12:00:00+05:30,2024-06-24,2024,6,June,24,176,12,Monday,78.16,46.0,11.84,True,Summer,0,11.84,180,46.0
2024-06-24 13:00:00+05:30,2024-06-24,2024,6,June,24,176,13,Monday,80.33,326.81,9.67,True,Summer,0,9.67,180,326.81
2024-06-24 14:00:00+05:30,2024-06-24,2024,6,June,24,176,14,Monday,68.89,295.5,21.11,True,Summer,0,21.11,180,295.5
2024-06-24 15:00:00+05:30,2024-06-24,2024,6,June,24,176,15,Monday,55.44,289.05,34.56,True,Summer,0,34.56,180,289.05
2024-06-24 16:00:00+05:30,2024-06-24,2024,6,June,24,176,16,Monday,41.71,287.84,48.29,True,Summer,0,48.29,180,287.84
2024-06-24 17:00:00+05:30,2024-06-24,2024,6,June,24,176,17,Monday,27.97,288.67,62.03,True,Summer,0,62.03,180,288.67
2024-06-24 18:00:00+05:30,2024-06-24,2024,6,June,24,176,18,Monday,14.35,290.77,75.65,True,Summer,0,75.65,180,290.77
2024-06-24 19:00:00+05:30,2024-06-24,2024,6,June,24,176,19,Monday,0.97,294.03,89.03,True,Summer,0,89.03,180,294.03
2024-06-25 07:00:00+05:30,2024-06-25,2024,6,June,25,177,7,Tuesday,11.14,68.58,78.86,True,Summer,0,78.86,180,68.58
2024-06-25 08:00:00+05:30,2024-06-25,2024,6,June,25,177,8,Tuesday,24.72,70.95,65.28,True,Summer,0,65.28,180,70.95
2024-06-25 09:00:00+05:30,2024-06-25,2024,6,June,25,177,9,Tuesday,38.44,72.13,51.56,True,Summer,0,51.56,180,72.13
2024-06-25 10:00:00+05:30,2024-06-25,2024,6,June,25,177,10,Tuesday,52.2,71.55,37.8,True,Summer,0,37.8,180,71.55
2024-06-25 11:00:00+05:30,2024-06-25,2024,6,June,25,177,11,Tuesday,65.77,66.99,24.23,True,Summer,0,24.23,180,66.99
2024-06-25 12:00:00+05:30,2024-06-25,2024,6,June,25,177,12,Tuesday,78.14,46.25,11.86,True,Summer,0,11.86,180,46.25
2024-06-25 13:00:00+05:30,2024-06-25,2024,6,June,25,177,13,Tuesday,80.38,326.96,9.62,True,Summer,0,9.62,180,326.96
2024-06-25 14:00:00+05:30,2024-06-25,2024,6,June,25,177,14,Tuesday,68.94,295.47,21.06,True,Summer,0,21.06,180,295.47
2024-06-25 15:00:00+05:30,2024-06-25,2024,6,June,25,177,15,Tuesday,55.5,289.01,34.5,True,Summer,0,34.5,180,289.01
2024-06-25 16:00:00+05:30,2024-06-25,2024,6,June,25,177,16,Tuesday,41.76,287.8,48.24,True,Summer,0,48.24,180,287.8
2024-06-25 17:00:00+05:30,2024-06-25,2024,6,June,25,177,17,Tuesday,28.01,288.63,61.99,True,Summer,0,61.99,180,288.63
2024-06-25 18:00:00+05:30,2024-06-25,2024,6,June,25,177,18,Tuesday,14.39,290.73,75.61,True,Summer,0,75.61,180,290.73
2024-06-25 19:00:00+05:30,2024-06-25,2024,6,June,25,177,19,Tuesday,1.01,293.99,88.99,True,Summer,0,88.99,180,293.99
2024-06-26 07:00:00+05:30,2024-06-26,2024,6,June,26,178,7,Wednesday,11.09,68.6,78.91,True,Summer,0,78.91,180,68.6
2024-06-26 08:00:00+05:30,2024-06-26,2024,6,June,26,178,8,Wednesday,24.67,70.98,65.33,True,Summer,0,65.33,180,70.98
2024-06-26 09:00:00+05:30,2024-06-26,2024,6,June,26,178,9,Wednesday,38.39,72.17,51.61,True,Summer,0,51.61,180,72.17
2024-06-26 10:00:00+05:30,2024-06-26,2024,6,June,26,178,10,Wednesday,52.15,71.61,37.85,True,Summer,0,37.85,180,71.61
2024-06-26 11:00:00+05:30,2024-06-26,2024,6,June,26,178,11,Wednesday,65.73,67.1,24.27,True,Summer,0,24.27,180,67.1
2024-06-26 12:00:00+05:30,2024-06-26,2024,6,June,26,178,12,Wednesday,78.13,46.53,11.87,True,Summer,0,11.87,180,46.53
2024-06-26 13:00:00+05:30,2024-06-26,2024,6,June,26,178,13,Wednesday,80.44,327.08,9.56,True,Summer,0,9.56,180,327.08
2024-06-26 14:00:00+05:30,2024-06-26,2024,6,June,26,178,14,Wednesday,69.0,295.42,21.0,True,Summer,0,21.0,180,295.42
2024-06-26 15:00:00+05:30,2024-06-26,2024,6,June,26,178,15,Wednesday,55.55,288.96,34.45,True,Summer,0,34.45,180,288.96
2024-06-26 16:00:00+05:30,2024-06-26,2024,6,June,26,178,16,Wednesday,41.8,287.75,48.2,True,Summer,0,48.2,180,287.75
2024-06-26 17:00:00+05:30,2024-06-26,2024,6,June,26,178,17,Wednesday,28.06,288.59,61.94,True,Summer,0,61.94,180,288.59
2024-06-26 18:00:00+05:30,2024-06-26,2024,6,June,26,178,18,Wednesday,14.43,290.69,75.57,True,Summer,0,75.57,180,290.69
2024-06-26 19:00:00+05:30,2024-06-26,2024,6,June,26,178,19,Wednesday,1.04,293.94,88.96,True,Summer,0,88.96,180,293.94
2024-06-27 07:00:00+05:30,2024-06-27,2024,6,June,27,179,7,Thursday,11.04,68.63,78.96,True,Summer,0,78.96,180,68.63
2024-06-27 08:00:00+05:30,2024-06-27,2024,6,June,27,179,8,Thursday,24.62,71.02,65.38,True,Summer,0,65.38,180,71.02
2024-06-27 09:00:00+05:30,2024-06-27,2024,6,June,27,179,9,Thursday,38.35,72.22,51.65,True,Summer,0,51.65,180,72.22
2024-06-27 10:00:00+05:30,2024-06-27,2024,6,June,27,179,10,Thursday,52.11,71.68,37.89,True,Summer,0,37.89,180,71.68
2024-06-27 11:00:00+05:30,2024-06-27,2024,6,June,27,179,11,Thursday,65.69,67.22,24.31,True,Summer,0,24.31,180,67.22
2024-06-27 12:00:00+05:30,2024-06-27,2024,6,June,27,179,12,Thursday,78.12,46.83,11.88,True,Summer,0,11.88,180,46.83
2024-06-27 13:00:00+05:30,2024-06-27,2024,6,June,27,179,13,Thursday,80.5,327.17,9.5,True,Summer,0,9.5,180,327.17
2024-06-27 14:00:00+05:30,2024-06-27,2024,6,June,27,179,14,Thursday,69.06,295.36,20.94,True,Summer,0,20.94,180,295.36
2024-06-27 15:00:00+05:30,2024-06-27,2024,6,June,27,179,15,Thursday,55.6,288.9,34.4,True,Summer,0,34.4,180,288.9
2024-06-27 16:00:00+05:30,2024-06-27,2024,6,June,27,179,16,Thursday,41.85,287.7,48.15,True,Summer,0,48.15,180,287.7
2024-06-27 17:00:00+05:30,2024-06-27,2024,6,June,27,179,17,Thursday,28.1,288.53,61.9,True,Summer,0,61.9,180,288.53
2024-06-27 18:00:00+05:30,2024-06-27,2024,6,June,27,179,18,Thursday,14.47,290.64,75.53,True,Summer,0,75.53,180,290.64
2024-06-27 19:00:00+05:30,2024-06-27,2024,6,June,27,179,19,Thursday,1.08,293.88,88.92,True,Summer,0,88.92,180,293.88
2024-06-28 07:00:00+05:30,2024-06-28,2024,6,June,28,180,7,Friday,10.98,68.66,79.02,True,Summer,0,79.02,180,68.66
2024-06-28 08:00:00+05:30,2024-06-28,2024,6,June,28,180,8,Friday,24.56,71.06,65.44,True,Summer,0,65.44,180,71.06
2024-06-28 09:00:00+05:30,2024-06-28,2024,6,June,28,180,9,Friday,38.3,72.27,51.7,True,Summer,0,51.7,180,72.27
2024-06-28 10:00:00+05:30,2024-06-28,2024,6,June,28,180,10,Friday,52.07,71.76,37.93,True,Summer,0,37.93,180,71.76
2024-06-28 11:00:00+05:30,2024-06-28,2024,6,June,28,180,11,Friday,65.66,67.36,24.34,True,Summer,0,24.34,180,67.36
2024-06-28 12:00:00+05:30,2024-06-28,2024,6,June,28,180,12,Friday,78.11,47.15,11.89,True,Summer,0,11.89,180,47.15
2024-06-28 13:00:00+05:30,2024-06-28,2024,6,June,28,180,13,Friday,80.57,327.24,9.43,True,Summer,0,9.43,180,327.24
2024-06-28 14:00:00+05:30,2024-06-28,2024,6,June,28,180,14,Friday,69.12,295.27,20.88,True,Summer,0,20.88,180,295.27
2024-06-28 15:00:00+05:30,2024-06-28,2024,6,June,28,180,15,Friday,55.65,288.82,34.35,True,Summer,0,34.35,180,288.82
2024-06-28 16:00:00+05:30,2024-06-28,2024,6,June,28,180,16,Friday,41.9,287.63,48.1,True,Summer,0,48.1,180,287.63
2024-06-28 17:00:00+05:30,2024-06-28,2024,6,June,28,180,17,Friday,28.14,288.47,61.86,True,Summer,0,61.86,180,288.47
2024-06-28 18:00:00+05:30,2024-06-28,2024,6,June,28,180,18,Friday,14.5,290.58,75.5,True,Summer,0,75.5,180,290.58
2024-06-28 19:00:00+05:30,2024-06-28,2024,6,June,28,180,19,Friday,1.11,293.82,88.89,True,Summer,0,88.89,180,293.82
2024-06-29 07:00:00+05:30,2024-06-29,2024,6,June,29,181,7,Saturday,10.92,68.71,79.08,True,Summer,0,79.08,180,68.71
2024-06-29 08:00:00+05:30,2024-06-29,2024,6,June,29,181,8,Saturday,24.51,71.12,65.49,True,Summer,0,65.49,180,71.12
2024-06-29 09:00:00+05:30,2024-06-29,2024,6,June,29,181,9,Saturday,38.25,72.34,51.75,True,Summer,0,51.75,180,72.34
2024-06-29 10:00:00+05:30,2024-06-29,2024,6,June,29,181,10,Saturday,52.02,71.86,37.98,True,Summer,0,37.98,180,71.86
2024-06-29 11:00:00+05:30,2024-06-29,2024,6,June,29,181,11,Saturday,65.63,67.51,24.37,True,Summer,0,24.37,180,67.51
2024-06-29 12:00:00+05:30,2024-06-29,2024,6,June,29,181,12,Saturday,78.11,47.5,11.89,True,Summer,0,11.89,180,47.5
2024-06-29 13:00:00+05:30,2024-06-29,2024,6,June,29,181,13,Saturday,80.64,327.29,9.36,True,Summer,0,9.36,180,327.29
2024-06-29 14:00:00+05:30,2024-06-29,2024,6,June,29,181,14,Saturday,69.18,295.17,20.82,True,Summer,0,20.82,180,295.17
2024-06-29 15:00:00+05:30,2024-06-29,2024,6,June,29,181,15,Saturday,55.7,288.74,34.3,True,Summer,0,34.3,180,288.74
2024-06-29 16:00:00+05:30,2024-06-29,2024,6,June,29,181,16,Saturday,41.94,287.56,48.06,True,Summer,0,48.06,180,287.56
2024-06-29 17:00:00+05:30,2024-06-29,2024,6,June,29,181,17,Saturday,28.18,288.41,61.82,True,Summer,0,61.82,180,288.41
2024-06-29 18:00:00+05:30,2024-06-29,2024,6,June,29,181,18,Saturday,14.54,290.51,75.46,True,Summer,0,75.46,180,290.51
2024-06-29 19:00:00+05:30,2024-06-29,2024,6,June,29,181,19,Saturday,1.14,293.76,88.86,True,Summer,0,88.86,180,293.76
2024-06-30 07:00:00+05:30,2024-06-30,2024,6,June,30,182,7,Sunday,10.87,68.76,79.13,True,Summer,0,79.13,180,68.76
2024-06-30 08:00:00+05:30,2024-06-30,2024,6,June,30,182,8,Sunday,24.46,71.18,65.54,True,Summer,0,65.54,180,71.18
2024-06-30 09:00:00+05:30,2024-06-30,2024,6,June,30,182,9,Sunday,38.2,72.42,51.8,True,Summer,0,51.8,180,72.42
2024-06-30 10:00:00+05:30,2024-06-30,2024,6,June,30,182,10,Sunday,51.98,71.96,38.02,True,Summer,0,38.02,180,71.96
2024-06-30 11:00:00+05:30,2024-06-30,2024,6,June,30,182,11,Sunday,65.6,67.68,24.4,True,Summer,0,24.4,180,67.68
2024-06-30 12:00:00+05:30,2024-06-30,2024,6,June,30,182,12,Sunday,78.12,47.87,11.88,True,Summer,0,11.88,180,47.87
2024-06-30 13:00:00+05:30,2024-06-30,2024,6,June,30,182,13,Sunday,80.71,327.31,9.29,True,Summer,0,9.29,180,327.31
2024-06-30 14:00:00+05:30,2024-06-30,2024,6,June,30,182,14,Sunday,69.24,295.04,20.76,True,Summer,0,20.76,180,295.04
2024-06-30 15:00:00+05:30,2024-06-30,2024,6,June,30,182,15,Sunday,55.76,288.64,34.24,True,Summer,0,34.24,180,288.64
2024-06-30 16:00:00+05:30,2024-06-30,2024,6,June,30,182,16,Sunday,41.99,287.47,48.01,True,Summer,0,48.01,180,287.47
2024-06-30 17:00:00+05:30,2024-06-30,2024,6,June,30,182,17,Sunday,28.22,288.33,61.78,True,Summer,0,61.78,180,288.33
2024-06-30 18:00:00+05:30,2024-06-30,2024,6,June,30,182,18,Sunday,14.57,290.44,75.43,True,Summer,0,75.43,180,290.44
2024-06-30 19:00:00+05:30,2024-06-30,2024,6,June,30,182,19,Sunday,1.16,293.68,88.84,True,Summer,0,88.84,180,293.68
2024-07-01 07:00:00+05:30,2024-07-01,2024,7,July,1,183,7,Monday,10.81,68.81,79.19,True,Summer,0,79.19,180,68.81
2024-07-01 08:00:00+05:30,2024-07-01,2024,7,July,1,183,8,Monday,24.41,71.24,65.59,True,Summer,0,65.59,180,71.24
2024-07-01 09:00:00+05:30,2024-07-01,2024,7,July,1,183,9,Monday,38.16,72.5,51.84,True,Summer,0,51.84,180,72.5
2024-07-01 10:00:00+05:30,2024-07-01,2024,7,July,1,183,10,Monday,51.94,72.07,38.06,True,Summer,0,38.06,180,72.07
2024-07-01 11:00:00+05:30,2024-07-01,2024,7,July,1,183,11,Monday,65.57,67.87,24.43,True,Summer,0,24.43,180,67.87
2024-07-01 12:00:00+05:30,2024-07-01,2024,7,July,1,183,12,Monday,78.12,48.26,11.88,True,Summer,0,11.88,180,48.26
2024-07-01 13:00:00+05:30,2024-07-01,2024,7,July,1,183,13,Monday,80.79,327.3,9.21,True,Summer,0,9.21,180,327.3
2024-07-01 14:00:00+05:30,2024-07-01,2024,7,July,1,183,14,Monday,69.3,294.9,20.7,True,Summer,0,20.7,180,294.9
2024-07-01 15:00:00+05:30,2024-07-01,2024,7,July,1,183,15,Monday,55.81,288.53,34.19,True,Summer,0,34.19,180,288.53
2024-07-01 16:00:00+05:30,2024-07-01,2024,7,July,1,183,16,Monday,42.03,287.38,47.97,True,Summer,0,47.97,180,287.38
2024-07-01 17:00:00+05:30,2024-07-01,2024,7,July,1,183,17,Monday,28.26,288.25,61.74,True,Summer,0,61.74,180,288.25
2024-07-01 18:00:00+05:30,2024-07-01,2024,7,July,1,183,18,Monday,14.6,290.36,75.4,True,Summer,0,75.4,180,290.36
2024-07-01 19:00:00+05:30,2024-07-01,2024,7,July,1,183,19,Monday,1.19,293.6,88.81,True,Summer,0,88.81,180,293.6
2024-07-02 07:00:00+05:30,2024-07-02,2024,7,July,2,184,7,Tuesday,10.75,68.88,79.25,True,Summer,0,79.25,180,68.88
2024-07-02 08:00:00+05:30,2024-07-02,2024,7,July,2,184,8,Tuesday,24.35,71.32,65.65,True,Summer,0,65.65,180,71.32
2024-07-02 09:00:00+05:30,2024-07-02,2024,7,July,2,184,9,Tuesday,38.11,72.59,51.89,True,Summer,0,51.89,180,72.59
2024-07-02 10:00:00+05:30,2024-07-02,2024,7,July,2,184,10,Tuesday,51.91,72.2,38.09,True,Summer,0,38.09,180,72.2
2024-07-02 11:00:00+05:30,2024-07-02,2024,7,July,2,184,11,Tuesday,65.55,68.07,24.45,True,Summer,0,24.45,180,68.07
2024-07-02 12:00:00+05:30,2024-07-02,2024,7,July,2,184,12,Tuesday,78.14,48.67,11.86,True,Summer,0,11.86,180,48.67
2024-07-02 13:00:00+05:30,2024-07-02,2024,7,July,2,184,13,Tuesday,80.88,327.26,9.12,True,Summer,0,9.12,180,327.26
2024-07-02 14:00:00+05:30,2024-07-02,2024,7,July,2,184,14,Tuesday,69.37,294.73,20.63,True,Summer,0,20.63,180,294.73
2024-07-02 15:00:00+05:30,2024-07-02,2024,7,July,2,184,15,Tuesday,55.86,288.4,34.14,True,Summer,0,34.14,180,288.4
2024-07-02 16:00:00+05:30,2024-07-02,2024,7,July,2,184,16,Tuesday,42.08,287.28,47.92,True,Summer,0,47.92,180,287.28
2024-07-02 17:00:00+05:30,2024-07-02,2024,7,July,2,184,17,Tuesday,28.29,288.16,61.71,True,Summer,0,61.71,180,288.16
2024-07-02 18:00:00+05:30,2024-07-02,2024,7,July,2,184,18,Tuesday,14.63,290.27,75.37,True,Summer,0,75.37,180,290.27
2024-07-02 19:00:00+05:30,2024-07-02,2024,7,July,2,184,19,Tuesday,1.21,293.52,88.79,True,Summer,0,88.79,180,293.52
2024-07-03 07:00:00+05:30,2024-07-03,2024,7,July,3,185,7,Wednesday,10.69,68.95,79.31,True,Summer,0,79.31,180,68.95
2024-07-03 08:00:00+05:30,2024-07-03,2024,7,July,3,185,8,Wednesday,24.3,71.4,65.7,True,Summer,0,65.7,180,71.4
2024-07-03 09:00:00+05:30,2024-07-03,2024,7,July,3,185,9,Wednesday,38.06,72.69,51.94,True,Summer,0,51.94,180,72.69
2024-07-03 10:00:00+05:30,2024-07-03,2024,7,July,3,185,10,Wednesday,51.87,72.33,38.13,True,Summer,0,38.13,180,72.33
2024-07-03 11:00:00+05:30,2024-07-03,2024,7,July,3,185,11,Wednesday,65.52,68.28,24.48,True,Summer,0,24.48,180,68.28
2024-07-03 12:00:00+05:30,2024-07-03,2024,7,July,3,185,12,Wednesday,78.15,49.11,11.85,True,Summer,0,11.85,180,49.11
2024-07-03 13:00:00+05:30,2024-07-03,2024,7,July,3,185,13,Wednesday,80.97,327.19,9.03,True,Summer,0,9.03,180,327.19
2024-07-03 14:00:00+05:30,2024-07-03,2024,7,July,3,185,14,Wednesday,69.43,294.55,20.57,True,Summer,0,20.57,180,294.55
2024-07-03 15:00:00+05:30,2024-07-03,2024,7,July,3,185,15,Wednesday,55.91,288.26,34.09,True,Summer,0,34.09,180,288.26
2024-07-03 16:00:00+05:30,2024-07-03,2024,7,July,3,185,16,Wednesday,42.12,287.17,47.88,True,Summer,0,47.88,180,287.17
2024-07-03 17:00:00+05:30,2024-07-03,2024,7,July,3,185,17,Wednesday,28.33,288.06,61.67,True,Summer,0,61.67,180,288.06
2024-07-03 18:00:00+05:30,2024-07-03,2024,7,July,3,185,18,Wednesday,14.66,290.18,75.34,True,Summer,0,75.34,180,290.18
2024-07-03 19:00:00+05:30,2024-07-03,2024,7,July,3,185,19,Wednesday,1.22,293.43,88.78,True,Summer,0,88.78,180,293.43
2024-07-04 07:00:00+05:30,2024-07-04,2024,7,July,4,186,7,Thursday,10.63,69.02,79.37,True,Summer,0,79.37,180,69.02
2024-07-04 08:00:00+05:30,2024-07-04,2024,7,July,4,186,8,Thursday,24.25,71.49,65.75,True,Summer,0,65.75,180,71.49
2024-07-04 09:00:00+05:30,2024-07-04,2024,7,July,4,186,9,Thursday,38.02,72.8,51.98,True,Summer,0,51.98,180,72.8
2024-07-04 10:00:00+05:30,2024-07-04,2024,7,July,4,186,10,Thursday,51.83,72.48,38.17,True,Summer,0,38.17,180,72.48
2024-07-04 11:00:00+05:30,2024-07-04,2024,7,July,4,186,11,Thursday,65.5,68.51,24.5,True,Summer,0,24.5,180,68.51
2024-07-04 12:00:00+05:30,2024-07-04,2024,7,July,4,186,12,Thursday,78.17,49.58,11.83,True,Summer,0,11.83,180,49.58
2024-07-04 13:00:00+05:30,2024-07-04,2024,7,July,4,186,13,Thursday,81.07,327.08,8.93,True,Summer,0,8.93,180,327.08
2024-07-04 14:00:00+05:30,2024-07-04,2024,7,July,4,186,14,Thursday,69.5,294.35,20.5,True,Summer,0,20.5,180,294.35
2024-07-04 15:00:00+05:30,2024-07-04,2024,7,July,4,186,15,Thursday,55.96,288.12,34.04,True,Summer,0,34.04,180,288.12
2024-07-04 16:00:00+05:30,2024-07-04,2024,7,July,4,186,16,Thursday,42.16,287.05,47.84,True,Summer,0,47.84,180,287.05
2024-07-04 17:00:00+05:30,2024-07-04,2024,7,July,4,186,17,Thursday,28.36,287.95,61.64,True,Summer,0,61.64,180,287.95
2024-07-04 18:00:00+05:30,2024-07-04,2024,7,July,4,186,18,Thursday,14.68,290.08,75.32,True,Summer,0,75.32,180,290.08
2024-07-04 19:00:00+05:30,2024-07-04,2024,7,July,4,186,19,Thursday,1.24,293.33,88.76,True,Summer,0,88.76,180,293.33
2024-07-05 07:00:00+05:30,2024-07-05,2024,7,July,5,187,7,Friday,10.57,69.11,79.43,True,Summer,0,79.43,180,69.11
2024-07-05 08:00:00+05:30,2024-07-05,2024,7,July,5,187,8,Friday,24.2,71.58,65.8,True,Summer,0,65.8,180,71.58
2024-07-05 09:00:00+05:30,2024-07-05,2024,7,July,5,187,9,Friday,37.98,72.92,52.02,True,Summer,0,52.02,180,72.92
2024-07-05 10:00:00+05:30,2024-07-05,2024,7,July,5,187,10,Friday,51.8,72.63,38.2,True,Summer,0,38.2,180,72.63
2024-07-05 11:00:00+05:30,2024-07-05,2024,7,July,5,187,11,Friday,65.49,68.75,24.51,True,Summer,0,24.51,180,68.75
2024-07-05 12:00:00+05:30,2024-07-05,2024,7,July,5,187,12,Friday,78.2,50.06,11.8,True,Summer,0,11.8,180,50.06
2024-07-05 13:00:00+05:30,2024-07-05,2024,7,July,5,187,13,Friday,81.17,326.95,8.83,True,Summer,0,8.83,180,326.95
2024-07-05 14:00:00+05:30,2024-07-05,2024,7,July,5,187,14,Friday,69.57,294.12,20.43,True,Summer,0,20.43,180,294.12
2024-07-05 15:00:00+05:30,2024-07-05,2024,7,July,5,187,15,Friday,56.01,287.95,33.99,True,Summer,0,33.99,180,287.95
2024-07-05 16:00:00+05:30,2024-07-05,2024,7,July,5,187,16,Friday,42.2,286.92,47.8,True,Summer,0,47.8,180,286.92
2024-07-05 17:00:00+05:30,2024-07-05,2024,7,July,5,187,17,Friday,28.39,287.84,61.61,True,Summer,0,61.61,180,287.84
2024-07-05 18:00:00+05:30,2024-07-05,2024,7,July,5,187,18,Friday,14.7,289.98,75.3,True,Summer,0,75.3,180,289.98
2024-07-05 19:00:00+05:30,2024-07-05,2024,7,July,5,187,19,Friday,1.25,293.23,88.75,True,Summer,0,88.75,180,293.23
2024-07-06 07:00:00+05:30,2024-07-06,2024,7,July,6,188,7,Saturday,10.51,69.2,79.49,True,Summer,0,79.49,180,69.2
2024-07-06 08:00:00+05:30,2024-07-06,2024,7,July,6,188,8,Saturday,24.14,71.68,65.86,True,Summer,0,65.86,180,71.68
2024-07-06 09:00:00+05:30,2024-07-06,2024,7,July,6,188,9,Saturday,37.93,73.04,52.07,True,Summer,0,52.07,180,73.04
2024-07-06 10:00:00+05:30,2024-07-06,2024,7,July,6,188,10,Saturday,51.77,72.8,38.23,True,Summer,0,38.23,180,72.8
2024-07-06 11:00:00+05:30,2024-07-06,2024,7,July,6,188,11,Saturday,65.47,69.01,24.53,True,Summer,0,24.53,180,69.01
2024-07-06 12:00:00+05:30,2024-07-06,2024,7,July,6,188,12,Saturday,78.23,50.57,11.77,True,Summer,0,11.77,180,50.57
2024-07-06 13:00:00+05:30,2024-07-06,2024,7,July,6,188,13,Saturday,81.27,326.78,8.73,True,Summer,0,8.73,180,326.78
2024-07-06 14:00:00+05:30,2024-07-06,2024,7,July,6,188,14,Saturday,69.64,293.88,20.36,True,Summer,0,20.36,180,293.88
2024-07-06 15:00:00+05:30,2024-07-06,2024,7,July,6,188,15,Saturday,56.06,287.78,33.94,True,Summer,0,33.94,180,287.78
2024-07-06 16:00:00+05:30,2024-07-06,2024,7,July,6,188,16,Saturday,42.24,286.78,47.76,True,Summer,0,47.76,180,286.78
2024-07-06 17:00:00+05:30,2024-07-06,2024,7,July,6,188,17,Saturday,28.42,287.72,61.58,True,Summer,0,61.58,180,287.72
2024-07-06 18:00:00+05:30,2024-07-06,2024,7,July,6,188,18,Saturday,14.72,289.87,75.28,True,Summer,0,75.28,180,289.87
2024-07-06 19:00:00+05:30,2024-07-06,2024,7,July,6,188,19,Saturday,1.26,293.12,88.74,True,Summer,0,88.74,180,293.12
2024-07-07 07:00:00+05:30,2024-07-07,2024,7,July,7,189,7,Sunday,10.45,69.29,79.55,True,Summer,0,79.55,180,69.29
2024-07-07 08:00:00+05:30,2024-07-07,2024,7,July,7,189,8,Sunday,24.09,71.79,65.91,True,Summer,0,65.91,180,71.79
2024-07-07 09:00:00+05:30,2024-07-07,2024,7,July,7,189,9,Sunday,37.89,73.17,52.11,True,Summer,0,52.11,180,73.17
2024-07-07 10:00:00+05:30,2024-07-07,2024,7,July,7,189,10,Sunday,51.74,72.98,38.26,True,Summer,0,38.26,180,72.98
2024-07-07 11:00:00+05:30,2024-07-07,2024,7,July,7,189,11,Sunday,65.46,69.28,24.54,True,Summer,0,24.54,180,69.28
2024-07-07 12:00:00+05:30,2024-07-07,2024,7,July,7,189,12,Sunday,78.26,51.11,11.74,True,Summer,0,11.74,180,51.11
2024-07-07 13:00:00+05:30,2024-07-07,2024,7,July,7,189,13,Sunday,81.38,326.57,8.62,True,Summer,0,8.62,180,326.57
2024-07-07 14:00:00+05:30,2024-07-07,2024,7,July,7,189,14,Sunday,69.7,293.61,20.3,True,Summer,0,20.3,180,293.61
2024-07-07 15:00:00+05:30,2024-07-07,2024,7,July,7,189,15,Sunday,56.11,287.59,33.89,True,Summer,0,33.89,180,287.59
2024-07-07 16:00:00+05:30,2024-07-07,2024,7,July,7,189,16,Sunday,42.27,286.63,47.73,True,Summer,0,47.73,180,286.63
2024-07-07 17:00:00+05:30,2024-07-07,2024,7,July,7,189,17,Sunday,28.44,287.59,61.56,True,Summer,0,61.56,180,287.59
2024-07-07 18:00:00+05:30,2024-07-07,2024,7,July,7,189,18,Sunday,14.74,289.75,75.26,True,Summer,0,75.26,180,289.75
2024-07-07 19:00:00+05:30,2024-07-07,2024,7,July,7,189,19,Sunday,1.26,293.0,88.74,True,Summer,0,88.74,180,293.0
2024-07-08 07:00:00+05:30,2024-07-08,2024,7,July,8,190,7,Monday,10.39,69.4,79.61,True,Summer,0,79.61,180,69.4
2024-07-08 08:00:00+05:30,2024-07-08,2024,7,July,8,190,8,Monday,24.04,71.91,65.96,True,Summer,0,65.96,180,71.91
2024-07-08 09:00:00+05:30,2024-07-08,2024,7,July,8,190,9,Monday,37.85,73.31,52.15,True,Summer,0,52.15,180,73.31
2024-07-08 10:00:00+05:30,2024-07-08,2024,7,July,8,190,10,Monday,51.71,73.16,38.29,True,Summer,0,38.29,180,73.16
2024-07-08 11:00:00+05:30,2024-07-08,2024,7,July,8,190,11,Monday,65.45,69.57,24.55,True,Summer,0,24.55,180,69.57
2024-07-08 12:00:00+05:30,2024-07-08,2024,7,July,8,190,12,Monday,78.29,51.67,11.71,True,Summer,0,11.71,180,51.67
2024-07-08 13:00:00+05:30,2024-07-08,2024,7,July,8,190,13,Monday,81.5,326.33,8.5,True,Summer,0,8.5,180,326.33
2024-07-08 14:00:00+05:30,2024-07-08,2024,7,July,8,190,14,Monday,69.77,293.33,20.23,True,Summer,0,20.23,180,293.33
2024-07-08 15:00:00+05:30,2024-07-08,2024,7,July,8,190,15,Monday,56.16,287.4,33.84,True,Summer,0,33.84,180,287.4
2024-07-08 16:00:00+05:30,2024-07-08,2024,7,July,8,190,16,Monday,42.31,286.48,47.69,True,Summer,0,47.69,180,286.48
2024-07-08 17:00:00+05:30,2024-07-08,2024,7,July,8,190,17,Monday,28.47,287.46,61.53,True,Summer,0,61.53,180,287.46
2024-07-08 18:00:00+05:30,2024-07-08,2024,7,July,8,190,18,Monday,14.75,289.62,75.25,True,Summer,0,75.25,180,289.62
2024-07-08 19:00:00+05:30,2024-07-08,2024,7,July,8,190,19,Monday,1.27,292.88,88.73,True,Summer,0,88.73,180,292.88
2024-07-09 07:00:00+05:30,2024-07-09,2024,7,July,9,191,7,Tuesday,10.33,69.51,79.67,True,Summer,0,79.67,180,69.51
2024-07-09 08:00:00+05:30,2024-07-09,2024,7,July,9,191,8,Tuesday,23.99,72.04,66.01,True,Summer,0,66.01,180,72.04
2024-07-09 09:00:00+05:30,2024-07-09,2024,7,July,9,191,9,Tuesday,37.81,73.46,52.19,True,Summer,0,52.19,180,73.46
2024-07-09 10:00:00+05:30,2024-07-09,2024,7,July,9,191,10,Tuesday,51.68,73.36,38.32,True,Summer,0,38.32,180,73.36
2024-07-09 11:00:00+05:30,2024-07-09,2024,7,July,9,191,11,Tuesday,65.44,69.87,24.56,True,Summer,0,24.56,180,69.87
2024-07-09 12:00:00+05:30,2024-07-09,2024,7,July,9,191,12,Tuesday,78.33,52.25,11.67,True,Summer,0,11.67,180,52.25
2024-07-09 13:00:00+05:30,2024-07-09,2024,7,July,9,191,13,Tuesday,81.62,326.04,8.38,True,Summer,0,8.38,180,326.04
2024-07-09 14:00:00+05:30,2024-07-09,2024,7,July,9,191,14,Tuesday,69.84,293.02,20.16,True,Summer,0,20.16,180,293.02
2024-07-09 15:00:00+05:30,2024-07-09,2024,7,July,9,191,15,Tuesday,56.2,287.18,33.8,True,Summer,0,33.8,180,287.18
2024-07-09 16:00:00+05:30,2024-07-09,2024,7,July,9,191,16,Tuesday,42.34,286.31,47.66,True,Summer,0,47.66,180,286.31
2024-07-09 17:00:00+05:30,2024-07-09,2024,7,July,9,191,17,Tuesday,28.49,287.32,61.51,True,Summer,0,61.51,180,287.32
2024-07-09 18:00:00+05:30,2024-07-09,2024,7,July,9,191,18,Tuesday,14.76,289.49,75.24,True,Summer,0,75.24,180,289.49
2024-07-09 19:00:00+05:30,2024-07-09,2024,7,July,9,191,19,Tuesday,1.26,292.75,88.74,True,Summer,0,88.74,180,292.75
2024-07-10 07:00:00+05:30,2024-07-10,2024,7,July,10,192,7,Wednesday,10.27,69.62,79.73,True,Summer,0,79.73,180,69.62
2024-07-10 08:00:00+05:30,2024-07-10,2024,7,July,10,192,8,Wednesday,23.94,72.17,66.06,True,Summer,0,66.06,180,72.17
2024-07-10 09:00:00+05:30,2024-07-10,2024,7,July,10,192,9,Wednesday,37.77,73.62,52.23,True,Summer,0,52.23,180,73.62
2024-07-10 10:00:00+05:30,2024-07-10,2024,7,July,10,192,10,Wednesday,51.65,73.57,38.35,True,Summer,0,38.35,180,73.57
2024-07-10 11:00:00+05:30,2024-07-10,2024,7,July,10,192,11,Wednesday,65.43,70.18,24.57,True,Summer,0,24.57,180,70.18
2024-07-10 12:00:00+05:30,2024-07-10,2024,7,July,10,192,12,Wednesday,78.38,52.87,11.62,True,Summer,0,11.62,180,52.87
2024-07-10 13:00:00+05:30,2024-07-10,2024,7,July,10,192,13,Wednesday,81.74,325.72,8.26,True,Summer,0,8.26,180,325.72
2024-07-10 14:00:00+05:30,2024-07-10,2024,7,July,10,192,14,Wednesday,69.91,292.69,20.09,True,Summer,0,20.09,180,292.69
2024-07-10 15:00:00+05:30,2024-07-10,2024,7,July,10,192,15,Wednesday,56.25,286.96,33.75,True,Summer,0,33.75,180,286.96
2024-07-10 16:00:00+05:30,2024-07-10,2024,7,July,10,192,16,Wednesday,42.37,286.14,47.63,True,Summer,0,47.63,180,286.14
2024-07-10 17:00:00+05:30,2024-07-10,2024,7,July,10,192,17,Wednesday,28.51,287.17,61.49,True,Summer,0,61.49,180,287.17
2024-07-10 18:00:00+05:30,2024-07-10,2024,7,July,10,192,18,Wednesday,14.77,289.36,75.23,True,Summer,0,75.23,180,289.36
2024-07-10 19:00:00+05:30,2024-07-10,2024,7,July,10,192,19,Wednesday,1.26,292.62,88.74,True,Summer,0,88.74,180,292.62
2024-07-11 07:00:00+05:30,2024-07-11,2024,7,July,11,193,7,Thursday,10.21,69.75,79.79,True,Summer,0,79.79,180,69.75
2024-07-11 08:00:00+05:30,2024-07-11,2024,7,July,11,193,8,Thursday,23.89,72.31,66.11,True,Summer,0,66.11,180,72.31
2024-07-11 09:00:00+05:30,2024-07-11,2024,7,July,11,193,9,Thursday,37.73,73.79,52.27,True,Summer,0,52.27,180,73.79
2024-07-11 10:00:00+05:30,2024-07-11,2024,7,July,11,193,10,Thursday,51.63,73.78,38.37,True,Summer,0,38.37,180,73.78
2024-07-11 11:00:00+05:30,2024-07-11,2024,7,July,11,193,11,Thursday,65.43,70.51,24.57,True,Summer,0,24.57,180,70.51
2024-07-11 12:00:00+05:30,2024-07-11,2024,7,July,11,193,12,Thursday,78.43,53.5,11.57,True,Summer,0,11.57,180,53.5
2024-07-11 13:00:00+05:30,2024-07-11,2024,7,July,11,193,13,Thursday,81.86,325.34,8.14,True,Summer,0,8.14,180,325.34
2024-07-11 14:00:00+05:30,2024-07-11,2024,7,July,11,193,14,Thursday,69.97,292.34,20.03,True,Summer,0,20.03,180,292.34
2024-07-11 15:00:00+05:30,2024-07-11,2024,7,July,11,193,15,Thursday,56.29,286.73,33.71,True,Summer,0,33.71,180,286.73
2024-07-11 16:00:00+05:30,2024-07-11,2024,7,July,11,193,16,Thursday,42.4,285.96,47.6,True,Summer,0,47.6,180,285.96
2024-07-11 17:00:00+05:30,2024-07-11,2024,7,July,11,193,17,Thursday,28.52,287.01,61.48,True,Summer,0,61.48,180,287.01
2024-07-11 18:00:00+05:30,2024-07-11,2024,7,July,11,193,18,Thursday,14.77,289.21,75.23,True,Summer,0,75.23,180,289.21
2024-07-11 19:00:00+05:30,2024-07-11,2024,7,July,11,193,19,Thursday,1.25,292.48,88.75,True,Summer,0,88.75,180,292.48
2024-07-12 07:00:00+05:30,2024-07-12,2024,7,July,12,194,7,Friday,10.15,69.88,79.85,True,Summer,0,79.85,180,69.88
2024-07-12 08:00:00+05:30,2024-07-12,2024,7,July,12,194,8,Friday,23.85,72.45,66.15,True,Summer,0,66.15,180,72.45
2024-07-12 09:00:00+05:30,2024-07-12,2024,7,July,12,194,9,Friday,37.7,73.96,52.3,True,Summer,0,52.3,180,73.96
2024-07-12 10:00:00+05:30,2024-07-12,2024,7,July,12,194,10,Friday,51.61,74.01,38.39,True,Summer,0,38.39,180,74.01
2024-07-12 11:00:00+05:30,2024-07-12,2024,7,July,12,194,11,Friday,65.43,70.85,24.57,True,Summer,0,24.57,180,70.85
2024-07-12 12:00:00+05:30,2024-07-12,2024,7,July,12,194,12,Friday,78.48,54.17,11.52,True,Summer,0,11.52,180,54.17
2024-07-12 13:00:00+05:30,2024-07-12,2024,7,July,12,194,13,Friday,81.99,324.92,8.01,True,Summer,0,8.01,180,324.92
2024-07-12 14:00:00+05:30,2024-07-12,2024,7,July,12,194,14,Friday,70.04,291.97,19.96,True,Summer,0,19.96,180,291.97
2024-07-12 15:00:00+05:30,2024-07-12,2024,7,July,12,194,15,Friday,56.33,286.48,33.67,True,Summer,0,33.67,180,286.48
2024-07-12 16:00:00+05:30,2024-07-12,2024,7,July,12,194,16,Friday,42.43,285.76,47.57,True,Summer,0,47.57,180,285.76
2024-07-12 17:00:00+05:30,2024-07-12,2024,7,July,12,194,17,Friday,28.54,286.85,61.46,True,Summer,0,61.46,180,286.85
2024-07-12 18:00:00+05:30,2024-07-12,2024,7,July,12,194,18,Friday,14.78,289.07,75.22,True,Summer,0,75.22,180,289.07
2024-07-12 19:00:00+05:30,2024-07-12,2024,7,July,12,194,19,Friday,1.24,292.34,88.76,True,Summer,0,88.76,180,292.34
2024-07-13 07:00:00+05:30,2024-07-13,2024,7,July,13,195,7,Saturday,10.1,70.02,79.9,True,Summer,0,79.9,180,70.02
2024-07-13 08:00:00+05:30,2024-07-13,2024,7,July,13,195,8,Saturday,23.8,72.6,66.2,True,Summer,0,66.2,180,72.6
2024-07-13 09:00:00+05:30,2024-07-13,2024,7,July,13,195,9,Saturday,37.66,74.14,52.34,True,Summer,0,52.34,180,74.14
2024-07-13 10:00:00+05:30,2024-07-13,2024,7,July,13,195,10,Saturday,51.59,74.24,38.41,True,Summer,0,38.41,180,74.24
2024-07-13 11:00:00+05:30,2024-07-13,2024,7,July,13,195,11,Saturday,65.43,71.21,24.57,True,Summer,0,24.57,180,71.21
2024-07-13 12:00:00+05:30,2024-07-13,2024,7,July,13,195,12,Saturday,78.53,54.86,11.47,True,Summer,0,11.47,180,54.86
2024-07-13 13:00:00+05:30,2024-07-13,2024,7,July,13,195,13,Saturday,82.13,324.44,7.87,True,Summer,0,7.87,180,324.44
2024-07-13 14:00:00+05:30,2024-07-13,2024,7,July,13,195,14,Saturday,70.1,291.58,19.9,True,Summer,0,19.9,180,291.58
2024-07-13 15:00:00+05:30,2024-07-13,2024,7,July,13,195,15,Saturday,56.37,286.22,33.63,True,Summer,0,33.63,180,286.22
2024-07-13 16:00:00+05:30,2024-07-13,2024,7,July,13,195,16,Saturday,42.45,285.56,47.55,True,Summer,0,47.55,180,285.56
2024-07-13 17:00:00+05:30,2024-07-13,2024,7,July,13,195,17,Saturday,28.55,286.68,61.45,True,Summer,0,61.45,180,286.68
2024-07-13 18:00:00+05:30,2024-07-13,2024,7,July,13,195,18,Saturday,14.77,288.91,75.23,True,Summer,0,75.23,180,288.91
2024-07-13 19:00:00+05:30,2024-07-13,2024,7,July,13,195,19,Saturday,1.22,292.19,88.78,True,Summer,0,88.78,180,292.19
2024-07-14 07:00:00+05:30,2024-07-14,2024,7,July,14,196,7,Sunday,10.04,70.16,79.96,True,Summer,0,79.96,180,70.16
2024-07-14 08:00:00+05:30,2024-07-14,2024,7,July,14,196,8,Sunday,23.75,72.76,66.25,True,Summer,0,66.25,180,72.76
2024-07-14 09:00:00+05:30,2024-07-14,2024,7,July,14,196,9,Sunday,37.63,74.33,52.37,True,Summer,0,52.37,180,74.33
2024-07-14 10:00:00+05:30,2024-07-14,2024,7,July,14,196,10,Sunday,51.57,74.49,38.43,True,Summer,0,38.43,180,74.49
2024-07-14 11:00:00+05:30,2024-07-14,2024,7,July,14,196,11,Sunday,65.43,71.58,24.57,True,Summer,0,24.57,180,71.58
2024-07-14 12:00:00+05:30,2024-07-14,2024,7,July,14,196,12,Sunday,78.59,55.58,11.41,True,Summer,0,11.41,180,55.58
2024-07-14 13:00:00+05:30,2024-07-14,2024,7,July,14,196,13,Sunday,82.26,323.91,7.74,True,Summer,0,7.74,180,323.91
2024-07-14 14:00:00+05:30,2024-07-14,2024,7,July,14,196,14,Sunday,70.17,291.16,19.83,True,Summer,0,19.83,180,291.16
2024-07-14 15:00:00+05:30,2024-07-14,2024,7,July,14,196,15,Sunday,56.41,285.95,33.59,True,Summer,0,33.59,180,285.95
2024-07-14 16:00:00+05:30,2024-07-14,2024,7,July,14,196,16,Sunday,42.47,285.36,47.53,True,Summer,0,47.53,180,285.36
2024-07-14 17:00:00+05:30,2024-07-14,2024,7,July,14,196,17,Sunday,28.56,286.5,61.44,True,Summer,0,61.44,180,286.5
2024-07-14 18:00:00+05:30,2024-07-14,2024,7,July,14,196,18,Sunday,14.77,288.75,75.23,True,Summer,0,75.23,180,288.75
2024-07-14 19:00:00+05:30,2024-07-14,2024,7,July,14,196,19,Sunday,1.21,292.03,88.79,True,Summer,0,88.79,180,292.03
2024-07-15 07:00:00+05:30,2024-07-15,2024,7,July,15,197,7,Monday,9.98,70.31,80.02,True,Summer,0,80.02,180,70.31
2024-07-15 08:00:00+05:30,2024-07-15,2024,7,July,15,197,8,Monday,23.71,72.93,66.29,True,Summer,0,66.29,180,72.93
2024-07-15 09:00:00+05:30,2024-07-15,2024,7,July,15,197,9,Monday,37.59,74.53,52.41,True,Summer,0,52.41,180,74.53
2024-07-15 10:00:00+05:30,2024-07-15,2024,7,July,15,197,10,Monday,51.55,74.74,38.45,True,Summer,0,38.45,180,74.74
2024-07-15 11:00:00+05:30,2024-07-15,2024,7,July,15,197,11,Monday,65.43,71.96,24.57,True,Summer,0,24.57,180,71.96
2024-07-15 12:00:00+05:30,2024-07-15,2024,7,July,15,197,12,Monday,78.65,56.33,11.35,True,Summer,0,11.35,180,56.33
2024-07-15 13:00:00+05:30,2024-07-15,2024,7,July,15,197,13,Monday,82.4,323.32,7.6,True,Summer,0,7.6,180,323.32
2024-07-15 14:00:00+05:30,2024-07-15,2024,7,July,15,197,14,Monday,70.23,290.73,19.77,True,Summer,0,19.77,180,290.73
2024-07-15 15:00:00+05:30,2024-07-15,2024,7,July,15,197,15,Monday,56.45,285.67,33.55,True,Summer,0,33.55,180,285.67
2024-07-15 16:00:00+05:30,2024-07-15,2024,7,July,15,197,16,Monday,42.49,285.14,47.51,True,Summer,0,47.51,180,285.14
2024-07-15 17:00:00+05:30,2024-07-15,2024,7,July,15,197,17,Monday,28.56,286.32,61.44,True,Summer,0,61.44,180,286.32
2024-07-15 18:00:00+05:30,2024-07-15,2024,7,July,15,197,18,Monday,14.76,288.58,75.24,True,Summer,0,75.24,180,288.58
2024-07-15 19:00:00+05:30,2024-07-15,2024,7,July,15,197,19,Monday,1.18,291.87,88.82,True,Summer,0,88.82,180,291.87
2024-07-16 07:00:00+05:30,2024-07-16,2024,7,July,16,198,7,Tuesday,9.92,70.47,80.08,True,Summer,0,80.08,180,70.47
2024-07-16 08:00:00+05:30,2024-07-16,2024,7,July,16,198,8,Tuesday,23.66,73.1,66.34,True,Summer,0,66.34,180,73.1
2024-07-16 09:00:00+05:30,2024-07-16,2024,7,July,16,198,9,Tuesday,37.56,74.73,52.44,True,Summer,0,52.44,180,74.73
2024-07-16 10:00:00+05:30,2024-07-16,2024,7,July,16,198,10,Tuesday,51.53,75.01,38.47,True,Summer,0,38.47,180,75.01
2024-07-16 11:00:00+05:30,2024-07-16,2024,7,July,16,198,11,Tuesday,65.44,72.36,24.56,True,Summer,0,24.56,180,72.36
2024-07-16 12:00:00+05:30,2024-07-16,2024,7,July,16,198,12,Tuesday,78.71,57.11,11.29,True,Summer,0,11.29,180,57.11
2024-07-16 13:00:00+05:30,2024-07-16,2024,7,July,16,198,13,Tuesday,82.55,322.67,7.45,True,Summer,0,7.45,180,322.67
2024-07-16 14:00:00+05:30,2024-07-16,2024,7,July,16,198,14,Tuesday,70.29,290.27,19.71,True,Summer,0,19.71,180,290.27
2024-07-16 15:00:00+05:30,2024-07-16,2024,7,July,16,198,15,Tuesday,56.48,285.37,33.52,True,Summer,0,33.52,180,285.37
2024-07-16 16:00:00+05:30,2024-07-16,2024,7,July,16,198,16,Tuesday,42.51,284.92,47.49,True,Summer,0,47.49,180,284.92
2024-07-16 17:00:00+05:30,2024-07-16,2024,7,July,16,198,17,Tuesday,28.57,286.13,61.43,True,Summer,0,61.43,180,286.13
2024-07-16 18:00:00+05:30,2024-07-16,2024,7,July,16,198,18,Tuesday,14.75,288.41,75.25,True,Summer,0,75.25,180,288.41
2024-07-16 19:00:00+05:30,2024-07-16,2024,7,July,16,198,19,Tuesday,1.16,291.71,88.84,True,Summer,0,88.84,180,291.71
2024-07-17 07:00:00+05:30,2024-07-17,2024,7,July,17,199,7,Wednesday,9.87,70.63,80.13,True,Summer,0,80.13,180,70.63
2024-07-17 08:00:00+05:30,2024-07-17,2024,7,July,17,199,8,Wednesday,23.62,73.28,66.38,True,Summer,0,66.38,180,73.28
2024-07-17 09:00:00+05:30,2024-07-17,2024,7,July,17,199,9,Wednesday,37.53,74.94,52.47,True,Summer,0,52.47,180,74.94
2024-07-17 10:00:00+05:30,2024-07-17,2024,7,July,17,199,10,Wednesday,51.52,75.28,38.48,True,Summer,0,38.48,180,75.28
2024-07-17 11:00:00+05:30,2024-07-17,2024,7,July,17,199,11,Wednesday,65.45,72.77,24.55,True,Summer,0,24.55,180,72.77
2024-07-17 12:00:00+05:30,2024-07-17,2024,7,July,17,199,12,Wednesday,78.78,57.92,11.22,True,Summer,0,11.22,180,57.92
2024-07-17 13:00:00+05:30,2024-07-17,2024,7,July,17,199,13,Wednesday,82.69,321.94,7.31,True,Summer,0,7.31,180,321.94
2024-07-17 14:00:00+05:30,2024-07-17,2024,7,July,17,199,14,Wednesday,70.35,289.79,19.65,True,Summer,0,19.65,180,289.79
2024-07-17 15:00:00+05:30,2024-07-17,2024,7,July,17,199,15,Wednesday,56.51,285.06,33.49,True,Summer,0,33.49,180,285.06
2024-07-17 16:00:00+05:30,2024-07-17,2024,7,July,17,199,16,Wednesday,42.52,284.68,47.48,True,Summer,0,47.48,180,284.68
2024-07-17 17:00:00+05:30,2024-07-17,2024,7,July,17,199,17,Wednesday,28.57,285.93,61.43,True,Summer,0,61.43,180,285.93
2024-07-17 18:00:00+05:30,2024-07-17,2024,7,July,17,199,18,Wednesday,14.74,288.23,75.26,True,Summer,0,75.26,180,288.23
2024-07-17 19:00:00+05:30,2024-07-17,2024,7,July,17,199,19,Wednesday,1.13,291.54,88.87,True,Summer,0,88.87,180,291.54
2024-07-18 07:00:00+05:30,2024-07-18,2024,7,July,18,200,7,Thursday,9.81,70.8,80.19,True,Summer,0,80.19,180,70.8
2024-07-18 08:00:00+05:30,2024-07-18,2024,7,July,18,200,8,Thursday,23.58,73.47,66.42,True,Summer,0,66.42,180,73.47
2024-07-18 09:00:00+05:30,2024-07-18,2024,7,July,18,200,9,Thursday,37.5,75.16,52.5,True,Summer,0,52.5,180,75.16
2024-07-18 10:00:00+05:30,2024-07-18,2024,7,July,18,200,10,Thursday,51.51,75.56,38.49,True,Summer,0,38.49,180,75.56
2024-07-18 11:00:00+05:30,2024-07-18,2024,7,July,18,200,11,Thursday,65.46,73.19,24.54,True,Summer,0,24.54,180,73.19
2024-07-18 12:00:00+05:30,2024-07-18,2024,7,July,18,200,12,Thursday,78.85,58.76,11.15,True,Summer,0,11.15,180,58.76
2024-07-18 13:00:00+05:30,2024-07-18,2024,7,July,18,200,13,Thursday,82.84,321.15,7.16,True,Summer,0,7.16,180,321.15
2024-07-18 14:00:00+05:30,2024-07-18,2024,7,July,18,200,14,Thursday,70.41,289.29,19.59,True,Summer,0,19.59,180,289.29
2024-07-18 15:00:00+05:30,2024-07-18,2024,7,July,18,200,15,Thursday,56.54,284.75,33.46,True,Summer,0,33.46,180,284.75
2024-07-18 16:00:00+05:30,2024-07-18,2024,7,July,18,200,16,Thursday,42.53,284.44,47.47,True,Summer,0,47.47,180,284.44
2024-07-18 17:00:00+05:30,2024-07-18,2024,7,July,18,200,17,Thursday,28.56,285.73,61.44,True,Summer,0,61.44,180,285.73
2024-07-18 18:00:00+05:30,2024-07-18,2024,7,July,18,200,18,Thursday,14.72,288.05,75.28,True,Summer,0,75.28,180,288.05
2024-07-18 19:00:00+05:30,2024-07-18,2024,7,July,18,200,19,Thursday,1.1,291.36,88.9,True,Summer,0,88.9,180,291.36
2024-07-19 07:00:00+05:30,2024-07-19,2024,7,July,19,201,7,Friday,9.75,70.97,80.25,True,Summer,0,80.25,180,70.97
2024-07-19 08:00:00+05:30,2024-07-19,2024,7,July,19,201,8,Friday,23.54,73.66,66.46,True,Summer,0,66.46,180,73.66
2024-07-19 09:00:00+05:30,2024-07-19,2024,7,July,19,201,9,Friday,37.48,75.39,52.52,True,Summer,0,52.52,180,75.39
2024-07-19 10:00:00+05:30,2024-07-19,2024,7,July,19,201,10,Friday,51.49,75.86,38.51,True,Summer,0,38.51,180,75.86
2024-07-19 11:00:00+05:30,2024-07-19,2024,7,July,19,201,11,Friday,65.47,73.63,24.53,True,Summer,0,24.53,180,73.63
2024-07-19 12:00:00+05:30,2024-07-19,2024,7,July,19,201,12,Friday,78.92,59.63,11.08,True,Summer,0,11.08,180,59.63
2024-07-19 13:00:00+05:30,2024-07-19,2024,7,July,19,201,13,Friday,82.98,320.28,7.02,True,Summer,0,7.02,180,320.28
2024-07-19 14:00:00+05:30,2024-07-19,2024,7,July,19,201,14,Friday,70.46,288.77,19.54,True,Summer,0,19.54,180,288.77
2024-07-19 15:00:00+05:30,2024-07-19,2024,7,July,19,201,15,Friday,56.56,284.42,33.44,True,Summer,0,33.44,180,284.42
2024-07-19 16:00:00+05:30,2024-07-19,2024,7,July,19,201,16,Friday,42.54,284.19,47.46,True,Summer,0,47.46,180,284.19
2024-07-19 17:00:00+05:30,2024-07-19,2024,7,July,19,201,17,Friday,28.56,285.52,61.44,True,Summer,0,61.44,180,285.52
2024-07-19 18:00:00+05:30,2024-07-19,2024,7,July,19,201,18,Friday,14.7,287.86,75.3,True,Summer,0,75.3,180,287.86
2024-07-19 19:00:00+05:30,2024-07-19,2024,7,July,19,201,19,Friday,1.06,291.18,88.94,True,Summer,0,88.94,180,291.18
2024-07-20 07:00:00+05:30,2024-07-20,2024,7,July,20,202,7,Saturday,9.7,71.15,80.3,True,Summer,0,80.3,180,71.15
2024-07-20 08:00:00+05:30,2024-07-20,2024,7,July,20,202,8,Saturday,23.49,73.86,66.51,True,Summer,0,66.51,180,73.86
2024-07-20 09:00:00+05:30,2024-07-20,2024,7,July,20,202,9,Saturday,37.45,75.62,52.55,True,Summer,0,52.55,180,75.62
2024-07-20 10:00:00+05:30,2024-07-20,2024,7,July,20,202,10,Saturday,51.48,76.16,38.52,True,Summer,0,38.52,180,76.16
2024-07-20 11:00:00+05:30,2024-07-20,2024,7,July,20,202,11,Saturday,65.48,74.08,24.52,True,Summer,0,24.52,180,74.08
2024-07-20 12:00:00+05:30,2024-07-20,2024,7,July,20,202,12,Saturday,78.99,60.54,11.01,True,Summer,0,11.01,180,60.54
2024-07-20 13:00:00+05:30,2024-07-20,2024,7,July,20,202,13,Saturday,83.13,319.33,6.87,True,Summer,0,6.87,180,319.33
2024-07-20 14:00:00+05:30,2024-07-20,2024,7,July,20,202,14,Saturday,70.52,288.23,19.48,True,Summer,0,19.48,180,288.23
2024-07-20 15:00:00+05:30,2024-07-20,2024,7,July,20,202,15,Saturday,56.59,284.08,33.41,True,Summer,0,33.41,180,284.08
2024-07-20 16:00:00+05:30,2024-07-20,2024,7,July,20,202,16,Saturday,42.54,283.94,47.46,True,Summer,0,47.46,180,283.94
2024-07-20 17:00:00+05:30,2024-07-20,2024,7,July,20,202,17,Saturday,28.55,285.31,61.45,True,Summer,0,61.45,180,285.31
2024-07-20 18:00:00+05:30,2024-07-20,2024,7,July,20,202,18,Saturday,14.67,287.67,75.33,True,Summer,0,75.33,180,287.67
2024-07-20 19:00:00+05:30,2024-07-20,2024,7,July,20,202,19,Saturday,1.02,291.0,88.98,True,Summer,0,88.98,180,291.0
2024-07-21 07:00:00+05:30,2024-07-21,2024,7,July,21,203,7,Sunday,9.64,71.34,80.36,True,Summer,0,80.36,180,71.34
2024-07-21 08:00:00+05:30,2024-07-21,2024,7,July,21,203,8,Sunday,23.46,74.07,66.54,True,Summer,0,66.54,180,74.07
2024-07-21 09:00:00+05:30,2024-07-21,2024,7,July,21,203,9,Sunday,37.43,75.86,52.57,True,Summer,0,52.57,180,75.86
2024-07-21 10:00:00+05:30,2024-07-21,2024,7,July,21,203,10,Sunday,51.48,76.47,38.52,True,Summer,0,38.52,180,76.47
2024-07-21 11:00:00+05:30,2024-07-21,2024,7,July,21,203,11,Sunday,65.5,74.55,24.5,True,Summer,0,24.5,180,74.55
2024-07-21 12:00:00+05:30,2024-07-21,2024,7,July,21,203,12,Sunday,79.07,61.47,10.93,True,Summer,0,10.93,180,61.47
2024-07-21 13:00:00+05:30,2024-07-21,2024,7,July,21,203,13,Sunday,83.28,318.28,6.72,True,Summer,0,6.72,180,318.28
2024-07-21 14:00:00+05:30,2024-07-21,2024,7,July,21,203,14,Sunday,70.57,287.67,19.43,True,Summer,0,19.43,180,287.67
2024-07-21 15:00:00+05:30,2024-07-21,2024,7,July,21,203,15,Sunday,56.61,283.73,33.39,True,Summer,0,33.39,180,283.73
2024-07-21 16:00:00+05:30,2024-07-21,2024,7,July,21,203,16,Sunday,42.55,283.67,47.45,True,Summer,0,47.45,180,283.67
2024-07-21 17:00:00+05:30,2024-07-21,2024,7,July,21,203,17,Sunday,28.53,285.09,61.47,True,Summer,0,61.47,180,285.09
2024-07-21 18:00:00+05:30,2024-07-21,2024,7,July,21,203,18,Sunday,14.64,287.47,75.36,True,Summer,0,75.36,180,287.47
2024-07-21 19:00:00+05:30,2024-07-21,2024,7,July,21,203,19,Sunday,0.97,290.81,89.03,True,Summer,0,89.03,180,290.81
2024-07-22 07:00:00+05:30,2024-07-22,2024,7,July,22,204,7,Monday,9.59,71.53,80.41,True,Summer,0,80.41,180,71.53
2024-07-22 08:00:00+05:30,2024-07-22,2024,7,July,22,204,8,Monday,23.42,74.28,66.58,True,Summer,0,66.58,180,74.28
2024-07-22 09:00:00+05:30,2024-07-22,2024,7,July,22,204,9,Monday,37.4,76.11,52.6,True,Summer,0,52.6,180,76.11
2024-07-22 10:00:00+05:30,2024-07-22,2024,7,July,22,204,10,Monday,51.47,76.78,38.53,True,Summer,0,38.53,180,76.78
2024-07-22 11:00:00+05:30,2024-07-22,2024,7,July,22,204,11,Monday,65.52,75.03,24.48,True,Summer,0,24.48,180,75.03
2024-07-22 12:00:00+05:30,2024-07-22,2024,7,July,22,204,12,Monday,79.14,62.45,10.86,True,Summer,0,10.86,180,62.45
2024-07-22 13:00:00+05:30,2024-07-22,2024,7,July,22,204,13,Monday,83.43,317.15,6.57,True,Summer,0,6.57,180,317.15
2024-07-22 14:00:00+05:30,2024-07-22,2024,7,July,22,204,14,Monday,70.61,287.08,19.39,True,Summer,0,19.39,180,287.08
2024-07-22 15:00:00+05:30,2024-07-22,2024,7,July,22,204,15,Monday,56.63,283.36,33.37,True,Summer,0,33.37,180,283.36
2024-07-22 16:00:00+05:30,2024-07-22,2024,7,July,22,204,16,Monday,42.55,283.4,47.45,True,Summer,0,47.45,180,283.4
2024-07-22 17:00:00+05:30,2024-07-22,2024,7,July,22,204,17,Monday,28.52,284.86,61.48,True,Summer,0,61.48,180,284.86
2024-07-22 18:00:00+05:30,2024-07-22,2024,7,July,22,204,18,Monday,14.61,287.26,75.39,True,Summer,0,75.39,180,287.26
2024-07-22 19:00:00+05:30,2024-07-22,2024,7,July,22,204,19,Monday,0.93,290.61,89.07,True,Summer,0,89.07,180,290.61
2024-07-23 07:00:00+05:30,2024-07-23,2024,7,July,23,205,7,Tuesday,9.54,71.73,80.46,True,Summer,0,80.46,180,71.73
2024-07-23 08:00:00+05:30,2024-07-23,2024,7,July,23,205,8,Tuesday,23.38,74.5,66.62,True,Summer,0,66.62,180,74.5
2024-07-23 09:00:00+05:30,2024-07-23,2024,7,July,23,205,9,Tuesday,37.38,76.37,52.62,True,Summer,0,52.62,180,76.37
2024-07-23 10:00:00+05:30,2024-07-23,2024,7,July,23,205,10,Tuesday,51.46,77.11,38.54,True,Summer,0,38.54,180,77.11
2024-07-23 11:00:00+05:30,2024-07-23,2024,7,July,23,205,11,Tuesday,65.53,75.52,24.47,True,Summer,0,24.47,180,75.52
2024-07-23 12:00:00+05:30,2024-07-23,2024,7,July,23,205,12,Tuesday,79.22,63.46,10.78,True,Summer,0,10.78,180,63.46
2024-07-23 13:00:00+05:30,2024-07-23,2024,7,July,23,205,13,Tuesday,83.58,315.91,6.42,True,Summer,0,6.42,180,315.91
2024-07-23 14:00:00+05:30,2024-07-23,2024,7,July,23,205,14,Tuesday,70.66,286.48,19.34,True,Summer,0,19.34,180,286.48
2024-07-23 15:00:00+05:30,2024-07-23,2024,7,July,23,205,15,Tuesday,56.64,282.99,33.36,True,Summer,0,33.36,180,282.99
2024-07-23 16:00:00+05:30,2024-07-23,2024,7,July,23,205,16,Tuesday,42.54,283.12,47.46,True,Summer,0,47.46,180,283.12
2024-07-23 17:00:00+05:30,2024-07-23,2024,7,July,23,205,17,Tuesday,28.5,284.63,61.5,True,Summer,0,61.5,180,284.63
2024-07-23 18:00:00+05:30,2024-07-23,2024,7,July,23,205,18,Tuesday,14.58,287.05,75.42,True,Summer,0,75.42,180,287.05
2024-07-23 19:00:00+05:30,2024-07-23,2024,7,July,23,205,19,Tuesday,0.88,290.41,89.12,True,Summer,0,89.12,180,290.41
2024-07-24 07:00:00+05:30,2024-07-24,2024,7,July,24,206,7,Wednesday,9.49,71.94,80.51,True,Summer,0,80.51,180,71.94
2024-07-24 08:00:00+05:30,2024-07-24,2024,7,July,24,206,8,Wednesday,23.34,74.72,66.66,True,Summer,0,66.66,180,74.72
2024-07-24 09:00:00+05:30,2024-07-24,2024,7,July,24,206,9,Wednesday,37.36,76.63,52.64,True,Summer,0,52.64,180,76.63
2024-07-24 10:00:00+05:30,2024-07-24,2024,7,July,24,206,10,Wednesday,51.46,77.45,38.54,True,Summer,0,38.54,180,77.45
2024-07-24 11:00:00+05:30,2024-07-24,2024,7,July,24,206,11,Wednesday,65.55,76.02,24.45,True,Summer,0,24.45,180,76.02
2024-07-24 12:00:00+05:30,2024-07-24,2024,7,July,24,206,12,Wednesday,79.3,64.51,10.7,True,Summer,0,10.7,180,64.51
2024-07-24 13:00:00+05:30,2024-07-24,2024,7,July,24,206,13,Wednesday,83.73,314.56,6.27,True,Summer,0,6.27,180,314.56
2024-07-24 14:00:00+05:30,2024-07-24,2024,7,July,24,206,14,Wednesday,70.7,285.85,19.3,True,Summer,0,19.3,180,285.85
2024-07-24 15:00:00+05:30,2024-07-24,2024,7,July,24,206,15,Wednesday,56.65,282.61,33.35,True,Summer,0,33.35,180,282.61
2024-07-24 16:00:00+05:30,2024-07-24,2024,7,July,24,206,16,Wednesday,42.53,282.84,47.47,True,Summer,0,47.47,180,282.84
2024-07-24 17:00:00+05:30,2024-07-24,2024,7,July,24,206,17,Wednesday,28.47,284.39,61.53,True,Summer,0,61.53,180,284.39
2024-07-24 18:00:00+05:30,2024-07-24,2024,7,July,24,206,18,Wednesday,14.54,286.84,75.46,True,Summer,0,75.46,180,286.84
2024-07-24 19:00:00+05:30,2024-07-24,2024,7,July,24,206,19,Wednesday,0.82,290.21,89.18,True,Summer,0,89.18,180,290.21
2024-07-25 07:00:00+05:30,2024-07-25,2024,7,July,25,207,7,Thursday,9.44,72.15,80.56,True,Summer,0,80.56,180,72.15
2024-07-25 08:00:00+05:30,2024-07-25,2024,7,July,25,207,8,Thursday,23.31,74.95,66.69,True,Summer,0,66.69,180,74.95
2024-07-25 09:00:00+05:30,2024-07-25,2024,7,July,25,207,9,Thursday,37.34,76.9,52.66,True,Summer,0,52.66,180,76.9
2024-07-25 10:00:00+05:30,2024-07-25,2024,7,July,25,207,10,Thursday,51.46,77.79,38.54,True,Summer,0,38.54,180,77.79
2024-07-25 11:00:00+05:30,2024-07-25,2024,7,July,25,207,11,Thursday,65.57,76.54,24.43,True,Summer,0,24.43,180,76.54
2024-07-25 12:00:00+05:30,2024-07-25,2024,7,July,25,207,12,Thursday,79.38,65.59,10.62,True,Summer,0,10.62,180,65.59
2024-07-25 13:00:00+05:30,2024-07-25,2024,7,July,25,207,13,Thursday,83.88,313.09,6.12,True,Summer,0,6.12,180,313.09
2024-07-25 14:00:00+05:30,2024-07-25,2024,7,July,25,207,14,Thursday,70.74,285.21,19.26,True,Summer,0,19.26,180,285.21
2024-07-25 15:00:00+05:30,2024-07-25,2024,7,July,25,207,15,Thursday,56.66,282.22,33.34,True,Summer,0,33.34,180,282.22
2024-07-25 16:00:00+05:30,2024-07-25,2024,7,July,25,207,16,Thursday,42.52,282.54,47.48,True,Summer,0,47.48,180,282.54
2024-07-25 17:00:00+05:30,2024-07-25,2024,7,July,25,207,17,Thursday,28.45,284.14,61.55,True,Summer,0,61.55,180,284.14
2024-07-25 18:00:00+05:30,2024-07-25,2024,7,July,25,207,18,Thursday,14.5,286.62,75.5,True,Summer,0,75.5,180,286.62
2024-07-25 19:00:00+05:30,2024-07-25,2024,7,July,25,207,19,Thursday,0.76,290.0,89.24,True,Summer,0,89.24,180,290.0
2024-07-26 07:00:00+05:30,2024-07-26,2024,7,July,26,208,7,Friday,9.39,72.37,80.61,True,Summer,0,80.61,180,72.37
2024-07-26 08:00:00+05:30,2024-07-26,2024,7,July,26,208,8,Friday,23.28,75.19,66.72,True,Summer,0,66.72,180,75.19
2024-07-26 09:00:00+05:30,2024-07-26,2024,7,July,26,208,9,Friday,37.32,77.17,52.68,True,Summer,0,52.68,180,77.17
2024-07-26 10:00:00+05:30,2024-07-26,2024,7,July,26,208,10,Friday,51.45,78.15,38.55,True,Summer,0,38.55,180,78.15
2024-07-26 11:00:00+05:30,2024-07-26,2024,7,July,26,208,11,Friday,65.6,77.07,24.4,True,Summer,0,24.4,180,77.07
2024-07-26 12:00:00+05:30,2024-07-26,2024,7,July,26,208,12,Friday,79.46,66.72,10.54,True,Summer,0,10.54,180,66.72
2024-07-26 13:00:00+05:30,2024-07-26,2024,7,July,26,208,13,Friday,84.02,311.5,5.98,True,Summer,0,5.98,180,311.5
2024-07-26 14:00:00+05:30,2024-07-26,2024,7,July,26,208,14,Friday,70.77,284.55,19.23,True,Summer,0,19.23,180,284.55
2024-07-26 15:00:00+05:30,2024-07-26,2024,7,July,26,208,15,Friday,56.66,281.81,33.34,True,Summer,0,33.34,180,281.81
2024-07-26 16:00:00+05:30,2024-07-26,2024,7,July,26,208,16,Friday,42.51,282.24,47.49,True,Summer,0,47.49,180,282.24
2024-07-26 17:00:00+05:30,2024-07-26,2024,7,July,26,208,17,Friday,28.42,283.89,61.58,True,Summer,0,61.58,180,283.89
2024-07-26 18:00:00+05:30,2024-07-26,2024,7,July,26,208,18,Friday,14.45,286.39,75.55,True,Summer,0,75.55,180,286.39
2024-07-26 19:00:00+05:30,2024-07-26,2024,7,July,26,208,19,Friday,0.7,289.79,89.3,True,Summer,0,89.3,180,289.79
2024-07-27 07:00:00+05:30,2024-07-27,2024,7,July,27,209,7,Saturday,9.34,72.59,80.66,True,Summer,0,80.66,180,72.59
2024-07-27 08:00:00+05:30,2024-07-27,2024,7,July,27,209,8,Saturday,23.24,75.43,66.76,True,Summer,0,66.76,180,75.43
2024-07-27 09:00:00+05:30,2024-07-27,2024,7,July,27,209,9,Saturday,37.3,77.46,52.7,True,Summer,0,52.7,180,77.46
2024-07-27 10:00:00+05:30,2024-07-27,2024,7,July,27,209,10,Saturday,51.45,78.51,38.55,True,Summer,0,38.55,180,78.51
2024-07-27 11:00:00+05:30,2024-07-27,2024,7,July,27,209,11,Saturday,65.62,77.62,24.38,True,Summer,0,24.38,180,77.62
2024-07-27 12:00:00+05:30,2024-07-27,2024,7,July,27,209,12,Saturday,79.53,67.88,10.47,True,Summer,0,10.47,180,67.88
2024-07-27 13:00:00+05:30,2024-07-27,2024,7,July,27,209,13,Saturday,84.16,309.78,5.84,True,Summer,0,5.84,180,309.78
2024-07-27 14:00:00+05:30,2024-07-27,2024,7,July,27,209,14,Saturday,70.8,283.86,19.2,True,Summer,0,19.2,180,283.86
2024-07-27 15:00:00+05:30,2024-07-27,2024,7,July,27,209,15,Saturday,56.66,281.4,33.34,True,Summer,0,33.34,180,281.4
2024-07-27 16:00:00+05:30,2024-07-27,2024,7,July,27,209,16,Saturday,42.49,281.93,47.51,True,Summer,0,47.51,180,281.93
2024-07-27 17:00:00+05:30,2024-07-27,2024,7,July,27,209,17,Saturday,28.38,283.64,61.62,True,Summer,0,61.62,180,283.64
2024-07-27 18:00:00+05:30,2024-07-27,2024,7,July,27,209,18,Saturday,14.4,286.16,75.6,True,Summer,0,75.6,180,286.16
2024-07-27 19:00:00+05:30,2024-07-27,2024,7,July,27,209,19,Saturday,0.63,289.57,89.37,True,Summer,0,89.37,180,289.57
2024-07-28 07:00:00+05:30,2024-07-28,2024,7,July,28,210,7,Sunday,9.29,72.82,80.71,True,Summer,0,80.71,180,72.82
2024-07-28 08:00:00+05:30,2024-07-28,2024,7,July,28,210,8,Sunday,23.21,75.68,66.79,True,Summer,0,66.79,180,75.68
2024-07-28 09:00:00+05:30,2024-07-28,2024,7,July,28,210,9,Sunday,37.29,77.75,52.71,True,Summer,0,52.71,180,77.75
2024-07-28 10:00:00+05:30,2024-07-28,2024,7,July,28,210,10,Sunday,51.45,78.88,38.55,True,Summer,0,38.55,180,78.88
2024-07-28 11:00:00+05:30,2024-07-28,2024,7,July,28,210,11,Sunday,65.64,78.18,24.36,True,Summer,0,24.36,180,78.18
2024-07-28 12:00:00+05:30,2024-07-28,2024,7,July,28,210,12,Sunday,79.61,69.09,10.39,True,Summer,0,10.39,180,69.09
2024-07-28 13:00:00+05:30,2024-07-28,2024,7,July,28,210,13,Sunday,84.3,307.92,5.7,True,Summer,0,5.7,180,307.92
2024-07-28 14:00:00+05:30,2024-07-28,2024,7,July,28,210,14,Sunday,70.82,283.16,19.18,True,Summer,0,19.18,180,283.16
2024-07-28 15:00:00+05:30,2024-07-28,2024,7,July,28,210,15,Sunday,56.66,280.98,33.34,True,Summer,0,33.34,180,280.98
2024-07-28 16:00:00+05:30,2024-07-28,2024,7,July,28,210,16,Sunday,42.47,281.62,47.53,True,Summer,0,47.53,180,281.62
2024-07-28 17:00:00+05:30,2024-07-28,2024,7,July,28,210,17,Sunday,28.35,283.37,61.65,True,Summer,0,61.65,180,283.37
2024-07-28 18:00:00+05:30,2024-07-28,2024,7,July,28,210,18,Sunday,14.35,285.93,75.65,True,Summer,0,75.65,180,285.93
2024-07-28 19:00:00+05:30,2024-07-28,2024,7,July,28,210,19,Sunday,0.56,289.34,89.44,True,Summer,0,89.44,180,289.34
2024-07-29 07:00:00+05:30,2024-07-29,2024,7,July,29,211,7,Monday,9.24,73.05,80.76,True,Summer,0,80.76,180,73.05
2024-07-29 08:00:00+05:30,2024-07-29,2024,7,July,29,211,8,Monday,23.18,75.94,66.82,True,Summer,0,66.82,180,75.94
2024-07-29 09:00:00+05:30,2024-07-29,2024,7,July,29,211,9,Monday,37.27,78.04,52.73,True,Summer,0,52.73,180,78.04
2024-07-29 10:00:00+05:30,2024-07-29,2024,7,July,29,211,10,Monday,51.46,79.26,38.54,True,Summer,0,38.54,180,79.26
2024-07-29 11:00:00+05:30,2024-07-29,2024,7,July,29,211,11,Monday,65.66,78.75,24.34,True,Summer,0,24.34,180,78.75
2024-07-29 12:00:00+05:30,2024-07-29,2024,7,July,29,211,12,Monday,79.69,70.34,10.31,True,Summer,0,10.31,180,70.34
2024-07-29 13:00:00+05:30,2024-07-29,2024,7,July,29,211,13,Monday,84.43,305.91,5.57,True,Summer,0,5.57,180,305.91
2024-07-29 14:00:00+05:30,2024-07-29,2024,7,July,29,211,14,Monday,70.85,282.44,19.15,True,Summer,0,19.15,180,282.44
2024-07-29 15:00:00+05:30,2024-07-29,2024,7,July,29,211,15,Monday,56.65,280.54,33.35,True,Summer,0,33.35,180,280.54
2024-07-29 16:00:00+05:30,2024-07-29,2024,7,July,29,211,16,Monday,42.45,281.3,47.55,True,Summer,0,47.55,180,281.3
2024-07-29 17:00:00+05:30,2024-07-29,2024,7,July,29,211,17,Monday,28.31,283.11,61.69,True,Summer,0,61.69,180,283.11
2024-07-29 18:00:00+05:30,2024-07-29,2024,7,July,29,211,18,Monday,14.29,285.69,75.71,True,Summer,0,75.71,180,285.69
2024-07-29 19:00:00+05:30,2024-07-29,2024,7,July,29,211,19,Monday,0.49,289.12,89.51,True,Summer,0,89.51,180,289.12
2024-07-30 07:00:00+05:30,2024-07-30,2024,7,July,30,212,7,Tuesday,9.2,73.29,80.8,True,Summer,0,80.8,180,73.29
2024-07-30 08:00:00+05:30,2024-07-30,2024,7,July,30,212,8,Tuesday,23.15,76.2,66.85,True,Summer,0,66.85,180,76.2
2024-07-30 09:00:00+05:30,2024-07-30,2024,7,July,30,212,9,Tuesday,37.26,78.35,52.74,True,Summer,0,52.74,180,78.35
2024-07-30 10:00:00+05:30,2024-07-30,2024,7,July,30,212,10,Tuesday,51.46,79.65,38.54,True,Summer,0,38.54,180,79.65
2024-07-30 11:00:00+05:30,2024-07-30,2024,7,July,30,212,11,Tuesday,65.69,79.33,24.31,True,Summer,0,24.31,180,79.33
2024-07-30 12:00:00+05:30,2024-07-30,2024,7,July,30,212,12,Tuesday,79.77,71.63,10.23,True,Summer,0,10.23,180,71.63
2024-07-30 13:00:00+05:30,2024-07-30,2024,7,July,30,212,13,Tuesday,84.56,303.74,5.44,True,Summer,0,5.44,180,303.74
2024-07-30 14:00:00+05:30,2024-07-30,2024,7,July,30,212,14,Tuesday,70.86,281.7,19.14,True,Summer,0,19.14,180,281.7
2024-07-30 15:00:00+05:30,2024-07-30,2024,7,July,30,212,15,Tuesday,56.64,280.1,33.36,True,Summer,0,33.36,180,280.1
2024-07-30 16:00:00+05:30,2024-07-30,2024,7,July,30,212,16,Tuesday,42.42,280.97,47.58,True,Summer,0,47.58,180,280.97
2024-07-30 17:00:00+05:30,2024-07-30,2024,7,July,30,212,17,Tuesday,28.26,282.84,61.74,True,Summer,0,61.74,180,282.84
2024-07-30 18:00:00+05:30,2024-07-30,2024,7,July,30,212,18,Tuesday,14.24,285.45,75.76,True,Summer,0,75.76,180,285.45
2024-07-30 19:00:00+05:30,2024-07-30,2024,7,July,30,212,19,Tuesday,0.41,288.89,89.59,True,Summer,0,89.59,180,288.89
2024-07-31 07:00:00+05:30,2024-07-31,2024,7,July,31,213,7,Wednesday,9.15,73.54,80.85,True,Summer,0,80.85,180,73.54
2024-07-31 08:00:00+05:30,2024-07-31,2024,7,July,31,213,8,Wednesday,23.12,76.46,66.88,True,Summer,0,66.88,180,76.46
2024-07-31 09:00:00+05:30,2024-07-31,2024,7,July,31,213,9,Wednesday,37.25,78.66,52.75,True,Summer,0,52.75,180,78.66
2024-07-31 10:00:00+05:30,2024-07-31,2024,7,July,31,213,10,Wednesday,51.46,80.05,38.54,True,Summer,0,38.54,180,80.05
2024-07-31 11:00:00+05:30,2024-07-31,2024,7,July,31,213,11,Wednesday,65.71,79.93,24.29,True,Summer,0,24.29,180,79.93
2024-07-31 12:00:00+05:30,2024-07-31,2024,7,July,31,213,12,Wednesday,79.84,72.96,10.16,True,Summer,0,10.16,180,72.96
2024-07-31 13:00:00+05:30,2024-07-31,2024,7,July,31,213,13,Wednesday,84.67,301.42,5.33,True,Summer,0,5.33,180,301.42
2024-07-31 14:00:00+05:30,2024-07-31,2024,7,July,31,213,14,Wednesday,70.87,280.95,19.13,True,Summer,0,19.13,180,280.95
2024-07-31 15:00:00+05:30,2024-07-31,2024,7,July,31,213,15,Wednesday,56.63,279.65,33.37,True,Summer,0,33.37,180,279.65
2024-07-31 16:00:00+05:30,2024-07-31,2024,7,July,31,213,16,Wednesday,42.39,280.64,47.61,True,Summer,0,47.61,180,280.64
2024-07-31 17:00:00+05:30,2024-07-31,2024,7,July,31,213,17,Wednesday,28.22,282.56,61.78,True,Summer,0,61.78,180,282.56
2024-07-31 18:00:00+05:30,2024-07-31,2024,7,July,31,213,18,Wednesday,14.17,285.2,75.83,True,Summer,0,75.83,180,285.2
2024-07-31 19:00:00+05:30,2024-07-31,2024,7,July,31,213,19,Wednesday,0.33,288.65,89.67,True,Summer,0,89.67,180,288.65
2024-08-01 07:00:00+05:30,2024-08-01,2024,8,August,1,214,7,Thursday,9.11,73.79,80.89,True,Summer,0,80.89,180,73.79
2024-08-01 08:00:00+05:30,2024-08-01,2024,8,August,1,214,8,Thursday,23.09,76.74,66.91,True,Summer,0,66.91,180,76.74
2024-08-01 09:00:00+05:30,2024-08-01,2024,8,August,1,214,9,Thursday,37.23,78.97,52.77,True,Summer,0,52.77,180,78.97
2024-08-01 10:00:00+05:30,2024-08-01,2024,8,August,1,214,10,Thursday,51.47,80.45,38.53,True,Summer,0,38.53,180,80.45
2024-08-01 11:00:00+05:30,2024-08-01,2024,8,August,1,214,11,Thursday,65.74,80.54,24.26,True,Summer,0,24.26,180,80.54
2024-08-01 12:00:00+05:30,2024-08-01,2024,8,August,1,214,12,Thursday,79.91,74.33,10.09,True,Summer,0,10.09,180,74.33
2024-08-01 13:00:00+05:30,2024-08-01,2024,8,August,1,214,13,Thursday,84.78,298.94,5.22,True,Summer,0,5.22,180,298.94
2024-08-01 14:00:00+05:30,2024-08-01,2024,8,August,1,214,14,Thursday,70.88,280.17,19.12,True,Summer,0,19.12,180,280.17
2024-08-01 15:00:00+05:30,2024-08-01,2024,8,August,1,214,15,Thursday,56.61,279.19,33.39,True,Summer,0,33.39,180,279.19
2024-08-01 16:00:00+05:30,2024-08-01,2024,8,August,1,214,16,Thursday,42.35,280.3,47.65,True,Summer,0,47.65,180,280.3
2024-08-01 17:00:00+05:30,2024-08-01,2024,8,August,1,214,17,Thursday,28.17,282.28,61.83,True,Summer,0,61.83,180,282.28
2024-08-01 18:00:00+05:30,2024-08-01,2024,8,August,1,214,18,Thursday,14.11,284.95,75.89,True,Summer,0,75.89,180,284.95
2024-08-01 19:00:00+05:30,2024-08-01,2024,8,August,1,214,19,Thursday,0.25,288.41,89.75,True,Summer,0,89.75,180,288.41
2024-08-02 07:00:00+05:30,2024-08-02,2024,8,August,2,215,7,Friday,9.06,74.05,80.94,True,Summer,0,80.94,180,74.05
2024-08-02 08:00:00+05:30,2024-08-02,2024,8,August,2,215,8,Friday,23.07,77.01,66.93,True,Summer,0,66.93,180,77.01
2024-08-02 09:00:00+05:30,2024-08-02,2024,8,August,2,215,9,Friday,37.22,79.29,52.78,True,Summer,0,52.78,180,79.29
2024-08-02 10:00:00+05:30,2024-08-02,2024,8,August,2,215,10,Friday,51.47,80.86,38.53,True,Summer,0,38.53,180,80.86
2024-08-02 11:00:00+05:30,2024-08-02,2024,8,August,2,215,11,Friday,65.76,81.16,24.24,True,Summer,0,24.24,180,81.16
2024-08-02 12:00:00+05:30,2024-08-02,2024,8,August,2,215,12,Friday,79.98,75.75,10.02,True,Summer,0,10.02,180,75.75
2024-08-02 13:00:00+05:30,2024-08-02,2024,8,August,2,215,13,Friday,84.88,296.3,5.12,True,Summer,0,5.12,180,296.3
2024-08-02 14:00:00+05:30,2024-08-02,2024,8,August,2,215,14,Friday,70.88,279.39,19.12,True,Summer,0,19.12,180,279.39
2024-08-02 15:00:00+05:30,2024-08-02,2024,8,August,2,215,15,Friday,56.59,278.73,33.41,True,Summer,0,33.41,180,278.73
2024-08-02 16:00:00+05:30,2024-08-02,2024,8,August,2,215,16,Friday,42.31,279.95,47.69,True,Summer,0,47.69,180,279.95
2024-08-02 17:00:00+05:30,2024-08-02,2024,8,August,2,215,17,Friday,28.11,281.99,61.89,True,Summer,0,61.89,180,281.99
2024-08-02 18:00:00+05:30,2024-08-02,2024,8,August,2,215,18,Friday,14.03,284.69,75.97,True,Summer,0,75.97,180,284.69
2024-08-02 19:00:00+05:30,2024-08-02,2024,8,August,2,215,19,Friday,0.16,288.17,89.84,True,Summer,0,89.84,180,288.17
2024-08-03 07:00:00+05:30,2024-08-03,2024,8,August,3,216,7,Saturday,9.02,74.31,80.98,True,Summer,0,80.98,180,74.31
2024-08-03 08:00:00+05:30,2024-08-03,2024,8,August,3,216,8,Saturday,23.04,77.3,66.96,True,Summer,0,66.96,180,77.3
2024-08-03 09:00:00+05:30,2024-08-03,2024,8,August,3,216,9,Saturday,37.21,79.62,52.79,True,Summer,0,52.79,180,79.62
2024-08-03 10:00:00+05:30,2024-08-03,2024,8,August,3,216,10,Saturday,51.48,81.28,38.52,True,Summer,0,38.52,180,81.28
2024-08-03 11:00:00+05:30,2024-08-03,2024,8,August,3,216,11,Saturday,65.79,81.8,24.21,True,Summer,0,24.21,180,81.8
2024-08-03 12:00:00+05:30,2024-08-03,2024,8,August,3,216,12,Saturday,80.05,77.22,9.95,True,Summer,0,9.95,180,77.22
2024-08-03 13:00:00+05:30,2024-08-03,2024,8,August,3,216,13,Saturday,84.97,293.5,5.03,True,Summer,0,5.03,180,293.5
2024-08-03 14:00:00+05:30,2024-08-03,2024,8,August,3,216,14,Saturday,70.88,278.59,19.12,True,Summer,0,19.12,180,278.59
2024-08-03 15:00:00+05:30,2024-08-03,2024,8,August,3,216,15,Saturday,56.56,278.25,33.44,True,Summer,0,33.44,180,278.25
2024-08-03 16:00:00+05:30,2024-08-03,2024,8,August,3,216,16,Saturday,42.27,279.6,47.73,True,Summer,0,47.73,180,279.6
2024-08-03 17:00:00+05:30,2024-08-03,2024,8,August,3,216,17,Saturday,28.05,281.7,61.95,True,Summer,0,61.95,180,281.7
2024-08-03 18:00:00+05:30,2024-08-03,2024,8,August,3,216,18,Saturday,13.96,284.43,76.04,True,Summer,0,76.04,180,284.43
2024-08-03 19:00:00+05:30,2024-08-03,2024,8,August,3,216,19,Saturday,0.06,287.92,89.94,True,Summer,0,89.94,180,287.92
2024-08-04 07:00:00+05:30,2024-08-04,2024,8,August,4,217,7,Sunday,8.98,74.57,81.02,True,Summer,0,81.02,180,74.57
2024-08-04 08:00:00+05:30,2024-08-04,2024,8,August,4,217,8,Sunday,23.02,77.58,66.98,True,Summer,0,66.98,180,77.58
2024-08-04 09:00:00+05:30,2024-08-04,2024,8,August,4,217,9,Sunday,37.2,79.96,52.8,True,Summer,0,52.8,180,79.96
2024-08-04 10:00:00+05:30,2024-08-04,2024,8,August,4,217,10,Sunday,51.48,81.71,38.52,True,Summer,0,38.52,180,81.71
2024-08-04 11:00:00+05:30,2024-08-04,2024,8,August,4,217,11,Sunday,65.81,82.45,24.19,True,Summer,0,24.19,180,82.45
2024-08-04 12:00:00+05:30,2024-08-04,2024,8,August,4,217,12,Sunday,80.11,78.72,9.89,True,Summer,0,9.89,180,78.72
2024-08-04 13:00:00+05:30,2024-08-04,2024,8,August,4,217,13,Sunday,85.04,290.54,4.96,True,Summer,0,4.96,180,290.54
2024-08-04 14:00:00+05:30,2024-08-04,2024,8,August,4,217,14,Sunday,70.87,277.77,19.13,True,Summer,0,19.13,180,277.77
2024-08-04 15:00:00+05:30,2024-08-04,2024,8,August,4,217,15,Sunday,56.53,277.77,33.47,True,Summer,0,33.47,180,277.77
2024-08-04 16:00:00+05:30,2024-08-04,2024,8,August,4,217,16,Sunday,42.22,279.25,47.78,True,Summer,0,47.78,180,279.25
2024-08-04 17:00:00+05:30,2024-08-04,2024,8,August,4,217,17,Sunday,27.99,281.4,62.01,True,Summer,0,62.01,180,281.4
2024-08-04 18:00:00+05:30,2024-08-04,2024,8,August,4,217,18,Sunday,13.88,284.16,76.12,True,Summer,0,76.12,180,284.16
2024-08-05 07:00:00+05:30,2024-08-05,2024,8,August,5,218,7,Monday,8.94,74.84,81.06,True,Summer,0,81.06,180,74.84
2024-08-05 08:00:00+05:30,2024-08-05,2024,8,August,5,218,8,Monday,22.99,77.88,67.01,True,Summer,0,67.01,180,77.88
2024-08-05 09:00:00+05:30,2024-08-05,2024,8,August,5,218,9,Monday,37.2,80.3,52.8,True,Summer,0,52.8,180,80.3
2024-08-05 10:00:00+05:30,2024-08-05,2024,8,August,5,218,10,Monday,51.49,82.15,38.51,True,Summer,0,38.51,180,82.15
2024-08-05 11:00:00+05:30,2024-08-05,2024,8,August,5,218,11,Monday,65.84,83.11,24.16,True,Summer,0,24.16,180,83.11
2024-08-05 12:00:00+05:30,2024-08-05,2024,8,August,5,218,12,Monday,80.17,80.27,9.83,True,Summer,0,9.83,180,80.27
2024-08-05 13:00:00+05:30,2024-08-05,2024,8,August,5,218,13,Monday,85.1,287.45,4.9,True,Summer,0,4.9,180,287.45
2024-08-05 14:00:00+05:30,2024-08-05,2024,8,August,5,218,14,Monday,70.85,276.94,19.15,True,Summer,0,19.15,180,276.94
2024-08-05 15:00:00+05:30,2024-08-05,2024,8,August,5,218,15,Monday,56.49,277.28,33.51,True,Summer,0,33.51,180,277.28
2024-08-05 16:00:00+05:30,2024-08-05,2024,8,August,5,218,16,Monday,42.17,278.88,47.83,True,Summer,0,47.83,180,278.88
2024-08-05 17:00:00+05:30,2024-08-05,2024,8,August,5,218,17,Monday,27.93,281.1,62.07,True,Summer,0,62.07,180,281.1
2024-08-05 18:00:00+05:30,2024-08-05,2024,8,August,5,218,18,Monday,13.8,283.89,76.2,True,Summer,0,76.2,180,283.89
2024-08-06 07:00:00+05:30,2024-08-06,2024,8,August,6,219,7,Tuesday,8.9,75.12,81.1,True,Summer,0,81.1,180,75.12
2024-08-06 08:00:00+05:30,2024-08-06,2024,8,August,6,219,8,Tuesday,22.97,78.18,67.03,True,Summer,0,67.03,180,78.18
2024-08-06 09:00:00+05:30,2024-08-06,2024,8,August,6,219,9,Tuesday,37.19,80.64,52.81,True,Summer,0,52.81,180,80.64
2024-08-06 10:00:00+05:30,2024-08-06,2024,8,August,6,219,10,Tuesday,51.5,82.59,38.5,True,Summer,0,38.5,180,82.59
2024-08-06 11:00:00+05:30,2024-08-06,2024,8,August,6,219,11,Tuesday,65.86,83.78,24.14,True,Summer,0,24.14,180,83.78
2024-08-06 12:00:00+05:30,2024-08-06,2024,8,August,6,219,12,Tuesday,80.23,81.87,9.77,True,Summer,0,9.77,180,81.87
2024-08-06 13:00:00+05:30,2024-08-06,2024,8,August,6,219,13,Tuesday,85.15,284.23,4.85,True,Summer,0,4.85,180,284.23
2024-08-06 14:00:00+05:30,2024-08-06,2024,8,August,6,219,14,Tuesday,70.83,276.1,19.17,True,Summer,0,19.17,180,276.1
2024-08-06 15:00:00+05:30,2024-08-06,2024,8,August,6,219,15,Tuesday,56.45,276.78,33.55,True,Summer,0,33.55,180,276.78
2024-08-06 16:00:00+05:30,2024-08-06,2024,8,August,6,219,16,Tuesday,42.12,278.52,47.88,True,Summer,0,47.88,180,278.52
2024-08-06 17:00:00+05:30,2024-08-06,2024,8,August,6,219,17,Tuesday,27.86,280.8,62.14,True,Summer,0,62.14,180,280.8
2024-08-06 18:00:00+05:30,2024-08-06,2024,8,August,6,219,18,Tuesday,13.72,283.62,76.28,True,Summer,0,76.28,180,283.62
2024-08-07 07:00:00+05:30,2024-08-07,2024,8,August,7,220,7,Wednesday,8.86,75.4,81.14,True,Summer,0,81.14,180,75.4
2024-08-07 08:00:00+05:30,2024-08-07,2024,8,August,7,220,8,Wednesday,22.95,78.48,67.05,True,Summer,0,67.05,180,78.48
2024-08-07 09:00:00+05:30,2024-08-07,2024,8,August,7,220,9,Wednesday,37.18,81.0,52.82,True,Summer,0,52.82,180,81.0
2024-08-07 10:00:00+05:30,2024-08-07,2024,8,August,7,220,10,Wednesday,51.51,83.04,38.49,True,Summer,0,38.49,180,83.04
2024-08-07 11:00:00+05:30,2024-08-07,2024,8,August,7,220,11,Wednesday,65.88,84.47,24.12,True,Summer,0,24.12,180,84.47
2024-08-07 12:00:00+05:30,2024-08-07,2024,8,August,7,220,12,Wednesday,80.28,83.5,9.72,True,Summer,0,9.72,180,83.5
2024-08-07 13:00:00+05:30,2024-08-07,2024,8,August,7,220,13,Wednesday,85.17,280.91,4.83,True,Summer,0,4.83,180,280.91
2024-08-07 14:00:00+05:30,2024-08-07,2024,8,August,7,220,14,Wednesday,70.8,275.24,19.2,True,Summer,0,19.2,180,275.24
2024-08-07 15:00:00+05:30,2024-08-07,2024,8,August,7,220,15,Wednesday,56.41,276.28,33.59,True,Summer,0,33.59,180,276.28
2024-08-07 16:00:00+05:30,2024-08-07,2024,8,August,7,220,16,Wednesday,42.06,278.15,47.94,True,Summer,0,47.94,180,278.15
2024-08-07 17:00:00+05:30,2024-08-07,2024,8,August,7,220,17,Wednesday,27.78,280.49,62.22,True,Summer,0,62.22,180,280.49
2024-08-07 18:00:00+05:30,2024-08-07,2024,8,August,7,220,18,Wednesday,13.63,283.35,76.37,True,Summer,0,76.37,180,283.35
2024-08-08 07:00:00+05:30,2024-08-08,2024,8,August,8,221,7,Thursday,8.83,75.69,81.17,True,Summer,0,81.17,180,75.69
2024-08-08 08:00:00+05:30,2024-08-08,2024,8,August,8,221,8,Thursday,22.93,78.79,67.07,True,Summer,0,67.07,180,78.79
2024-08-08 09:00:00+05:30,2024-08-08,2024,8,August,8,221,9,Thursday,37.18,81.36,52.82,True,Summer,0,52.82,180,81.36
2024-08-08 10:00:00+05:30,2024-08-08,2024,8,August,8,221,10,Thursday,51.51,83.5,38.49,True,Summer,0,38.49,180,83.5
2024-08-08 11:00:00+05:30,2024-08-08,2024,8,August,8,221,11,Thursday,65.91,85.17,24.09,True,Summer,0,24.09,180,85.17
2024-08-08 12:00:00+05:30,2024-08-08,2024,8,August,8,221,12,Thursday,80.33,85.18,9.67,True,Summer,0,9.67,180,85.18
2024-08-08 13:00:00+05:30,2024-08-08,2024,8,August,8,221,13,Thursday,85.18,277.51,4.82,True,Summer,0,4.82,180,277.51
2024-08-08 14:00:00+05:30,2024-08-08,2024,8,August,8,221,14,Thursday,70.77,274.38,19.23,True,Summer,0,19.23,180,274.38
2024-08-08 15:00:00+05:30,2024-08-08,2024,8,August,8,221,15,Thursday,56.36,275.77,33.64,True,Summer,0,33.64,180,275.77
2024-08-08 16:00:00+05:30,2024-08-08,2024,8,August,8,221,16,Thursday,41.99,277.77,48.01,True,Summer,0,48.01,180,277.77
2024-08-08 17:00:00+05:30,2024-08-08,2024,8,August,8,221,17,Thursday,27.71,280.18,62.29,True,Summer,0,62.29,180,280.18
2024-08-08 18:00:00+05:30,2024-08-08,2024,8,August,8,221,18,Thursday,13.54,283.07,76.46,True,Summer,0,76.46,180,283.07
2024-08-09 07:00:00+05:30,2024-08-09,2024,8,August,9,222,7,Friday,8.79,75.98,81.21,True,Summer,0,81.21,180,75.98
2024-08-09 08:00:00+05:30,2024-08-09,2024,8,August,9,222,8,Friday,22.91,79.1,67.09,True,Summer,0,67.09,180,79.1
2024-08-09 09:00:00+05:30,2024-08-09,2024,8,August,9,222,9,Friday,37.17,81.72,52.83,True,Summer,0,52.83,180,81.72
2024-08-09 10:00:00+05:30,2024-08-09,2024,8,August,9,222,10,Friday,51.52,83.97,38.48,True,Summer,0,38.48,180,83.97
2024-08-09 11:00:00+05:30,2024-08-09,2024,8,August,9,222,11,Friday,65.93,85.88,24.07,True,Summer,0,24.07,180,85.88
2024-08-09 12:00:00+05:30,2024-08-09,2024,8,August,9,222,12,Friday,80.37,86.89,9.63,True,Summer,0,9.63,180,86.89
2024-08-09 13:00:00+05:30,2024-08-09,2024,8,August,9,222,13,Friday,85.17,274.06,4.83,True,Summer,0,4.83,180,274.06
2024-08-09 14:00:00+05:30,2024-08-09,2024,8,August,9,222,14,Friday,70.73,273.51,19.27,True,Summer,0,19.27,180,273.51
2024-08-09 15:00:00+05:30,2024-08-09,2024,8,August,9,222,15,Friday,56.3,275.25,33.7,True,Summer,0,33.7,180,275.25
2024-08-09 16:00:00+05:30,2024-08-09,2024,8,August,9,222,16,Friday,41.93,277.39,48.07,True,Summer,0,48.07,180,277.39
2024-08-09 17:00:00+05:30,2024-08-09,2024,8,August,9,222,17,Friday,27.62,279.86,62.38,True,Summer,0,62.38,180,279.86
2024-08-09 18:00:00+05:30,2024-08-09,2024,8,August,9,222,18,Friday,13.44,282.78,76.56,True,Summer,0,76.56,180,282.78
2024-08-10 07:00:00+05:30,2024-08-10,2024,8,August,10,223,7,Saturday,8.76,76.27,81.24,True,Summer,0,81.24,180,76.27
2024-08-10 08:00:00+05:30,2024-08-10,2024,8,August,10,223,8,Saturday,22.89,79.42,67.11,True,Summer,0,67.11,180,79.42
2024-08-10 09:00:00+05:30,2024-08-10,2024,8,August,10,223,9,Saturday,37.17,82.09,52.83,True,Summer,0,52.83,180,82.09
2024-08-10 10:00:00+05:30,2024-08-10,2024,8,August,10,223,10,Saturday,51.53,84.44,38.47,True,Summer,0,38.47,180,84.44
2024-08-10 11:00:00+05:30,2024-08-10,2024,8,August,10,223,11,Saturday,65.95,86.6,24.05,True,Summer,0,24.05,180,86.6
2024-08-10 12:00:00+05:30,2024-08-10,2024,8,August,10,223,12,Saturday,80.4,88.65,9.6,True,Summer,0,9.6,180,88.65
2024-08-10 13:00:00+05:30,2024-08-10,2024,8,August,10,223,13,Saturday,85.14,270.58,4.86,True,Summer,0,4.86,180,270.58
2024-08-10 14:00:00+05:30,2024-08-10,2024,8,August,10,223,14,Saturday,70.68,272.63,19.32,True,Summer,0,19.32,180,272.63
2024-08-10 15:00:00+05:30,2024-08-10,2024,8,August,10,223,15,Saturday,56.24,274.73,33.76,True,Summer,0,33.76,180,274.73
2024-08-10 16:00:00+05:30,2024-08-10,2024,8,August,10,223,16,Saturday,41.85,277.0,48.15,True,Summer,0,48.15,180,277.0
2024-08-10 17:00:00+05:30,2024-08-10,2024,8,August,10,223,17,Saturday,27.54,279.54,62.46,True,Summer,0,62.46,180,279.54
2024-08-10 18:00:00+05:30,2024-08-10,2024,8,August,10,223,18,Saturday,13.34,282.5,76.66,True,Summer,0,76.66,180,282.5
2024-08-11 07:00:00+05:30,2024-08-11,2024,8,August,11,224,7,Sunday,8.72,76.57,81.28,True,Summer,0,81.28,180,76.57
2024-08-11 08:00:00+05:30,2024-08-11,2024,8,August,11,224,8,Sunday,22.88,79.75,67.12,True,Summer,0,67.12,180,79.75
2024-08-11 09:00:00+05:30,2024-08-11,2024,8,August,11,224,9,Sunday,37.17,82.46,52.83,True,Summer,0,52.83,180,82.46
2024-08-11 10:00:00+05:30,2024-08-11,2024,8,August,11,224,10,Sunday,51.54,84.92,38.46,True,Summer,0,38.46,180,84.92
2024-08-11 11:00:00+05:30,2024-08-11,2024,8,August,11,224,11,Sunday,65.97,87.33,24.03,True,Summer,0,24.03,180,87.33
2024-08-11 12:00:00+05:30,2024-08-11,2024,8,August,11,224,12,Sunday,80.43,90.44,9.57,True,Summer,0,9.57,180,90.44
2024-08-11 13:00:00+05:30,2024-08-11,2024,8,August,11,224,13,Sunday,85.09,267.12,4.91,True,Summer,0,4.91,180,267.12
2024-08-11 14:00:00+05:30,2024-08-11,2024,8,August,11,224,14,Sunday,70.62,271.74,19.38,True,Summer,0,19.38,180,271.74
2024-08-11 15:00:00+05:30,2024-08-11,2024,8,August,11,224,15,Sunday,56.18,274.21,33.82,True,Summer,0,33.82,180,274.21
2024-08-11 16:00:00+05:30,2024-08-11,2024,8,August,11,224,16,Sunday,41.78,276.61,48.22,True,Summer,0,48.22,180,276.61
2024-08-11 17:00:00+05:30,2024-08-11,2024,8,August,11,224,17,Sunday,27.45,279.22,62.55,True,Summer,0,62.55,180,279.22
2024-08-11 18:00:00+05:30,2024-08-11,2024,8,August,11,224,18,Sunday,13.24,282.21,76.76,True,Summer,0,76.76,180,282.21
2024-08-12 07:00:00+05:30,2024-08-12,2024,8,August,12,225,7,Monday,8.69,76.88,81.31,True,Summer,0,81.31,180,76.88
2024-08-12 08:00:00+05:30,2024-08-12,2024,8,August,12,225,8,Monday,22.86,80.07,67.14,True,Summer,0,67.14,180,80.07
2024-08-12 09:00:00+05:30,2024-08-12,2024,8,August,12,225,9,Monday,37.16,82.84,52.84,True,Summer,0,52.84,180,82.84
2024-08-12 10:00:00+05:30,2024-08-12,2024,8,August,12,225,10,Monday,51.55,85.41,38.45,True,Summer,0,38.45,180,85.41
2024-08-12 11:00:00+05:30,2024-08-12,2024,8,August,12,225,11,Monday,65.99,88.07,24.01,True,Summer,0,24.01,180,88.07
2024-08-12 12:00:00+05:30,2024-08-12,2024,8,August,12,225,12,Monday,80.45,92.26,9.55,True,Summer,0,9.55,180,92.26
2024-08-12 13:00:00+05:30,2024-08-12,2024,8,August,12,225,13,Monday,85.01,263.7,4.99,True,Summer,0,4.99,180,263.7
2024-08-12 14:00:00+05:30,2024-08-12,2024,8,August,12,225,14,Monday,70.56,270.84,19.44,True,Summer,0,19.44,180,270.84
2024-08-12 15:00:00+05:30,2024-08-12,2024,8,August,12,225,15,Monday,56.11,273.68,33.89,True,Summer,0,33.89,180,273.68
2024-08-12 16:00:00+05:30,2024-08-12,2024,8,August,12,225,16,Monday,41.7,276.22,48.3,True,Summer,0,48.3,180,276.22
2024-08-12 17:00:00+05:30,2024-08-12,2024,8,August,12,225,17,Monday,27.36,278.89,62.64,True,Summer,0,62.64,180,278.89
2024-08-12 18:00:00+05:30,2024-08-12,2024,8,August,12,225,18,Monday,13.13,281.91,76.87,True,Summer,0,76.87,180,281.91
2024-08-13 07:00:00+05:30,2024-08-13,2024,8,August,13,226,7,Tuesday,8.66,77.19,81.34,True,Summer,0,81.34,180,77.19
2024-08-13 08:00:00+05:30,2024-08-13,2024,8,August,13,226,8,Tuesday,22.85,80.41,67.15,True,Summer,0,67.15,180,80.41
2024-08-13 09:00:00+05:30,2024-08-13,2024,8,August,13,226,9,Tuesday,37.16,83.23,52.84,True,Summer,0,52.84,180,83.23
2024-08-13 10:00:00+05:30,2024-08-13,2024,8,August,13,226,10,Tuesday,51.56,85.9,38.44,True,Summer,0,38.44,180,85.9
2024-08-13 11:00:00+05:30,2024-08-13,2024,8,August,13,226,11,Tuesday,66.0,88.83,24.0,True,Summer,0,24.0,180,88.83
2024-08-13 12:00:00+05:30,2024-08-13,2024,8,August,13,226,12,Tuesday,80.46,94.11,9.54,True,Summer,0,9.54,180,94.11
2024-08-13 13:00:00+05:30,2024-08-13,2024,8,August,13,226,13,Tuesday,84.92,260.35,5.08,True,Summer,0,5.08,180,260.35
2024-08-13 14:00:00+05:30,2024-08-13,2024,8,August,13,226,14,Tuesday,70.49,269.94,19.51,True,Summer,0,19.51,180,269.94
2024-08-13 15:00:00+05:30,2024-08-13,2024,8,August,13,226,15,Tuesday,56.03,273.14,33.97,True,Summer,0,33.97,180,273.14
2024-08-13 16:00:00+05:30,2024-08-13,2024,8,August,13,226,16,Tuesday,41.61,275.82,48.39,True,Summer,0,48.39,180,275.82
2024-08-13 17:00:00+05:30,2024-08-13,2024,8,August,13,226,17,Tuesday,27.26,278.56,62.74,True,Summer,0,62.74,180,278.56
2024-08-13 18:00:00+05:30,2024-08-13,2024,8,August,13,226,18,Tuesday,13.02,281.62,76.98,True,Summer,0,76.98,180,281.62
2024-08-14 07:00:00+05:30,2024-08-14,2024,8,August,14,227,7,Wednesday,8.63,77.5,81.37,True,Summer,0,81.37,180,77.5
2024-08-14 08:00:00+05:30,2024-08-14,2024,8,August,14,227,8,Wednesday,22.83,80.74,67.17,True,Summer,0,67.17,180,80.74
2024-08-14 09:00:00+05:30,2024-08-14,2024,8,August,14,227,9,Wednesday,37.16,83.62,52.84,True,Summer,0,52.84,180,83.62
2024-08-14 10:00:00+05:30,2024-08-14,2024,8,August,14,227,10,Wednesday,51.57,86.4,38.43,True,Summer,0,38.43,180,86.4
2024-08-14 11:00:00+05:30,2024-08-14,2024,8,August,14,227,11,Wednesday,66.02,89.59,23.98,True,Summer,0,23.98,180,89.59
2024-08-14 12:00:00+05:30,2024-08-14,2024,8,August,14,227,12,Wednesday,80.46,96.0,9.54,True,Summer,0,9.54,180,96.0
2024-08-14 13:00:00+05:30,2024-08-14,2024,8,August,14,227,13,Wednesday,84.81,257.1,5.19,True,Summer,0,5.19,180,257.1
2024-08-14 14:00:00+05:30,2024-08-14,2024,8,August,14,227,14,Wednesday,70.42,269.04,19.58,True,Summer,0,19.58,180,269.04
2024-08-14 15:00:00+05:30,2024-08-14,2024,8,August,14,227,15,Wednesday,55.95,272.6,34.05,True,Summer,0,34.05,180,272.6
2024-08-14 16:00:00+05:30,2024-08-14,2024,8,August,14,227,16,Wednesday,41.52,275.42,48.48,True,Summer,0,48.48,180,275.42
2024-08-14 17:00:00+05:30,2024-08-14,2024,8,August,14,227,17,Wednesday,27.16,278.23,62.84,True,Summer,0,62.84,180,278.23
2024-08-14 18:00:00+05:30,2024-08-14,2024,8,August,14,227,18,Wednesday,12.91,281.32,77.09,True,Summer,0,77.09,180,281.32
2024-08-15 07:00:00+05:30,2024-08-15,2024,8,August,15,228,7,Thursday,8.6,77.82,81.4,True,Summer,0,81.4,180,77.82
2024-08-15 08:00:00+05:30,2024-08-15,2024,8,August,15,228,8,Thursday,22.82,81.09,67.18,True,Summer,0,67.18,180,81.09
2024-08-15 09:00:00+05:30,2024-08-15,2024,8,August,15,228,9,Thursday,37.16,84.02,52.84,True,Summer,0,52.84,180,84.02
2024-08-15 10:00:00+05:30,2024-08-15,2024,8,August,15,228,10,Thursday,51.58,86.91,38.42,True,Summer,0,38.42,180,86.91
2024-08-15 11:00:00+05:30,2024-08-15,2024,8,August,15,228,11,Thursday,66.03,90.37,23.97,True,Summer,0,23.97,180,90.37
2024-08-15 12:00:00+05:30,2024-08-15,2024,8,August,15,228,12,Thursday,80.46,97.9,9.54,True,Summer,0,9.54,180,97.9
2024-08-15 13:00:00+05:30,2024-08-15,2024,8,August,15,228,13,Thursday,84.68,253.96,5.32,True,Summer,0,5.32,180,253.96
2024-08-15 14:00:00+05:30,2024-08-15,2024,8,August,15,228,14,Thursday,70.33,268.13,19.67,True,Summer,0,19.67,180,268.13
2024-08-15 15:00:00+05:30,2024-08-15,2024,8,August,15,228,15,Thursday,55.87,272.06,34.13,True,Summer,0,34.13,180,272.06
2024-08-15 16:00:00+05:30,2024-08-15,2024,8,August,15,228,16,Thursday,41.43,275.02,48.57,True,Summer,0,48.57,180,275.02
2024-08-15 17:00:00+05:30,2024-08-15,2024,8,August,15,228,17,Thursday,27.06,277.89,62.94,True,Summer,0,62.94,180,277.89
2024-08-15 18:00:00+05:30,2024-08-15,2024,8,August,15,228,18,Thursday,12.79,281.02,77.21,True,Summer,0,77.21,180,281.02
2024-08-16 07:00:00+05:30,2024-08-16,2024,8,August,16,229,7,Friday,8.58,78.14,81.42,True,Summer,0,81.42,180,78.14
2024-08-16 08:00:00+05:30,2024-08-16,2024,8,August,16,229,8,Friday,22.81,81.43,67.19,True,Summer,0,67.19,180,81.43
2024-08-16 09:00:00+05:30,2024-08-16,2024,8,August,16,229,9,Friday,37.16,84.42,52.84,True,Summer,0,52.84,180,84.42
2024-08-16 10:00:00+05:30,2024-08-16,2024,8,August,16,229,10,Friday,51.58,87.43,38.42,True,Summer,0,38.42,180,87.43
2024-08-16 11:00:00+05:30,2024-08-16,2024,8,August,16,229,11,Friday,66.04,91.16,23.96,True,Summer,0,23.96,180,91.16
2024-08-16 12:00:00+05:30,2024-08-16,2024,8,August,16,229,12,Friday,80.45,99.83,9.55,True,Summer,0,9.55,180,99.83
2024-08-16 13:00:00+05:30,2024-08-16,2024,8,August,16,229,13,Friday,84.53,250.95,5.47,True,Summer,0,5.47,180,250.95
2024-08-16 14:00:00+05:30,2024-08-16,2024,8,August,16,229,14,Friday,70.24,267.22,19.76,True,Summer,0,19.76,180,267.22
2024-08-16 15:00:00+05:30,2024-08-16,2024,8,August,16,229,15,Friday,55.78,271.51,34.22,True,Summer,0,34.22,180,271.51
2024-08-16 16:00:00+05:30,2024-08-16,2024,8,August,16,229,16,Friday,41.33,274.61,48.67,True,Summer,0,48.67,180,274.61
2024-08-16 17:00:00+05:30,2024-08-16,2024,8,August,16,229,17,Friday,26.95,277.55,63.05,True,Summer,0,63.05,180,277.55
2024-08-16 18:00:00+05:30,2024-08-16,2024,8,August,16,229,18,Friday,12.67,280.71,77.33,True,Summer,0,77.33,180,280.71
2024-08-17 07:00:00+05:30,2024-08-17,2024,8,August,17,230,7,Saturday,8.55,78.46,81.45,True,Summer,0,81.45,180,78.46
2024-08-17 08:00:00+05:30,2024-08-17,2024,8,August,17,230,8,Saturday,22.8,81.78,67.2,True,Summer,0,67.2,180,81.78
2024-08-17 09:00:00+05:30,2024-08-17,2024,8,August,17,230,9,Saturday,37.16,84.82,52.84,True,Summer,0,52.84,180,84.82
2024-08-17 10:00:00+05:30,2024-08-17,2024,8,August,17,230,10,Saturday,51.59,87.95,38.41,True,Summer,0,38.41,180,87.95
2024-08-17 11:00:00+05:30,2024-08-17,2024,8,August,17,230,11,Saturday,66.05,91.95,23.95,True,Summer,0,23.95,180,91.95
2024-08-17 12:00:00+05:30,2024-08-17,2024,8,August,17,230,12,Saturday,80.43,101.77,9.57,True,Summer,0,9.57,180,101.77
2024-08-17 13:00:00+05:30,2024-08-17,2024,8,August,17,230,13,Saturday,84.36,248.09,5.64,True,Summer,0,5.64,180,248.09
2024-08-17 14:00:00+05:30,2024-08-17,2024,8,August,17,230,14,Saturday,70.14,266.31,19.86,True,Summer,0,19.86,180,266.31
2024-08-17 15:00:00+05:30,2024-08-17,2024,8,August,17,230,15,Saturday,55.68,270.96,34.32,True,Summer,0,34.32,180,270.96
2024-08-17 16:00:00+05:30,2024-08-17,2024,8,August,17,230,16,Saturday,41.23,274.2,48.77,True,Summer,0,48.77,180,274.2
2024-08-17 17:00:00+05:30,2024-08-17,2024,8,August,17,230,17,Saturday,26.84,277.21,63.16,True,Summer,0,63.16,180,277.21
2024-08-17 18:00:00+05:30,2024-08-17,2024,8,August,17,230,18,Saturday,12.54,280.41,77.46,True,Summer,0,77.46,180,280.41
2024-08-18 07:00:00+05:30,2024-08-18,2024,8,August,18,231,7,Sunday,8.53,78.79,81.47,True,Summer,0,81.47,180,78.79
2024-08-18 08:00:00+05:30,2024-08-18,2024,8,August,18,231,8,Sunday,22.79,82.14,67.21,True,Summer,0,67.21,180,82.14
2024-08-18 09:00:00+05:30,2024-08-18,2024,8,August,18,231,9,Sunday,37.16,85.23,52.84,True,Summer,0,52.84,180,85.23
2024-08-18 10:00:00+05:30,2024-08-18,2024,8,August,18,231,10,Sunday,51.6,88.47,38.4,True,Summer,0,38.4,180,88.47
2024-08-18 11:00:00+05:30,2024-08-18,2024,8,August,18,231,11,Sunday,66.06,92.76,23.94,True,Summer,0,23.94,180,92.76
2024-08-18 12:00:00+05:30,2024-08-18,2024,8,August,18,231,12,Sunday,80.39,103.73,9.61,True,Summer,0,9.61,180,103.73
2024-08-18 13:00:00+05:30,2024-08-18,2024,8,August,18,231,13,Sunday,84.18,245.38,5.82,True,Summer,0,5.82,180,245.38
2024-08-18 14:00:00+05:30,2024-08-18,2024,8,August,18,231,14,Sunday,70.04,265.4,19.96,True,Summer,0,19.96,180,265.4
2024-08-18 15:00:00+05:30,2024-08-18,2024,8,August,18,231,15,Sunday,55.58,270.41,34.42,True,Summer,0,34.42,180,270.41
2024-08-18 16:00:00+05:30,2024-08-18,2024,8,August,18,231,16,Sunday,41.13,273.79,48.87,True,Summer,0,48.87,180,273.79
2024-08-18 17:00:00+05:30,2024-08-18,2024,8,August,18,231,17,Sunday,26.72,276.87,63.28,True,Summer,0,63.28,180,276.87
2024-08-18 18:00:00+05:30,2024-08-18,2024,8,August,18,231,18,Sunday,12.42,280.1,77.58,True,Summer,0,77.58,180,280.1
2024-08-19 07:00:00+05:30,2024-08-19,2024,8,August,19,232,7,Monday,8.5,79.13,81.5,True,Summer,0,81.5,180,79.13
2024-08-19 08:00:00+05:30,2024-08-19,2024,8,August,19,232,8,Monday,22.78,82.49,67.22,True,Summer,0,67.22,180,82.49
2024-08-19 09:00:00+05:30,2024-08-19,2024,8,August,19,232,9,Monday,37.16,85.65,52.84,True,Summer,0,52.84,180,85.65
2024-08-19 10:00:00+05:30,2024-08-19,2024,8,August,19,232,10,Monday,51.6,89.0,38.4,True,Summer,0,38.4,180,89.0
2024-08-19 11:00:00+05:30,2024-08-19,2024,8,August,19,232,11,Monday,66.06,93.58,23.94,True,Summer,0,23.94,180,93.58
2024-08-19 12:00:00+05:30,2024-08-19,2024,8,August,19,232,12,Monday,80.35,105.7,9.65,True,Summer,0,9.65,180,105.7
2024-08-19 13:00:00+05:30,2024-08-19,2024,8,August,19,232,13,Monday,83.98,242.82,6.02,True,Summer,0,6.02,180,242.82
2024-08-19 14:00:00+05:30,2024-08-19,2024,8,August,19,232,14,Monday,69.92,264.49,20.08,True,Summer,0,20.08,180,264.49
2024-08-19 15:00:00+05:30,2024-08-19,2024,8,August,19,232,15,Monday,55.48,269.85,34.52,True,Summer,0,34.52,180,269.85
2024-08-19 16:00:00+05:30,2024-08-19,2024,8,August,19,232,16,Monday,41.02,273.38,48.98,True,Summer,0,48.98,180,273.38
2024-08-19 17:00:00+05:30,2024-08-19,2024,8,August,19,232,17,Monday,26.61,276.52,63.39,True,Summer,0,63.39,180,276.52
2024-08-19 18:00:00+05:30,2024-08-19,2024,8,August,19,232,18,Monday,12.28,279.78,77.72,True,Summer,0,77.72,180,279.78
2024-08-20 07:00:00+05:30,2024-08-20,2024,8,August,20,233,7,Tuesday,8.48,79.46,81.52,True,Summer,0,81.52,180,79.46
2024-08-20 08:00:00+05:30,2024-08-20,2024,8,August,20,233,8,Tuesday,22.77,82.86,67.23,True,Summer,0,67.23,180,82.86
2024-08-20 09:00:00+05:30,2024-08-20,2024,8,August,20,233,9,Tuesday,37.16,86.07,52.84,True,Summer,0,52.84,180,86.07
2024-08-20 10:00:00+05:30,2024-08-20,2024,8,August,20,233,10,Tuesday,51.61,89.54,38.39,True,Summer,0,38.39,180,89.54
2024-08-20 11:00:00+05:30,2024-08-20,2024,8,August,20,233,11,Tuesday,66.06,94.4,23.94,True,Summer,0,23.94,180,94.4
2024-08-20 12:00:00+05:30,2024-08-20,2024,8,August,20,233,12,Tuesday,80.3,107.66,9.7,True,Summer,0,9.7,180,107.66
2024-08-20 13:00:00+05:30,2024-08-20,2024,8,August,20,233,13,Tuesday,83.76,240.41,6.24,True,Summer,0,6.24,180,240.41
2024-08-20 14:00:00+05:30,2024-08-20,2024,8,August,20,233,14,Tuesday,69.8,263.58,20.2,True,Summer,0,20.2,180,263.58
2024-08-20 15:00:00+05:30,2024-08-20,2024,8,August,20,233,15,Tuesday,55.36,269.29,34.64,True,Summer,0,34.64,180,269.29
2024-08-20 16:00:00+05:30,2024-08-20,2024,8,August,20,233,16,Tuesday,40.9,272.96,49.1,True,Summer,0,49.1,180,272.96
2024-08-20 17:00:00+05:30,2024-08-20,2024,8,August,20,233,17,Tuesday,26.48,276.17,63.52,True,Summer,0,63.52,180,276.17
2024-08-20 18:00:00+05:30,2024-08-20,2024,8,August,20,233,18,Tuesday,12.15,279.47,77.85,True,Summer,0,77.85,180,279.47
2024-08-21 07:00:00+05:30,2024-08-21,2024,8,August,21,234,7,Wednesday,8.46,79.8,81.54,True,Summer,0,81.54,180,79.8
2024-08-21 08:00:00+05:30,2024-08-21,2024,8,August,21,234,8,Wednesday,22.76,83.22,67.24,True,Summer,0,67.24,180,83.22
2024-08-21 09:00:00+05:30,2024-08-21,2024,8,August,21,234,9,Wednesday,37.16,86.49,52.84,True,Summer,0,52.84,180,86.49
2024-08-21 10:00:00+05:30,2024-08-21,2024,8,August,21,234,10,Wednesday,51.61,90.09,38.39,True,Summer,0,38.39,180,90.09
2024-08-21 11:00:00+05:30,2024-08-21,2024,8,August,21,234,11,Wednesday,66.06,95.23,23.94,True,Summer,0,23.94,180,95.23
2024-08-21 12:00:00+05:30,2024-08-21,2024,8,August,21,234,12,Wednesday,80.24,109.63,9.76,True,Summer,0,9.76,180,109.63
2024-08-21 13:00:00+05:30,2024-08-21,2024,8,August,21,234,13,Wednesday,83.53,238.15,6.47,True,Summer,0,6.47,180,238.15
2024-08-21 14:00:00+05:30,2024-08-21,2024,8,August,21,234,14,Wednesday,69.68,262.67,20.32,True,Summer,0,20.32,180,262.67
2024-08-21 15:00:00+05:30,2024-08-21,2024,8,August,21,234,15,Wednesday,55.25,268.74,34.75,True,Summer,0,34.75,180,268.74
2024-08-21 16:00:00+05:30,2024-08-21,2024,8,August,21,234,16,Wednesday,40.78,272.54,49.22,True,Summer,0,49.22,180,272.54
2024-08-21 17:00:00+05:30,2024-08-21,2024,8,August,21,234,17,Wednesday,26.36,275.82,63.64,True,Summer,0,63.64,180,275.82
2024-08-21 18:00:00+05:30,2024-08-21,2024,8,August,21,234,18,Wednesday,12.01,279.15,77.99,True,Summer,0,77.99,180,279.15
2024-08-22 07:00:00+05:30,2024-08-22,2024,8,August,22,235,7,Thursday,8.44,80.15,81.56,True,Summer,0,81.56,180,80.15
2024-08-22 08:00:00+05:30,2024-08-22,2024,8,August,22,235,8,Thursday,22.75,83.59,67.25,True,Summer,0,67.25,180,83.59
2024-08-22 09:00:00+05:30,2024-08-22,2024,8,August,22,235,9,Thursday,37.16,86.92,52.84,True,Summer,0,52.84,180,86.92
2024-08-22 10:00:00+05:30,2024-08-22,2024,8,August,22,235,10,Thursday,51.62,90.64,38.38,True,Summer,0,38.38,180,90.64
2024-08-22 11:00:00+05:30,2024-08-22,2024,8,August,22,235,11,Thursday,66.05,96.07,23.95,True,Summer,0,23.95,180,96.07
2024-08-22 12:00:00+05:30,2024-08-22,2024,8,August,22,235,12,Thursday,80.17,111.59,9.83,True,Summer,0,9.83,180,111.59
2024-08-22 13:00:00+05:30,2024-08-22,2024,8,August,22,235,13,Thursday,83.29,236.03,6.71,True,Summer,0,6.71,180,236.03
2024-08-22 14:00:00+05:30,2024-08-22,2024,8,August,22,235,14,Thursday,69.54,261.77,20.46,True,Summer,0,20.46,180,261.77
2024-08-22 15:00:00+05:30,2024-08-22,2024,8,August,22,235,15,Thursday,55.13,268.17,34.87,True,Summer,0,34.87,180,268.17
2024-08-22 16:00:00+05:30,2024-08-22,2024,8,August,22,235,16,Thursday,40.66,272.12,49.34,True,Summer,0,49.34,180,272.12
2024-08-22 17:00:00+05:30,2024-08-22,2024,8,August,22,235,17,Thursday,26.23,275.47,63.77,True,Summer,0,63.77,180,275.47
2024-08-22 18:00:00+05:30,2024-08-22,2024,8,August,22,235,18,Thursday,11.87,278.83,78.13,True,Summer,0,78.13,180,278.83
2024-08-23 07:00:00+05:30,2024-08-23,2024,8,August,23,236,7,Friday,8.42,80.5,81.58,True,Summer,0,81.58,180,80.5
2024-08-23 08:00:00+05:30,2024-08-23,2024,8,August,23,236,8,Friday,22.74,83.97,67.26,True,Summer,0,67.26,180,83.97
2024-08-23 09:00:00+05:30,2024-08-23,2024,8,August,23,236,9,Friday,37.16,87.35,52.84,True,Summer,0,52.84,180,87.35
2024-08-23 10:00:00+05:30,2024-08-23,2024,8,August,23,236,10,Friday,51.62,91.19,38.38,True,Summer,0,38.38,180,91.19
2024-08-23 11:00:00+05:30,2024-08-23,2024,8,August,23,236,11,Friday,66.05,96.92,23.95,True,Summer,0,23.95,180,96.92
2024-08-23 12:00:00+05:30,2024-08-23,2024,8,August,23,236,12,Friday,80.08,113.55,9.92,True,Summer,0,9.92,180,113.55
2024-08-23 13:00:00+05:30,2024-08-23,2024,8,August,23,236,13,Friday,83.04,234.06,6.96,True,Summer,0,6.96,180,234.06
2024-08-23 14:00:00+05:30,2024-08-23,2024,8,August,23,236,14,Friday,69.4,260.87,20.6,True,Summer,0,20.6,180,260.87
2024-08-23 15:00:00+05:30,2024-08-23,2024,8,August,23,236,15,Friday,55.0,267.61,35.0,True,Summer,0,35.0,180,267.61
2024-08-23 16:00:00+05:30,2024-08-23,2024,8,August,23,236,16,Friday,40.54,271.69,49.46,True,Summer,0,49.46,180,271.69
2024-08-23 17:00:00+05:30,2024-08-23,2024,8,August,23,236,17,Friday,26.1,275.11,63.9,True,Summer,0,63.9,180,275.11
2024-08-23 18:00:00+05:30,2024-08-23,2024,8,August,23,236,18,Friday,11.73,278.51,78.27,True,Summer,0,78.27,180,278.51
2024-08-24 07:00:00+05:30,2024-08-24,2024,8,August,24,237,7,Saturday,8.4,80.85,81.6,True,Summer,0,81.6,180,80.85
2024-08-24 08:00:00+05:30,2024-08-24,2024,8,August,24,237,8,Saturday,22.74,84.34,67.26,True,Summer,0,67.26,180,84.34
2024-08-24 09:00:00+05:30,2024-08-24,2024,8,August,24,237,9,Saturday,37.16,87.79,52.84,True,Summer,0,52.84,180,87.79
2024-08-24 10:00:00+05:30,2024-08-24,2024,8,August,24,237,10,Saturday,51.62,91.75,38.38,True,Summer,0,38.38,180,91.75
2024-08-24 11:00:00+05:30,2024-08-24,2024,8,August,24,237,11,Saturday,66.03,97.78,23.97,True,Summer,0,23.97,180,97.78
2024-08-24 12:00:00+05:30,2024-08-24,2024,8,August,24,237,12,Saturday,79.99,115.49,10.01,True,Summer,0,10.01,180,115.49
2024-08-24 13:00:00+05:30,2024-08-24,2024,8,August,24,237,13,Saturday,82.78,232.21,7.22,True,Summer,0,7.22,180,232.21
2024-08-24 14:00:00+05:30,2024-08-24,2024,8,August,24,237,14,Saturday,69.25,259.98,20.75,True,Summer,0,20.75,180,259.98
2024-08-24 15:00:00+05:30,2024-08-24,2024,8,August,24,237,15,Saturday,54.87,267.05,35.13,True,Summer,0,35.13,180,267.05
2024-08-24 16:00:00+05:30,2024-08-24,2024,8,August,24,237,16,Saturday,40.41,271.27,49.59,True,Summer,0,49.59,180,271.27
2024-08-24 17:00:00+05:30,2024-08-24,2024,8,August,24,237,17,Saturday,25.96,274.75,64.04,True,Summer,0,64.04,180,274.75
2024-08-24 18:00:00+05:30,2024-08-24,2024,8,August,24,237,18,Saturday,11.59,278.19,78.41,True,Summer,0,78.41,180,278.19
2024-08-25 07:00:00+05:30,2024-08-25,2024,8,August,25,238,7,Sunday,8.38,81.2,81.62,True,Summer,0,81.62,180,81.2
2024-08-25 08:00:00+05:30,2024-08-25,2024,8,August,25,238,8,Sunday,22.73,84.72,67.27,True,Summer,0,67.27,180,84.72
2024-08-25 09:00:00+05:30,2024-08-25,2024,8,August,25,238,9,Sunday,37.16,88.23,52.84,True,Summer,0,52.84,180,88.23
2024-08-25 10:00:00+05:30,2024-08-25,2024,8,August,25,238,10,Sunday,51.62,92.32,38.38,True,Summer,0,38.38,180,92.32
2024-08-25 11:00:00+05:30,2024-08-25,2024,8,August,25,238,11,Sunday,66.02,98.64,23.98,True,Summer,0,23.98,180,98.64
2024-08-25 12:00:00+05:30,2024-08-25,2024,8,August,25,238,12,Sunday,79.88,117.41,10.12,True,Summer,0,10.12,180,117.41
2024-08-25 13:00:00+05:30,2024-08-25,2024,8,August,25,238,13,Sunday,82.5,230.49,7.5,True,Summer,0,7.5,180,230.49
2024-08-25 14:00:00+05:30,2024-08-25,2024,8,August,25,238,14,Sunday,69.09,259.1,20.91,True,Summer,0,20.91,180,259.1
2024-08-25 15:00:00+05:30,2024-08-25,2024,8,August,25,238,15,Sunday,54.73,266.49,35.27,True,Summer,0,35.27,180,266.49
2024-08-25 16:00:00+05:30,2024-08-25,2024,8,August,25,238,16,Sunday,40.27,270.84,49.73,True,Summer,0,49.73,180,270.84
2024-08-25 17:00:00+05:30,2024-08-25,2024,8,August,25,238,17,Sunday,25.82,274.39,64.18,True,Summer,0,64.18,180,274.39
2024-08-25 18:00:00+05:30,2024-08-25,2024,8,August,25,238,18,Sunday,11.44,277.86,78.56,True,Summer,0,78.56,180,277.86
2024-08-26 07:00:00+05:30,2024-08-26,2024,8,August,26,239,7,Monday,8.36,81.56,81.64,True,Summer,0,81.64,180,81.56
2024-08-26 08:00:00+05:30,2024-08-26,2024,8,August,26,239,8,Monday,22.72,85.11,67.28,True,Summer,0,67.28,180,85.11
2024-08-26 09:00:00+05:30,2024-08-26,2024,8,August,26,239,9,Monday,37.16,88.67,52.84,True,Summer,0,52.84,180,88.67
2024-08-26 10:00:00+05:30,2024-08-26,2024,8,August,26,239,10,Monday,51.62,92.89,38.38,True,Summer,0,38.38,180,92.89
2024-08-26 11:00:00+05:30,2024-08-26,2024,8,August,26,239,11,Monday,66.0,99.52,24.0,True,Summer,0,24.0,180,99.52
2024-08-26 12:00:00+05:30,2024-08-26,2024,8,August,26,239,12,Monday,79.77,119.3,10.23,True,Summer,0,10.23,180,119.3
2024-08-26 13:00:00+05:30,2024-08-26,2024,8,August,26,239,13,Monday,82.22,228.88,7.78,True,Summer,0,7.78,180,228.88
2024-08-26 14:00:00+05:30,2024-08-26,2024,8,August,26,239,14,Monday,68.93,258.22,21.07,True,Summer,0,21.07,180,258.22
2024-08-26 15:00:00+05:30,2024-08-26,2024,8,August,26,239,15,Monday,54.59,265.92,35.41,True,Summer,0,35.41,180,265.92
2024-08-26 16:00:00+05:30,2024-08-26,2024,8,August,26,239,16,Monday,40.13,270.41,49.87,True,Summer,0,49.87,180,270.41
2024-08-26 17:00:00+05:30,2024-08-26,2024,8,August,26,239,17,Monday,25.68,274.03,64.32,True,Summer,0,64.32,180,274.03
2024-08-26 18:00:00+05:30,2024-08-26,2024,8,August,26,239,18,Monday,11.29,277.53,78.71,True,Summer,0,78.71,180,277.53
2024-08-27 07:00:00+05:30,2024-08-27,2024,8,August,27,240,7,Tuesday,8.34,81.92,81.66,True,Summer,0,81.66,180,81.92
2024-08-27 08:00:00+05:30,2024-08-27,2024,8,August,27,240,8,Tuesday,22.71,85.49,67.29,True,Summer,0,67.29,180,85.49
2024-08-27 09:00:00+05:30,2024-08-27,2024,8,August,27,240,9,Tuesday,37.16,89.12,52.84,True,Summer,0,52.84,180,89.12
2024-08-27 10:00:00+05:30,2024-08-27,2024,8,August,27,240,10,Tuesday,51.61,93.47,38.39,True,Summer,0,38.39,180,93.47
2024-08-27 11:00:00+05:30,2024-08-27,2024,8,August,27,240,11,Tuesday,65.97,100.39,24.03,True,Summer,0,24.03,180,100.39
2024-08-27 12:00:00+05:30,2024-08-27,2024,8,August,27,240,12,Tuesday,79.64,121.17,10.36,True,Summer,0,10.36,180,121.17
2024-08-27 13:00:00+05:30,2024-08-27,2024,8,August,27,240,13,Tuesday,81.93,227.38,8.07,True,Summer,0,8.07,180,227.38
2024-08-27 14:00:00+05:30,2024-08-27,2024,8,August,27,240,14,Tuesday,68.76,257.34,21.24,True,Summer,0,21.24,180,257.34
2024-08-27 15:00:00+05:30,2024-08-27,2024,8,August,27,240,15,Tuesday,54.45,265.36,35.55,True,Summer,0,35.55,180,265.36
2024-08-27 16:00:00+05:30,2024-08-27,2024,8,August,27,240,16,Tuesday,39.99,269.98,50.01,True,Summer,0,50.01,180,269.98
2024-08-27 17:00:00+05:30,2024-08-27,2024,8,August,27,240,17,Tuesday,25.53,273.67,64.47,True,Summer,0,64.47,180,273.67
2024-08-27 18:00:00+05:30,2024-08-27,2024,8,August,27,240,18,Tuesday,11.13,277.2,78.87,True,Summer,0,78.87,180,277.2
2024-08-28 07:00:00+05:30,2024-08-28,2024,8,August,28,241,7,Wednesday,8.32,82.28,81.68,True,Summer,0,81.68,180,82.28
2024-08-28 08:00:00+05:30,2024-08-28,2024,8,August,28,241,8,Wednesday,22.71,85.88,67.29,True,Summer,0,67.29,180,85.88
2024-08-28 09:00:00+05:30,2024-08-28,2024,8,August,28,241,9,Wednesday,37.16,89.57,52.84,True,Summer,0,52.84,180,89.57
2024-08-28 10:00:00+05:30,2024-08-28,2024,8,August,28,241,10,Wednesday,51.61,94.05,38.39,True,Summer,0,38.39,180,94.05
2024-08-28 11:00:00+05:30,2024-08-28,2024,8,August,28,241,11,Wednesday,65.94,101.27,24.06,True,Summer,0,24.06,180,101.27
2024-08-28 12:00:00+05:30,2024-08-28,2024,8,August,28,241,12,Wednesday,79.5,123.02,10.5,True,Summer,0,10.5,180,123.02
2024-08-28 13:00:00+05:30,2024-08-28,2024,8,August,28,241,13,Wednesday,81.63,225.98,8.37,True,Summer,0,8.37,180,225.98
2024-08-28 14:00:00+05:30,2024-08-28,2024,8,August,28,241,14,Wednesday,68.58,256.48,21.42,True,Summer,0,21.42,180,256.48
2024-08-28 15:00:00+05:30,2024-08-28,2024,8,August,28,241,15,Wednesday,54.3,264.8,35.7,True,Summer,0,35.7,180,264.8
2024-08-28 16:00:00+05:30,2024-08-28,2024,8,August,28,241,16,Wednesday,39.85,269.55,50.15,True,Summer,0,50.15,180,269.55
2024-08-28 17:00:00+05:30,2024-08-28,2024,8,August,28,241,17,Wednesday,25.39,273.3,64.61,True,Summer,0,64.61,180,273.3
2024-08-28 18:00:00+05:30,2024-08-28,2024,8,August,28,241,18,Wednesday,10.98,276.87,79.02,True,Summer,0,79.02,180,276.87
2024-08-29 07:00:00+05:30,2024-08-29,2024,8,August,29,242,7,Thursday,8.31,82.65,81.69,True,Summer,0,81.69,180,82.65
2024-08-29 08:00:00+05:30,2024-08-29,2024,8,August,29,242,8,Thursday,22.7,86.28,67.3,True,Summer,0,67.3,180,86.28
2024-08-29 09:00:00+05:30,2024-08-29,2024,8,August,29,242,9,Thursday,37.15,90.03,52.85,True,Summer,0,52.85,180,90.03
2024-08-29 10:00:00+05:30,2024-08-29,2024,8,August,29,242,10,Thursday,51.6,94.63,38.4,True,Summer,0,38.4,180,94.63
2024-08-29 11:00:00+05:30,2024-08-29,2024,8,August,29,242,11,Thursday,65.91,102.16,24.09,True,Summer,0,24.09,180,102.16
2024-08-29 12:00:00+05:30,2024-08-29,2024,8,August,29,242,12,Thursday,79.36,124.82,10.64,True,Summer,0,10.64,180,124.82
2024-08-29 13:00:00+05:30,2024-08-29,2024,8,August,29,242,13,Thursday,81.32,224.67,8.68,True,Summer,0,8.68,180,224.67
2024-08-29 14:00:00+05:30,2024-08-29,2024,8,August,29,242,14,Thursday,68.4,255.62,21.6,True,Summer,0,21.6,180,255.62
2024-08-29 15:00:00+05:30,2024-08-29,2024,8,August,29,242,15,Thursday,54.14,264.24,35.86,True,Summer,0,35.86,180,264.24
2024-08-29 16:00:00+05:30,2024-08-29,2024,8,August,29,242,16,Thursday,39.7,269.12,50.3,True,Summer,0,50.3,180,269.12
2024-08-29 17:00:00+05:30,2024-08-29,2024,8,August,29,242,17,Thursday,25.24,272.94,64.76,True,Summer,0,64.76,180,272.94
2024-08-29 18:00:00+05:30,2024-08-29,2024,8,August,29,242,18,Thursday,10.82,276.54,79.18,True,Summer,0,79.18,180,276.54
2024-08-30 07:00:00+05:30,2024-08-30,2024,8,August,30,243,7,Friday,8.29,83.02,81.71,True,Summer,0,81.71,180,83.02
2024-08-30 08:00:00+05:30,2024-08-30,2024,8,August,30,243,8,Friday,22.69,86.67,67.31,True,Summer,0,67.31,180,86.67
2024-08-30 09:00:00+05:30,2024-08-30,2024,8,August,30,243,9,Friday,37.15,90.49,52.85,True,Summer,0,52.85,180,90.49
2024-08-30 10:00:00+05:30,2024-08-30,2024,8,August,30,243,10,Friday,51.59,95.22,38.41,True,Summer,0,38.41,180,95.22
2024-08-30 11:00:00+05:30,2024-08-30,2024,8,August,30,243,11,Friday,65.87,103.05,24.13,True,Summer,0,24.13,180,103.05
2024-08-30 12:00:00+05:30,2024-08-30,2024,8,August,30,243,12,Friday,79.2,126.6,10.8,True,Summer,0,10.8,180,126.6
2024-08-30 13:00:00+05:30,2024-08-30,2024,8,August,30,243,13,Friday,81.01,223.45,8.99,True,Summer,0,8.99,180,223.45
2024-08-30 14:00:00+05:30,2024-08-30,2024,8,August,30,243,14,Friday,68.21,254.78,21.79,True,Summer,0,21.79,180,254.78
2024-08-30 15:00:00+05:30,2024-08-30,2024,8,August,30,243,15,Friday,53.98,263.67,36.02,True,Summer,0,36.02,180,263.67
2024-08-30 16:00:00+05:30,2024-08-30,2024,8,August,30,243,16,Friday,39.55,268.69,50.45,True,Summer,0,50.45,180,268.69
2024-08-30 17:00:00+05:30,2024-08-30,2024,8,August,30,243,17,Friday,25.08,272.57,64.92,True,Summer,0,64.92,180,272.57
2024-08-30 18:00:00+05:30,2024-08-30,2024,8,August,30,243,18,Friday,10.66,276.2,79.34,True,Summer,0,79.34,180,276.2
2024-08-31 07:00:00+05:30,2024-08-31,2024,8,August,31,244,7,Saturday,8.28,83.39,81.72,True,Summer,0,81.72,180,83.39
2024-08-31 08:00:00+05:30,2024-08-31,2024,8,August,31,244,8,Saturday,22.69,87.07,67.31,True,Summer,0,67.31,180,87.07
2024-08-31 09:00:00+05:30,2024-08-31,2024,8,August,31,244,9,Saturday,37.14,90.95,52.86,True,Summer,0,52.86,180,90.95
2024-08-31 10:00:00+05:30,2024-08-31,2024,8,August,31,244,10,Saturday,51.58,95.81,38.42,True,Summer,0,38.42,180,95.81
2024-08-31 11:00:00+05:30,2024-08-31,2024,8,August,31,244,11,Saturday,65.83,103.95,24.17,True,Summer,0,24.17,180,103.95
2024-08-31 12:00:00+05:30,2024-08-31,2024,8,August,31,244,12,Saturday,79.03,128.33,10.97,True,Summer,0,10.97,180,128.33
2024-08-31 13:00:00+05:30,2024-08-31,2024,8,August,31,244,13,Saturday,80.68,222.31,9.32,True,Summer,0,9.32,180,222.31
2024-08-31 14:00:00+05:30,2024-08-31,2024,8,August,31,244,14,Saturday,68.01,253.94,21.99,True,Summer,0,21.99,180,253.94
2024-08-31 15:00:00+05:30,2024-08-31,2024,8,August,31,244,15,Saturday,53.82,263.11,36.18,True,Summer,0,36.18,180,263.11
2024-08-31 16:00:00+05:30,2024-08-31,2024,8,August,31,244,16,Saturday,39.39,268.25,50.61,True,Summer,0,50.61,180,268.25
2024-08-31 17:00:00+05:30,2024-08-31,2024,8,August,31,244,17,Saturday,24.92,272.2,65.08,True,Summer,0,65.08,180,272.2
2024-08-31 18:00:00+05:30,2024-08-31,2024,8,August,31,244,18,Saturday,10.49,275.86,79.51,True,Summer,0,79.51,180,275.86
2024-09-01 07:00:00+05:30,2024-09-01,2024,9,September,1,245,7,Sunday,8.26,83.76,81.74,True,Equinox,15,81.74,180,83.76
2024-09-01 08:00:00+05:30,2024-09-01,2024,9,September,1,245,8,Sunday,22.68,87.47,67.32,True,Equinox,15,67.32,180,87.47
2024-09-01 09:00:00+05:30,2024-09-01,2024,9,September,1,245,9,Sunday,37.14,91.41,52.86,True,Equinox,15,52.86,180,91.41
2024-09-01 10:00:00+05:30,2024-09-01,2024,9,September,1,245,10,Sunday,51.56,96.41,38.44,True,Equinox,15,38.44,180,96.41
2024-09-01 11:00:00+05:30,2024-09-01,2024,9,September,1,245,11,Sunday,65.79,104.85,24.21,True,Equinox,15,24.21,180,104.85
2024-09-01 12:00:00+05:30,2024-09-01,2024,9,September,1,245,12,Sunday,78.85,130.03,11.15,True,Equinox,15,11.15,180,130.03
2024-09-01 13:00:00+05:30,2024-09-01,2024,9,September,1,245,13,Sunday,80.36,221.24,9.64,True,Equinox,15,9.64,180,221.24
2024-09-01 14:00:00+05:30,2024-09-01,2024,9,September,1,245,14,Sunday,67.81,253.11,22.19,True,Equinox,15,22.19,180,253.11
2024-09-01 15:00:00+05:30,2024-09-01,2024,9,September,1,245,15,Sunday,53.65,262.55,36.35,True,Equinox,15,36.35,180,262.55
2024-09-01 16:00:00+05:30,2024-09-01,2024,9,September,1,245,16,Sunday,39.23,267.82,50.77,True,Equinox,15,50.77,180,267.82
2024-09-01 17:00:00+05:30,2024-09-01,2024,9,September,1,245,17,Sunday,24.76,271.83,65.24,True,Equinox,15,65.24,180,271.83
2024-09-01 18:00:00+05:30,2024-09-01,2024,9,September,1,245,18,Sunday,10.33,275.52,79.67,True,Equinox,15,79.67,180,275.52
2024-09-02 07:00:00+05:30,2024-09-02,2024,9,September,2,246,7,Monday,8.25,84.14,81.75,True,Equinox,15,81.75,180,84.14
2024-09-02 08:00:00+05:30,2024-09-02,2024,9,September,2,246,8,Monday,22.67,87.88,67.33,True,Equinox,15,67.33,180,87.88
2024-09-02 09:00:00+05:30,2024-09-02,2024,9,September,2,246,9,Monday,37.13,91.88,52.87,True,Equinox,15,52.87,180,91.88
2024-09-02 10:00:00+05:30,2024-09-02,2024,9,September,2,246,10,Monday,51.55,97.01,38.45,True,Equinox,15,38.45,180,97.01
2024-09-02 11:00:00+05:30,2024-09-02,2024,9,September,2,246,11,Monday,65.74,105.75,24.26,True,Equinox,15,24.26,180,105.75
2024-09-02 12:00:00+05:30,2024-09-02,2024,9,September,2,246,12,Monday,78.66,131.68,11.34,True,Equinox,15,11.34,180,131.68
2024-09-02 13:00:00+05:30,2024-09-02,2024,9,September,2,246,13,Monday,80.03,220.24,9.97,True,Equinox,15,9.97,180,220.24
2024-09-02 14:00:00+05:30,2024-09-02,2024,9,September,2,246,14,Monday,67.6,252.29,22.4,True,Equinox,15,22.4,180,252.29
2024-09-02 15:00:00+05:30,2024-09-02,2024,9,September,2,246,15,Monday,53.47,262.0,36.53,True,Equinox,15,36.53,180,262.0
2024-09-02 16:00:00+05:30,2024-09-02,2024,9,September,2,246,16,Monday,39.07,267.39,50.93,True,Equinox,15,50.93,180,267.39
2024-09-02 17:00:00+05:30,2024-09-02,2024,9,September,2,246,17,Monday,24.6,271.46,65.4,True,Equinox,15,65.4,180,271.46
2024-09-02 18:00:00+05:30,2024-09-02,2024,9,September,2,246,18,Monday,10.16,275.19,79.84,True,Equinox,15,79.84,180,275.19
2024-09-03 07:00:00+05:30,2024-09-03,2024,9,September,3,247,7,Tuesday,8.23,84.52,81.77,True,Equinox,15,81.77,180,84.52
2024-09-03 08:00:00+05:30,2024-09-03,2024,9,September,3,247,8,Tuesday,22.66,88.29,67.34,True,Equinox,15,67.34,180,88.29
2024-09-03 09:00:00+05:30,2024-09-03,2024,9,September,3,247,9,Tuesday,37.12,92.35,52.88,True,Equinox,15,52.88,180,92.35
2024-09-03 10:00:00+05:30,2024-09-03,2024,9,September,3,247,10,Tuesday,51.53,97.61,38.47,True,Equinox,15,38.47,180,97.61
2024-09-03 11:00:00+05:30,2024-09-03,2024,9,September,3,247,11,Tuesday,65.68,106.65,24.32,True,Equinox,15,24.32,180,106.65
2024-09-03 12:00:00+05:30,2024-09-03,2024,9,September,3,247,12,Tuesday,78.46,133.29,11.54,True,Equinox,15,11.54,180,133.29
2024-09-03 13:00:00+05:30,2024-09-03,2024,9,September,3,247,13,Tuesday,79.69,219.3,10.31,True,Equinox,15,10.31,180,219.3
2024-09-03 14:00:00+05:30,2024-09-03,2024,9,September,3,247,14,Tuesday,67.39,251.49,22.61,True,Equinox,15,22.61,180,251.49
2024-09-03 15:00:00+05:30,2024-09-03,2024,9,September,3,247,15,Tuesday,53.3,261.44,36.7,True,Equinox,15,36.7,180,261.44
2024-09-03 16:00:00+05:30,2024-09-03,2024,9,September,3,247,16,Tuesday,38.9,266.95,51.1,True,Equinox,15,51.1,180,266.95
2024-09-03 17:00:00+05:30,2024-09-03,2024,9,September,3,247,17,Tuesday,24.44,271.09,65.56,True,Equinox,15,65.56,180,271.09
2024-09-03 18:00:00+05:30,2024-09-03,2024,9,September,3,247,18,Tuesday,9.99,274.84,80.01,True,Equinox,15,80.01,180,274.84
2024-09-04 07:00:00+05:30,2024-09-04,2024,9,September,4,248,7,Wednesday,8.22,84.9,81.78,True,Equinox,15,81.78,180,84.9
2024-09-04 08:00:00+05:30,2024-09-04,2024,9,September,4,248,8,Wednesday,22.66,88.69,67.34,True,Equinox,15,67.34,180,88.69
2024-09-04 09:00:00+05:30,2024-09-04,2024,9,September,4,248,9,Wednesday,37.11,92.83,52.89,True,Equinox,15,52.89,180,92.83
2024-09-04 10:00:00+05:30,2024-09-04,2024,9,September,4,248,10,Wednesday,51.51,98.22,38.49,True,Equinox,15,38.49,180,98.22
2024-09-04 11:00:00+05:30,2024-09-04,2024,9,September,4,248,11,Wednesday,65.62,107.55,24.38,True,Equinox,15,24.38,180,107.55
2024-09-04 12:00:00+05:30,2024-09-04,2024,9,September,4,248,12,Wednesday,78.26,134.86,11.74,True,Equinox,15,11.74,180,134.86
2024-09-04 13:00:00+05:30,2024-09-04,2024,9,September,4,248,13,Wednesday,79.35,218.42,10.65,True,Equinox,15,10.65,180,218.42
2024-09-04 14:00:00+05:30,2024-09-04,2024,9,September,4,248,14,Wednesday,67.17,250.69,22.83,True,Equinox,15,22.83,180,250.69
2024-09-04 15:00:00+05:30,2024-09-04,2024,9,September,4,248,15,Wednesday,53.11,260.89,36.89,True,Equinox,15,36.89,180,260.89
2024-09-04 16:00:00+05:30,2024-09-04,2024,9,September,4,248,16,Wednesday,38.73,266.52,51.27,True,Equinox,15,51.27,180,266.52
2024-09-04 17:00:00+05:30,2024-09-04,2024,9,September,4,248,17,Wednesday,24.27,270.72,65.73,True,Equinox,15,65.73,180,270.72
2024-09-04 18:00:00+05:30,2024-09-04,2024,9,September,4,248,18,Wednesday,9.82,274.5,80.18,True,Equinox,15,80.18,180,274.5
2024-09-05 07:00:00+05:30,2024-09-05,2024,9,September,5,249,7,Thursday,8.21,85.28,81.79,True,Equinox,15,81.79,180,85.28
2024-09-05 08:00:00+05:30,2024-09-05,2024,9,September,5,249,8,Thursday,22.65,89.11,67.35,True,Equinox,15,67.35,180,89.11
2024-09-05 09:00:00+05:30,2024-09-05,2024,9,September,5,249,9,Thursday,37.1,93.3,52.9,True,Equinox,15,52.9,180,93.3
2024-09-05 10:00:00+05:30,2024-09-05,2024,9,September,5,249,10,Thursday,51.48,98.82,38.52,True,Equinox,15,38.52,180,98.82
2024-09-05 11:00:00+05:30,2024-09-05,2024,9,September,5,249,11,Thursday,65.55,108.46,24.45,True,Equinox,15,24.45,180,108.46
2024-09-05 12:00:00+05:30,2024-09-05,2024,9,September,5,249,12,Thursday,78.04,136.38,11.96,True,Equinox,15,11.96,180,136.38
2024-09-05 13:00:00+05:30,2024-09-05,2024,9,September,5,249,13,Thursday,79.0,217.59,11.0,True,Equinox,15,11.0,180,217.59
2024-09-05 14:00:00+05:30,2024-09-05,2024,9,September,5,249,14,Thursday,66.94,249.91,23.06,True,Equinox,15,23.06,180,249.91
2024-09-05 15:00:00+05:30,2024-09-05,2024,9,September,5,249,15,Thursday,52.93,260.34,37.07,True,Equinox,15,37.07,180,260.34
2024-09-05 16:00:00+05:30,2024-09-05,2024,9,September,5,249,16,Thursday,38.56,266.08,51.44,True,Equinox,15,51.44,180,266.08
2024-09-05 17:00:00+05:30,2024-09-05,2024,9,September,5,249,17,Thursday,24.1,270.34,65.9,True,Equinox,15,65.9,180,270.34
2024-09-05 18:00:00+05:30,2024-09-05,2024,9,September,5,249,18,Thursday,9.65,274.16,80.35,True,Equinox,15,80.35,180,274.16
2024-09-06 07:00:00+05:30,2024-09-06,2024,9,September,6,250,7,Friday,8.19,85.67,81.81,True,Equinox,15,81.81,180,85.67
2024-09-06 08:00:00+05:30,2024-09-06,2024,9,September,6,250,8,Friday,22.64,89.52,67.36,True,Equinox,15,67.36,180,89.52
2024-09-06 09:00:00+05:30,2024-09-06,2024,9,September,6,250,9,Friday,37.09,93.78,52.91,True,Equinox,15,52.91,180,93.78
2024-09-06 10:00:00+05:30,2024-09-06,2024,9,September,6,250,10,Friday,51.46,99.44,38.54,True,Equinox,15,38.54,180,99.44
2024-09-06 11:00:00+05:30,2024-09-06,2024,9,September,6,250,11,Friday,65.48,109.36,24.52,True,Equinox,15,24.52,180,109.36
2024-09-06 12:00:00+05:30,2024-09-06,2024,9,September,6,250,12,Friday,77.82,137.86,12.18,True,Equinox,15,12.18,180,137.86
2024-09-06 13:00:00+05:30,2024-09-06,2024,9,September,6,250,13,Friday,78.65,216.82,11.35,True,Equinox,15,11.35,180,216.82
2024-09-06 14:00:00+05:30,2024-09-06,2024,9,September,6,250,14,Friday,66.71,249.14,23.29,True,Equinox,15,23.29,180,249.14
2024-09-06 15:00:00+05:30,2024-09-06,2024,9,September,6,250,15,Friday,52.74,259.79,37.26,True,Equinox,15,37.26,180,259.79
2024-09-06 16:00:00+05:30,2024-09-06,2024,9,September,6,250,16,Friday,38.39,265.65,51.61,True,Equinox,15,51.61,180,265.65
2024-09-06 17:00:00+05:30,2024-09-06,2024,9,September,6,250,17,Friday,23.93,269.97,66.07,True,Equinox,15,66.07,180,269.97
2024-09-06 18:00:00+05:30,2024-09-06,2024,9,September,6,250,18,Friday,9.47,273.81,80.53,True,Equinox,15,80.53,180,273.81
2024-09-07 07:00:00+05:30,2024-09-07,2024,9,September,7,251,7,Saturday,8.18,86.06,81.82,True,Equinox,15,81.82,180,86.06
2024-09-07 08:00:00+05:30,2024-09-07,2024,9,September,7,251,8,Saturday,22.63,89.93,67.37,True,Equinox,15,67.37,180,89.93
2024-09-07 09:00:00+05:30,2024-09-07,2024,9,September,7,251,9,Saturday,37.08,94.26,52.92,True,Equinox,15,52.92,180,94.26
2024-09-07 10:00:00+05:30,2024-09-07,2024,9,September,7,251,10,Saturday,51.43,100.05,38.57,True,Equinox,15,38.57,180,100.05
2024-09-07 11:00:00+05:30,2024-09-07,2024,9,September,7,251,11,Saturday,65.41,110.27,24.59,True,Equinox,15,24.59,180,110.27
2024-09-07 12:00:00+05:30,2024-09-07,2024,9,September,7,251,12,Saturday,77.58,139.29,12.42,True,Equinox,15,12.42,180,139.29
2024-09-07 13:00:00+05:30,2024-09-07,2024,9,September,7,251,13,Saturday,78.29,216.08,11.71,True,Equinox,15,11.71,180,216.08
2024-09-07 14:00:00+05:30,2024-09-07,2024,9,September,7,251,14,Saturday,66.47,248.38,23.53,True,Equinox,15,23.53,180,248.38
2024-09-07 15:00:00+05:30,2024-09-07,2024,9,September,7,251,15,Saturday,52.54,259.24,37.46,True,Equinox,15,37.46,180,259.24
2024-09-07 16:00:00+05:30,2024-09-07,2024,9,September,7,251,16,Saturday,38.21,265.22,51.79,True,Equinox,15,51.79,180,265.22
2024-09-07 17:00:00+05:30,2024-09-07,2024,9,September,7,251,17,Saturday,23.75,269.6,66.25,True,Equinox,15,66.25,180,269.6
2024-09-07 18:00:00+05:30,2024-09-07,2024,9,September,7,251,18,Saturday,9.29,273.47,80.71,True,Equinox,15,80.71,180,273.47
2024-09-08 07:00:00+05:30,2024-09-08,2024,9,September,8,252,7,Sunday,8.16,86.44,81.84,True,Equinox,15,81.84,180,86.44
2024-09-08 08:00:00+05:30,2024-09-08,2024,9,September,8,252,8,Sunday,22.62,90.35,67.38,True,Equinox,15,67.38,180,90.35
2024-09-08 09:00:00+05:30,2024-09-08,2024,9,September,8,252,9,Sunday,37.06,94.74,52.94,True,Equinox,15,52.94,180,94.74
2024-09-08 10:00:00+05:30,2024-09-08,2024,9,September,8,252,10,Sunday,51.39,100.67,38.61,True,Equinox,15,38.61,180,100.67
2024-09-08 11:00:00+05:30,2024-09-08,2024,9,September,8,252,11,Sunday,65.32,111.17,24.68,True,Equinox,15,24.68,180,111.17
2024-09-08 12:00:00+05:30,2024-09-08,2024,9,September,8,252,12,Sunday,77.34,140.68,12.66,True,Equinox,15,12.66,180,140.68
2024-09-08 13:00:00+05:30,2024-09-08,2024,9,September,8,252,13,Sunday,77.93,215.39,12.07,True,Equinox,15,12.07,180,215.39
2024-09-08 14:00:00+05:30,2024-09-08,2024,9,September,8,252,14,Sunday,66.23,247.63,23.77,True,Equinox,15,23.77,180,247.63
2024-09-08 15:00:00+05:30,2024-09-08,2024,9,September,8,252,15,Sunday,52.35,258.7,37.65,True,Equinox,15,37.65,180,258.7
2024-09-08 16:00:00+05:30,2024-09-08,2024,9,September,8,252,16,Sunday,38.03,264.78,51.97,True,Equinox,15,51.97,180,264.78
2024-09-08 17:00:00+05:30,2024-09-08,2024,9,September,8,252,17,Sunday,23.58,269.22,66.42,True,Equinox,15,66.42,180,269.22
2024-09-08 18:00:00+05:30,2024-09-08,2024,9,September,8,252,18,Sunday,9.11,273.12,80.89,True,Equinox,15,80.89,180,273.12
2024-09-09 07:00:00+05:30,2024-09-09,2024,9,September,9,253,7,Monday,8.15,86.84,81.85,True,Equinox,15,81.85,180,86.84
2024-09-09 08:00:00+05:30,2024-09-09,2024,9,September,9,253,8,Monday,22.61,90.77,67.39,True,Equinox,15,67.39,180,90.77
2024-09-09 09:00:00+05:30,2024-09-09,2024,9,September,9,253,9,Monday,37.05,95.23,52.95,True,Equinox,15,52.95,180,95.23
2024-09-09 10:00:00+05:30,2024-09-09,2024,9,September,9,253,10,Monday,51.36,101.28,38.64,True,Equinox,15,38.64,180,101.28
2024-09-09 11:00:00+05:30,2024-09-09,2024,9,September,9,253,11,Monday,65.24,112.08,24.76,True,Equinox,15,24.76,180,112.08
2024-09-09 12:00:00+05:30,2024-09-09,2024,9,September,9,253,12,Monday,77.09,142.02,12.91,True,Equinox,15,12.91,180,142.02
2024-09-09 13:00:00+05:30,2024-09-09,2024,9,September,9,253,13,Monday,77.57,214.74,12.43,True,Equinox,15,12.43,180,214.74
2024-09-09 14:00:00+05:30,2024-09-09,2024,9,September,9,253,14,Monday,65.98,246.89,24.02,True,Equinox,15,24.02,180,246.89
2024-09-09 15:00:00+05:30,2024-09-09,2024,9,September,9,253,15,Monday,52.15,258.16,37.85,True,Equinox,15,37.85,180,258.16
2024-09-09 16:00:00+05:30,2024-09-09,2024,9,September,9,253,16,Monday,37.84,264.35,52.16,True,Equinox,15,52.16,180,264.35
2024-09-09 17:00:00+05:30,2024-09-09,2024,9,September,9,253,17,Monday,23.4,268.85,66.6,True,Equinox,15,66.6,180,268.85
2024-09-09 18:00:00+05:30,2024-09-09,2024,9,September,9,253,18,Monday,8.93,272.77,81.07,True,Equinox,15,81.07,180,272.77
2024-09-10 07:00:00+05:30,2024-09-10,2024,9,September,10,254,7,Tuesday,8.14,87.23,81.86,True,Equinox,15,81.86,180,87.23
2024-09-10 08:00:00+05:30,2024-09-10,2024,9,September,10,254,8,Tuesday,22.6,91.19,67.4,True,Equinox,15,67.4,180,91.19
2024-09-10 09:00:00+05:30,2024-09-10,2024,9,September,10,254,9,Tuesday,37.03,95.71,52.97,True,Equinox,15,52.97,180,95.71
2024-09-10 10:00:00+05:30,2024-09-10,2024,9,September,10,254,10,Tuesday,51.32,101.9,38.68,True,Equinox,15,38.68,180,101.9
2024-09-10 11:00:00+05:30,2024-09-10,2024,9,September,10,254,11,Tuesday,65.15,112.98,24.85,True,Equinox,15,24.85,180,112.98
2024-09-10 12:00:00+05:30,2024-09-10,2024,9,September,10,254,12,Tuesday,76.84,143.32,13.16,True,Equinox,15,13.16,180,143.32
2024-09-10 13:00:00+05:30,2024-09-10,2024,9,September,10,254,13,Tuesday,77.21,214.13,12.79,True,Equinox,15,12.79,180,214.13
2024-09-10 14:00:00+05:30,2024-09-10,2024,9,September,10,254,14,Tuesday,65.73,246.17,24.27,True,Equinox,15,24.27,180,246.17
2024-09-10 15:00:00+05:30,2024-09-10,2024,9,September,10,254,15,Tuesday,51.94,257.62,38.06,True,Equinox,15,38.06,180,257.62
2024-09-10 16:00:00+05:30,2024-09-10,2024,9,September,10,254,16,Tuesday,37.65,263.92,52.35,True,Equinox,15,52.35,180,263.92
2024-09-10 17:00:00+05:30,2024-09-10,2024,9,September,10,254,17,Tuesday,23.22,268.47,66.78,True,Equinox,15,66.78,180,268.47
2024-09-10 18:00:00+05:30,2024-09-10,2024,9,September,10,254,18,Tuesday,8.75,272.43,81.25,True,Equinox,15,81.25,180,272.43
2024-09-11 07:00:00+05:30,2024-09-11,2024,9,September,11,255,7,Wednesday,8.13,87.62,81.87,True,Equinox,15,81.87,180,87.62
2024-09-11 08:00:00+05:30,2024-09-11,2024,9,September,11,255,8,Wednesday,22.58,91.61,67.42,True,Equinox,15,67.42,180,91.61
2024-09-11 09:00:00+05:30,2024-09-11,2024,9,September,11,255,9,Wednesday,37.01,96.2,52.99,True,Equinox,15,52.99,180,96.2
2024-09-11 10:00:00+05:30,2024-09-11,2024,9,September,11,255,10,Wednesday,51.28,102.52,38.72,True,Equinox,15,38.72,180,102.52
2024-09-11 11:00:00+05:30,2024-09-11,2024,9,September,11,255,11,Wednesday,65.05,113.87,24.95,True,Equinox,15,24.95,180,113.87
2024-09-11 12:00:00+05:30,2024-09-11,2024,9,September,11,255,12,Wednesday,76.58,144.58,13.42,True,Equinox,15,13.42,180,144.58
2024-09-11 13:00:00+05:30,2024-09-11,2024,9,September,11,255,13,Wednesday,76.84,213.54,13.16,True,Equinox,15,13.16,180,213.54
2024-09-11 14:00:00+05:30,2024-09-11,2024,9,September,11,255,14,Wednesday,65.47,245.46,24.53,True,Equinox,15,24.53,180,245.46
2024-09-11 15:00:00+05:30,2024-09-11,2024,9,September,11,255,15,Wednesday,51.73,257.09,38.27,True,Equinox,15,38.27,180,257.09
2024-09-11 16:00:00+05:30,2024-09-11,2024,9,September,11,255,16,Wednesday,37.47,263.49,52.53,True,Equinox,15,52.53,180,263.49
2024-09-11 17:00:00+05:30,2024-09-11,2024,9,September,11,255,17,Wednesday,23.04,268.1,66.96,True,Equinox,15,66.96,180,268.1
2024-09-11 18:00:00+05:30,2024-09-11,2024,9,September,11,255,18,Wednesday,8.57,272.08,81.43,True,Equinox,15,81.43,180,272.08
2024-09-12 07:00:00+05:30,2024-09-12,2024,9,September,12,256,7,Thursday,8.11,88.02,81.89,True,Equinox,15,81.89,180,88.02
2024-09-12 08:00:00+05:30,2024-09-12,2024,9,September,12,256,8,Thursday,22.57,92.04,67.43,True,Equinox,15,67.43,180,92.04
2024-09-12 09:00:00+05:30,2024-09-12,2024,9,September,12,256,9,Thursday,36.99,96.69,53.01,True,Equinox,15,53.01,180,96.69
2024-09-12 10:00:00+05:30,2024-09-12,2024,9,September,12,256,10,Thursday,51.24,103.14,38.76,True,Equinox,15,38.76,180,103.14
2024-09-12 11:00:00+05:30,2024-09-12,2024,9,September,12,256,11,Thursday,64.95,114.77,25.05,True,Equinox,15,25.05,180,114.77
2024-09-12 12:00:00+05:30,2024-09-12,2024,9,September,12,256,12,Thursday,76.31,145.79,13.69,True,Equinox,15,13.69,180,145.79
2024-09-12 13:00:00+05:30,2024-09-12,2024,9,September,12,256,13,Thursday,76.47,212.99,13.53,True,Equinox,15,13.53,180,212.99
2024-09-12 14:00:00+05:30,2024-09-12,2024,9,September,12,256,14,Thursday,65.21,244.76,24.79,True,Equinox,15,24.79,180,244.76
2024-09-12 15:00:00+05:30,2024-09-12,2024,9,September,12,256,15,Thursday,51.52,256.56,38.48,True,Equinox,15,38.48,180,256.56
2024-09-12 16:00:00+05:30,2024-09-12,2024,9,September,12,256,16,Thursday,37.27,263.06,52.73,True,Equinox,15,52.73,180,263.06
2024-09-12 17:00:00+05:30,2024-09-12,2024,9,September,12,256,17,Thursday,22.85,267.72,67.15,True,Equinox,15,67.15,180,267.72
2024-09-12 18:00:00+05:30,2024-09-12,2024,9,September,12,256,18,Thursday,8.39,271.73,81.61,True,Equinox,15,81.61,180,271.73
2024-09-13 07:00:00+05:30,2024-09-13,2024,9,September,13,257,7,Friday,8.1,88.41,81.9,True,Equinox,15,81.9,180,88.41
2024-09-13 08:00:00+05:30,2024-09-13,2024,9,September,13,257,8,Friday,22.56,92.46,67.44,True,Equinox,15,67.44,180,92.46
2024-09-13 09:00:00+05:30,2024-09-13,2024,9,September,13,257,9,Friday,36.97,97.18,53.03,True,Equinox,15,53.03,180,97.18
2024-09-13 10:00:00+05:30,2024-09-13,2024,9,September,13,257,10,Friday,51.19,103.77,38.81,True,Equinox,15,38.81,180,103.77
2024-09-13 11:00:00+05:30,2024-09-13,2024,9,September,13,257,11,Friday,64.84,115.66,25.16,True,Equinox,15,25.16,180,115.66
2024-09-13 12:00:00+05:30,2024-09-13,2024,9,September,13,257,12,Friday,76.03,146.96,13.97,True,Equinox,15,13.97,180,146.96
2024-09-13 13:00:00+05:30,2024-09-13,2024,9,September,13,257,13,Friday,76.1,212.47,13.9,True,Equinox,15,13.9,180,212.47
2024-09-13 14:00:00+05:30,2024-09-13,2024,9,September,13,257,14,Friday,64.95,244.07,25.05,True,Equinox,15,25.05,180,244.07
2024-09-13 15:00:00+05:30,2024-09-13,2024,9,September,13,257,15,Friday,51.3,256.03,38.7,True,Equinox,15,38.7,180,256.03
2024-09-13 16:00:00+05:30,2024-09-13,2024,9,September,13,257,16,Friday,37.08,262.63,52.92,True,Equinox,15,52.92,180,262.63
2024-09-13 17:00:00+05:30,2024-09-13,2024,9,September,13,257,17,Friday,22.67,267.34,67.33,True,Equinox,15,67.33,180,267.34
2024-09-13 18:00:00+05:30,2024-09-13,2024,9,September,13,257,18,Friday,8.2,271.38,81.8,True,Equinox,15,81.8,180,271.38
2024-09-14 07:00:00+05:30,2024-09-14,2024,9,September,14,258,7,Saturday,8.09,88.81,81.91,True,Equinox,15,81.91,180,88.81
2024-09-14 08:00:00+05:30,2024-09-14,2024,9,September,14,258,8,Saturday,22.54,92.89,67.46,True,Equinox,15,67.46,180,92.89
2024-09-14 09:00:00+05:30,2024-09-14,2024,9,September,14,258,9,Saturday,36.94,97.67,53.06,True,Equinox,15,53.06,180,97.67
2024-09-14 10:00:00+05:30,2024-09-14,2024,9,September,14,258,10,Saturday,51.14,104.39,38.86,True,Equinox,15,38.86,180,104.39
2024-09-14 11:00:00+05:30,2024-09-14,2024,9,September,14,258,11,Saturday,64.72,116.54,25.28,True,Equinox,15,25.28,180,116.54
2024-09-14 12:00:00+05:30,2024-09-14,2024,9,September,14,258,12,Saturday,75.75,148.09,14.25,True,Equinox,15,14.25,180,148.09
2024-09-14 13:00:00+05:30,2024-09-14,2024,9,September,14,258,13,Saturday,75.72,211.97,14.28,True,Equinox,15,14.28,180,211.97
2024-09-14 14:00:00+05:30,2024-09-14,2024,9,September,14,258,14,Saturday,64.68,243.39,25.32,True,Equinox,15,25.32,180,243.39
2024-09-14 15:00:00+05:30,2024-09-14,2024,9,September,14,258,15,Saturday,51.09,255.51,38.91,True,Equinox,15,38.91,180,255.51
2024-09-14 16:00:00+05:30,2024-09-14,2024,9,September,14,258,16,Saturday,36.88,262.2,53.12,True,Equinox,15,53.12,180,262.2
2024-09-14 17:00:00+05:30,2024-09-14,2024,9,September,14,258,17,Saturday,22.48,266.97,67.52,True,Equinox,15,67.52,180,266.97
2024-09-14 18:00:00+05:30,2024-09-14,2024,9,September,14,258,18,Saturday,8.01,271.03,81.99,True,Equinox,15,81.99,180,271.03
2024-09-15 07:00:00+05:30,2024-09-15,2024,9,September,15,259,7,Sunday,8.07,89.21,81.93,True,Equinox,15,81.93,180,89.21
2024-09-15 08:00:00+05:30,2024-09-15,2024,9,September,15,259,8,Sunday,22.53,93.32,67.47,True,Equinox,15,67.47,180,93.32
2024-09-15 09:00:00+05:30,2024-09-15,2024,9,September,15,259,9,Sunday,36.91,98.17,53.09,True,Equinox,15,53.09,180,98.17
2024-09-15 10:00:00+05:30,2024-09-15,2024,9,September,15,259,10,Sunday,51.08,105.01,38.92,True,Equinox,15,38.92,180,105.01
2024-09-15 11:00:00+05:30,2024-09-15,2024,9,September,15,259,11,Sunday,64.61,117.42,25.39,True,Equinox,15,25.39,180,117.42
2024-09-15 12:00:00+05:30,2024-09-15,2024,9,September,15,259,12,Sunday,75.46,149.18,14.54,True,Equinox,15,14.54,180,149.18
2024-09-15 13:00:00+05:30,2024-09-15,2024,9,September,15,259,13,Sunday,75.34,211.5,14.66,True,Equinox,15,14.66,180,211.5
2024-09-15 14:00:00+05:30,2024-09-15,2024,9,September,15,259,14,Sunday,64.4,242.73,25.6,True,Equinox,15,25.6,180,242.73
2024-09-15 15:00:00+05:30,2024-09-15,2024,9,September,15,259,15,Sunday,50.86,254.99,39.14,True,Equinox,15,39.14,180,254.99
2024-09-15 16:00:00+05:30,2024-09-15,2024,9,September,15,259,16,Sunday,36.68,261.77,53.32,True,Equinox,15,53.32,180,261.77
2024-09-15 17:00:00+05:30,2024-09-15,2024,9,September,15,259,17,Sunday,22.29,266.59,67.71,True,Equinox,15,67.71,180,266.59
2024-09-15 18:00:00+05:30,2024-09-15,2024,9,September,15,259,18,Sunday,7.83,270.67,82.17,True,Equinox,15,82.17,180,270.67
2024-09-16 07:00:00+05:30,2024-09-16,2024,9,September,16,260,7,Monday,8.06,89.61,81.94,True,Equinox,15,81.94,180,89.61
2024-09-16 08:00:00+05:30,2024-09-16,2024,9,September,16,260,8,Monday,22.51,93.74,67.49,True,Equinox,15,67.49,180,93.74
2024-09-16 09:00:00+05:30,2024-09-16,2024,9,September,16,260,9,Monday,36.88,98.66,53.12,True,Equinox,15,53.12,180,98.66
2024-09-16 10:00:00+05:30,2024-09-16,2024,9,September,16,260,10,Monday,51.03,105.64,38.97,True,Equinox,15,38.97,180,105.64
2024-09-16 11:00:00+05:30,2024-09-16,2024,9,September,16,260,11,Monday,64.48,118.3,25.52,True,Equinox,15,25.52,180,118.3
2024-09-16 12:00:00+05:30,2024-09-16,2024,9,September,16,260,12,Monday,75.17,150.22,14.83,True,Equinox,15,14.83,180,150.22
2024-09-16 13:00:00+05:30,2024-09-16,2024,9,September,16,260,13,Monday,74.97,211.05,15.03,True,Equinox,15,15.03,180,211.05
2024-09-16 14:00:00+05:30,2024-09-16,2024,9,September,16,260,14,Monday,64.13,242.07,25.87,True,Equinox,15,25.87,180,242.07
2024-09-16 15:00:00+05:30,2024-09-16,2024,9,September,16,260,15,Monday,50.64,254.47,39.36,True,Equinox,15,39.36,180,254.47
2024-09-16 16:00:00+05:30,2024-09-16,2024,9,September,16,260,16,Monday,36.48,261.35,53.52,True,Equinox,15,53.52,180,261.35
2024-09-16 17:00:00+05:30,2024-09-16,2024,9,September,16,260,17,Monday,22.1,266.22,67.9,True,Equinox,15,67.9,180,266.22
2024-09-16 18:00:00+05:30,2024-09-16,2024,9,September,16,260,18,Monday,7.64,270.32,82.36,True,Equinox,15,82.36,180,270.32
2024-09-17 07:00:00+05:30,2024-09-17,2024,9,September,17,261,7,Tuesday,8.04,90.01,81.96,True,Equinox,15,81.96,180,90.01
2024-09-17 08:00:00+05:30,2024-09-17,2024,9,September,17,261,8,Tuesday,22.49,94.17,67.51,True,Equinox,15,67.51,180,94.17
2024-09-17 09:00:00+05:30,2024-09-17,2024,9,September,17,261,9,Tuesday,36.85,99.15,53.15,True,Equinox,15,53.15,180,99.15
2024-09-17 10:00:00+05:30,2024-09-17,2024,9,September,17,261,10,Tuesday,50.97,106.26,39.03,True,Equinox,15,39.03,180,106.26
2024-09-17 11:00:00+05:30,2024-09-17,2024,9,September,17,261,11,Tuesday,64.35,119.16,25.65,True,Equinox,15,25.65,180,119.16
2024-09-17 12:00:00+05:30,2024-09-17,2024,9,September,17,261,12,Tuesday,74.87,151.24,15.13,True,Equinox,15,15.13,180,151.24
2024-09-17 13:00:00+05:30,2024-09-17,2024,9,September,17,261,13,Tuesday,74.59,210.62,15.41,True,Equinox,15,15.41,180,210.62
2024-09-17 14:00:00+05:30,2024-09-17,2024,9,September,17,261,14,Tuesday,63.85,241.43,26.15,True,Equinox,15,26.15,180,241.43
2024-09-17 15:00:00+05:30,2024-09-17,2024,9,September,17,261,15,Tuesday,50.41,253.96,39.59,True,Equinox,15,39.59,180,253.96
2024-09-17 16:00:00+05:30,2024-09-17,2024,9,September,17,261,16,Tuesday,36.28,260.93,53.72,True,Equinox,15,53.72,180,260.93
2024-09-17 17:00:00+05:30,2024-09-17,2024,9,September,17,261,17,Tuesday,21.91,265.84,68.09,True,Equinox,15,68.09,180,265.84
2024-09-17 18:00:00+05:30,2024-09-17,2024,9,September,17,261,18,Tuesday,7.45,269.97,82.55,True,Equinox,15,82.55,180,269.97
2024-09-18 07:00:00+05:30,2024-09-18,2024,9,September,18,262,7,Wednesday,8.03,90.41,81.97,True,Equinox,15,81.97,180,90.41
2024-09-18 08:00:00+05:30,2024-09-18,2024,9,September,18,262,8,Wednesday,22.47,94.6,67.53,True,Equinox,15,67.53,180,94.6
2024-09-18 09:00:00+05:30,2024-09-18,2024,9,September,18,262,9,Wednesday,36.82,99.65,53.18,True,Equinox,15,53.18,180,99.65
2024-09-18 10:00:00+05:30,2024-09-18,2024,9,September,18,262,10,Wednesday,50.9,106.88,39.1,True,Equinox,15,39.1,180,106.88
2024-09-18 11:00:00+05:30,2024-09-18,2024,9,September,18,262,11,Wednesday,64.22,120.02,25.78,True,Equinox,15,25.78,180,120.02
2024-09-18 12:00:00+05:30,2024-09-18,2024,9,September,18,262,12,Wednesday,74.57,152.21,15.43,True,Equinox,15,15.43,180,152.21
2024-09-18 13:00:00+05:30,2024-09-18,2024,9,September,18,262,13,Wednesday,74.2,210.2,15.8,True,Equinox,15,15.8,180,210.2
2024-09-18 14:00:00+05:30,2024-09-18,2024,9,September,18,262,14,Wednesday,63.57,240.8,26.43,True,Equinox,15,26.43,180,240.8
2024-09-18 15:00:00+05:30,2024-09-18,2024,9,September,18,262,15,Wednesday,50.18,253.45,39.82,True,Equinox,15,39.82,180,253.45
2024-09-18 16:00:00+05:30,2024-09-18,2024,9,September,18,262,16,Wednesday,36.08,260.5,53.92,True,Equinox,15,53.92,180,260.5
2024-09-18 17:00:00+05:30,2024-09-18,2024,9,September,18,262,17,Wednesday,21.72,265.47,68.28,True,Equinox,15,68.28,180,265.47
2024-09-18 18:00:00+05:30,2024-09-18,2024,9,September,18,262,18,Wednesday,7.26,269.62,82.74,True,Equinox,15,82.74,180,269.62
2024-09-19 07:00:00+05:30,2024-09-19,2024,9,September,19,263,7,Thursday,8.01,90.81,81.99,True,Equinox,15,81.99,180,90.81
2024-09-19 08:00:00+05:30,2024-09-19,2024,9,September,19,263,8,Thursday,22.45,95.03,67.55,True,Equinox,15,67.55,180,95.03
2024-09-19 09:00:00+05:30,2024-09-19,2024,9,September,19,263,9,Thursday,36.78,100.14,53.22,True,Equinox,15,53.22,180,100.14
2024-09-19 10:00:00+05:30,2024-09-19,2024,9,September,19,263,10,Thursday,50.83,107.5,39.17,True,Equinox,15,39.17,180,107.5
2024-09-19 11:00:00+05:30,2024-09-19,2024,9,September,19,263,11,Thursday,64.07,120.88,25.93,True,Equinox,15,25.93,180,120.88
2024-09-19 12:00:00+05:30,2024-09-19,2024,9,September,19,263,12,Thursday,74.26,153.15,15.74,True,Equinox,15,15.74,180,153.15
2024-09-19 13:00:00+05:30,2024-09-19,2024,9,September,19,263,13,Thursday,73.82,209.81,16.18,True,Equinox,15,16.18,180,209.81
2024-09-19 14:00:00+05:30,2024-09-19,2024,9,September,19,263,14,Thursday,63.28,240.19,26.72,True,Equinox,15,26.72,180,240.19
2024-09-19 15:00:00+05:30,2024-09-19,2024,9,September,19,263,15,Thursday,49.95,252.95,40.05,True,Equinox,15,40.05,180,252.95
2024-09-19 16:00:00+05:30,2024-09-19,2024,9,September,19,263,16,Thursday,35.87,260.08,54.13,True,Equinox,15,54.13,180,260.08
2024-09-19 17:00:00+05:30,2024-09-19,2024,9,September,19,263,17,Thursday,21.52,265.09,68.48,True,Equinox,15,68.48,180,265.09
2024-09-19 18:00:00+05:30,2024-09-19,2024,9,September,19,263,18,Thursday,7.07,269.26,82.93,True,Equinox,15,82.93,180,269.26
2024-09-20 07:00:00+05:30,2024-09-20,2024,9,September,20,264,7,Friday,7.99,91.21,82.01,True,Equinox,15,82.01,180,91.21
2024-09-20 08:00:00+05:30,2024-09-20,2024,9,September,20,264,8,Friday,22.43,95.46,67.57,True,Equinox,15,67.57,180,95.46
2024-09-20 09:00:00+05:30,2024-09-20,2024,9,September,20,264,9,Friday,36.75,100.64,53.25,True,Equinox,15,53.25,180,100.64
2024-09-20 10:00:00+05:30,2024-09-20,2024,9,September,20,264,10,Friday,50.76,108.12,39.24,True,Equinox,15,39.24,180,108.12
2024-09-20 11:00:00+05:30,2024-09-20,2024,9,September,20,264,11,Friday,63.93,121.72,26.07,True,Equinox,15,26.07,180,121.72
2024-09-20 12:00:00+05:30,2024-09-20,2024,9,September,20,264,12,Friday,73.95,154.05,16.05,True,Equinox,15,16.05,180,154.05
2024-09-20 13:00:00+05:30,2024-09-20,2024,9,September,20,264,13,Friday,73.44,209.43,16.56,True,Equinox,15,16.56,180,209.43
2024-09-20 14:00:00+05:30,2024-09-20,2024,9,September,20,264,14,Friday,62.99,239.58,27.01,True,Equinox,15,27.01,180,239.58
2024-09-20 15:00:00+05:30,2024-09-20,2024,9,September,20,264,15,Friday,49.72,252.45,40.28,True,Equinox,15,40.28,180,252.45
2024-09-20 16:00:00+05:30,2024-09-20,2024,9,September,20,264,16,Friday,35.67,259.66,54.33,True,Equinox,15,54.33,180,259.66
2024-09-20 17:00:00+05:30,2024-09-20,2024,9,September,20,264,17,Friday,21.33,264.72,68.67,True,Equinox,15,68.67,180,264.72
2024-09-20 18:00:00+05:30,2024-09-20,2024,9,September,20,264,18,Friday,6.89,268.91,83.11,True,Equinox,15,83.11,180,268.91
2024-09-21 07:00:00+05:30,2024-09-21,2024,9,September,21,265,7,Saturday,7.98,91.61,82.02,True,Equinox,15,82.02,180,91.61
2024-09-21 08:00:00+05:30,2024-09-21,2024,9,September,21,265,8,Saturday,22.4,95.89,67.6,True,Equinox,15,67.6,180,95.89
2024-09-21 09:00:00+05:30,2024-09-21,2024,9,September,21,265,9,Saturday,36.71,101.13,53.29,True,Equinox,15,53.29,180,101.13
2024-09-21 10:00:00+05:30,2024-09-21,2024,9,September,21,265,10,Saturday,50.69,108.74,39.31,True,Equinox,15,39.31,180,108.74
2024-09-21 11:00:00+05:30,2024-09-21,2024,9,September,21,265,11,Saturday,63.78,122.56,26.22,True,Equinox,15,26.22,180,122.56
2024-09-21 12:00:00+05:30,2024-09-21,2024,9,September,21,265,12,Saturday,73.63,154.92,16.37,True,Equinox,15,16.37,180,154.92
2024-09-21 13:00:00+05:30,2024-09-21,2024,9,September,21,265,13,Saturday,73.05,209.07,16.95,True,Equinox,15,16.95,180,209.07
2024-09-21 14:00:00+05:30,2024-09-21,2024,9,September,21,265,14,Saturday,62.7,238.98,27.3,True,Equinox,15,27.3,180,238.98
2024-09-21 15:00:00+05:30,2024-09-21,2024,9,September,21,265,15,Saturday,49.48,251.95,40.52,True,Equinox,15,40.52,180,251.95
2024-09-21 16:00:00+05:30,2024-09-21,2024,9,September,21,265,16,Saturday,35.46,259.24,54.54,True,Equinox,15,54.54,180,259.24
2024-09-21 17:00:00+05:30,2024-09-21,2024,9,September,21,265,17,Saturday,21.14,264.35,68.86,True,Equinox,15,68.86,180,264.35
2024-09-21 18:00:00+05:30,2024-09-21,2024,9,September,21,265,18,Saturday,6.7,268.56,83.3,True,Equinox,15,83.3,180,268.56
2024-09-22 07:00:00+05:30,2024-09-22,2024,9,September,22,266,7,Sunday,7.96,92.02,82.04,True,Equinox,15,82.04,180,92.02
2024-09-22 08:00:00+05:30,2024-09-22,2024,9,September,22,266,8,Sunday,22.38,96.32,67.62,True,Equinox,15,67.62,180,96.32
2024-09-22 09:00:00+05:30,2024-09-22,2024,9,September,22,266,9,Sunday,36.66,101.63,53.34,True,Equinox,15,53.34,180,101.63
2024-09-22 10:00:00+05:30,2024-09-22,2024,9,September,22,266,10,Sunday,50.61,109.35,39.39,True,Equinox,15,39.39,180,109.35
2024-09-22 11:00:00+05:30,2024-09-22,2024,9,September,22,266,11,Sunday,63.62,123.38,26.38,True,Equinox,15,26.38,180,123.38
2024-09-22 12:00:00+05:30,2024-09-22,2024,9,September,22,266,12,Sunday,73.31,155.75,16.69,True,Equinox,15,16.69,180,155.75
2024-09-22 13:00:00+05:30,2024-09-22,2024,9,September,22,266,13,Sunday,72.67,208.72,17.33,True,Equinox,15,17.33,180,208.72
2024-09-22 14:00:00+05:30,2024-09-22,2024,9,September,22,266,14,Sunday,62.41,238.4,27.59,True,Equinox,15,27.59,180,238.4
2024-09-22 15:00:00+05:30,2024-09-22,2024,9,September,22,266,15,Sunday,49.25,251.46,40.75,True,Equinox,15,40.75,180,251.46
2024-09-22 16:00:00+05:30,2024-09-22,2024,9,September,22,266,16,Sunday,35.25,258.83,54.75,True,Equinox,15,54.75,180,258.83
2024-09-22 17:00:00+05:30,2024-09-22,2024,9,September,22,266,17,Sunday,20.94,263.97,69.06,True,Equinox,15,69.06,180,263.97
2024-09-22 18:00:00+05:30,2024-09-22,2024,9,September,22,266,18,Sunday,6.51,268.2,83.49,True,Equinox,15,83.49,180,268.2
2024-09-23 07:00:00+05:30,2024-09-23,2024,9,September,23,267,7,Monday,7.94,92.42,82.06,True,Equinox,15,82.06,180,92.42
2024-09-23 08:00:00+05:30,2024-09-23,2024,9,September,23,267,8,Monday,22.35,96.75,67.65,True,Equinox,15,67.65,180,96.75
2024-09-23 09:00:00+05:30,2024-09-23,2024,9,September,23,267,9,Monday,36.62,102.12,53.38,True,Equinox,15,53.38,180,102.12
2024-09-23 10:00:00+05:30,2024-09-23,2024,9,September,23,267,10,Monday,50.52,109.97,39.48,True,Equinox,15,39.48,180,109.97
2024-09-23 11:00:00+05:30,2024-09-23,2024,9,September,23,267,11,Monday,63.46,124.2,26.54,True,Equinox,15,26.54,180,124.2
2024-09-23 12:00:00+05:30,2024-09-23,2024,9,September,23,267,12,Monday,72.99,156.55,17.01,True,Equinox,15,17.01,180,156.55
2024-09-23 13:00:00+05:30,2024-09-23,2024,9,September,23,267,13,Monday,72.28,208.38,17.72,True,Equinox,15,17.72,180,208.38
2024-09-23 14:00:00+05:30,2024-09-23,2024,9,September,23,267,14,Monday,62.11,237.82,27.89,True,Equinox,15,27.89,180,237.82
2024-09-23 15:00:00+05:30,2024-09-23,2024,9,September,23,267,15,Monday,49.01,250.97,40.99,True,Equinox,15,40.99,180,250.97
2024-09-23 16:00:00+05:30,2024-09-23,2024,9,September,23,267,16,Monday,35.04,258.41,54.96,True,Equinox,15,54.96,180,258.41
2024-09-23 17:00:00+05:30,2024-09-23,2024,9,September,23,267,17,Monday,20.75,263.6,69.25,True,Equinox,15,69.25,180,263.6
2024-09-23 18:00:00+05:30,2024-09-23,2024,9,September,23,267,18,Monday,6.32,267.85,83.68,True,Equinox,15,83.68,180,267.85
2024-09-24 07:00:00+05:30,2024-09-24,2024,9,September,24,268,7,Tuesday,7.92,92.82,82.08,True,Equinox,15,82.08,180,92.82
2024-09-24 08:00:00+05:30,2024-09-24,2024,9,September,24,268,8,Tuesday,22.32,97.18,67.68,True,Equinox,15,67.68,180,97.18
2024-09-24 09:00:00+05:30,2024-09-24,2024,9,September,24,268,9,Tuesday,36.57,102.61,53.43,True,Equinox,15,53.43,180,102.61
2024-09-24 10:00:00+05:30,2024-09-24,2024,9,September,24,268,10,Tuesday,50.44,110.58,39.56,True,Equinox,15,39.56,180,110.58
2024-09-24 11:00:00+05:30,2024-09-24,2024,9,September,24,268,11,Tuesday,63.29,125.01,26.71,True,Equinox,15,26.71,180,125.01
2024-09-24 12:00:00+05:30,2024-09-24,2024,9,September,24,268,12,Tuesday,72.66,157.33,17.34,True,Equinox,15,17.34,180,157.33
2024-09-24 13:00:00+05:30,2024-09-24,2024,9,September,24,268,13,Tuesday,71.9,208.06,18.1,True,Equinox,15,18.1,180,208.06
2024-09-24 14:00:00+05:30,2024-09-24,2024,9,September,24,268,14,Tuesday,61.81,237.25,28.19,True,Equinox,15,28.19,180,237.25
2024-09-24 15:00:00+05:30,2024-09-24,2024,9,September,24,268,15,Tuesday,48.77,250.49,41.23,True,Equinox,15,41.23,180,250.49
2024-09-24 16:00:00+05:30,2024-09-24,2024,9,September,24,268,16,Tuesday,34.83,258.0,55.17,True,Equinox,15,55.17,180,258.0
2024-09-24 17:00:00+05:30,2024-09-24,2024,9,September,24,268,17,Tuesday,20.55,263.23,69.45,True,Equinox,15,69.45,180,263.23
2024-09-24 18:00:00+05:30,2024-09-24,2024,9,September,24,268,18,Tuesday,6.13,267.5,83.87,True,Equinox,15,83.87,180,267.5
2024-09-25 07:00:00+05:30,2024-09-25,2024,9,September,25,269,7,Wednesday,7.9,93.22,82.1,True,Equinox,15,82.1,180,93.22
2024-09-25 08:00:00+05:30,2024-09-25,2024,9,September,25,269,8,Wednesday,22.29,97.61,67.71,True,Equinox,15,67.71,180,97.61
2024-09-25 09:00:00+05:30,2024-09-25,2024,9,September,25,269,9,Wednesday,36.52,103.11,53.48,True,Equinox,15,53.48,180,103.11
2024-09-25 10:00:00+05:30,2024-09-25,2024,9,September,25,269,10,Wednesday,50.35,111.19,39.65,True,Equinox,15,39.65,180,111.19
2024-09-25 11:00:00+05:30,2024-09-25,2024,9,September,25,269,11,Wednesday,63.12,125.81,26.88,True,Equinox,15,26.88,180,125.81
2024-09-25 12:00:00+05:30,2024-09-25,2024,9,September,25,269,12,Wednesday,72.33,158.07,17.67,True,Equinox,15,17.67,180,158.07
2024-09-25 13:00:00+05:30,2024-09-25,2024,9,September,25,269,13,Wednesday,71.51,207.75,18.49,True,Equinox,15,18.49,180,207.75
2024-09-25 14:00:00+05:30,2024-09-25,2024,9,September,25,269,14,Wednesday,61.51,236.7,28.49,True,Equinox,15,28.49,180,236.7
2024-09-25 15:00:00+05:30,2024-09-25,2024,9,September,25,269,15,Wednesday,48.52,250.01,41.48,True,Equinox,15,41.48,180,250.01
2024-09-25 16:00:00+05:30,2024-09-25,2024,9,September,25,269,16,Wednesday,34.62,257.59,55.38,True,Equinox,15,55.38,180,257.59
2024-09-25 17:00:00+05:30,2024-09-25,2024,9,September,25,269,17,Wednesday,20.36,262.86,69.64,True,Equinox,15,69.64,180,262.86
2024-09-25 18:00:00+05:30,2024-09-25,2024,9,September,25,269,18,Wednesday,5.94,267.14,84.06,True,Equinox,15,84.06,180,267.14
2024-09-26 07:00:00+05:30,2024-09-26,2024,9,September,26,270,7,Thursday,7.87,93.62,82.13,True,Equinox,15,82.13,180,93.62
2024-09-26 08:00:00+05:30,2024-09-26,2024,9,September,26,270,8,Thursday,22.26,98.04,67.74,True,Equinox,15,67.74,180,98.04
2024-09-26 09:00:00+05:30,2024-09-26,2024,9,September,26,270,9,Thursday,36.46,103.6,53.54,True,Equinox,15,53.54,180,103.6
2024-09-26 10:00:00+05:30,2024-09-26,2024,9,September,26,270,10,Thursday,50.25,111.8,39.75,True,Equinox,15,39.75,180,111.8
2024-09-26 11:00:00+05:30,2024-09-26,2024,9,September,26,270,11,Thursday,62.94,126.6,27.06,True,Equinox,15,27.06,180,126.6
2024-09-26 12:00:00+05:30,2024-09-26,2024,9,September,26,270,12,Thursday,71.99,158.78,18.01,True,Equinox,15,18.01,180,158.78
2024-09-26 13:00:00+05:30,2024-09-26,2024,9,September,26,270,13,Thursday,71.12,207.44,18.88,True,Equinox,15,18.88,180,207.44
2024-09-26 14:00:00+05:30,2024-09-26,2024,9,September,26,270,14,Thursday,61.21,236.15,28.79,True,Equinox,15,28.79,180,236.15
2024-09-26 15:00:00+05:30,2024-09-26,2024,9,September,26,270,15,Thursday,48.28,249.53,41.72,True,Equinox,15,41.72,180,249.53
2024-09-26 16:00:00+05:30,2024-09-26,2024,9,September,26,270,16,Thursday,34.4,257.18,55.6,True,Equinox,15,55.6,180,257.18
2024-09-26 17:00:00+05:30,2024-09-26,2024,9,September,26,270,17,Thursday,20.16,262.49,69.84,True,Equinox,15,69.84,180,262.49
2024-09-26 18:00:00+05:30,2024-09-26,2024,9,September,26,270,18,Thursday,5.75,266.79,84.25,True,Equinox,15,84.25,180,266.79
2024-09-27 07:00:00+05:30,2024-09-27,2024,9,September,27,271,7,Friday,7.85,94.03,82.15,True,Equinox,15,82.15,180,94.03
2024-09-27 08:00:00+05:30,2024-09-27,2024,9,September,27,271,8,Friday,22.22,98.47,67.78,True,Equinox,15,67.78,180,98.47
2024-09-27 09:00:00+05:30,2024-09-27,2024,9,September,27,271,9,Friday,36.41,104.09,53.59,True,Equinox,15,53.59,180,104.09
2024-09-27 10:00:00+05:30,2024-09-27,2024,9,September,27,271,10,Friday,50.15,112.4,39.85,True,Equinox,15,39.85,180,112.4
2024-09-27 11:00:00+05:30,2024-09-27,2024,9,September,27,271,11,Friday,62.76,127.37,27.24,True,Equinox,15,27.24,180,127.37
2024-09-27 12:00:00+05:30,2024-09-27,2024,9,September,27,271,12,Friday,71.66,159.46,18.34,True,Equinox,15,18.34,180,159.46
2024-09-27 13:00:00+05:30,2024-09-27,2024,9,September,27,271,13,Friday,70.74,207.15,19.26,True,Equinox,15,19.26,180,207.15
2024-09-27 14:00:00+05:30,2024-09-27,2024,9,September,27,271,14,Friday,60.91,235.61,29.09,True,Equinox,15,29.09,180,235.61
2024-09-27 15:00:00+05:30,2024-09-27,2024,9,September,27,271,15,Friday,48.04,249.06,41.96,True,Equinox,15,41.96,180,249.06
2024-09-27 16:00:00+05:30,2024-09-27,2024,9,September,27,271,16,Friday,34.19,256.77,55.81,True,Equinox,15,55.81,180,256.77
2024-09-27 17:00:00+05:30,2024-09-27,2024,9,September,27,271,17,Friday,19.96,262.12,70.04,True,Equinox,15,70.04,180,262.12
2024-09-27 18:00:00+05:30,2024-09-27,2024,9,September,27,271,18,Friday,5.57,266.44,84.43,True,Equinox,15,84.43,180,266.44
2024-09-28 07:00:00+05:30,2024-09-28,2024,9,September,28,272,7,Saturday,7.82,94.43,82.18,True,Equinox,15,82.18,180,94.43
2024-09-28 08:00:00+05:30,2024-09-28,2024,9,September,28,272,8,Saturday,22.19,98.9,67.81,True,Equinox,15,67.81,180,98.9
2024-09-28 09:00:00+05:30,2024-09-28,2024,9,September,28,272,9,Saturday,36.35,104.58,53.65,True,Equinox,15,53.65,180,104.58
2024-09-28 10:00:00+05:30,2024-09-28,2024,9,September,28,272,10,Saturday,50.05,113.0,39.95,True,Equinox,15,39.95,180,113.0
2024-09-28 11:00:00+05:30,2024-09-28,2024,9,September,28,272,11,Saturday,62.57,128.14,27.43,True,Equinox,15,27.43,180,128.14
2024-09-28 12:00:00+05:30,2024-09-28,2024,9,September,28,272,12,Saturday,71.32,160.12,18.68,True,Equinox,15,18.68,180,160.12
2024-09-28 13:00:00+05:30,2024-09-28,2024,9,September,28,272,13,Saturday,70.35,206.86,19.65,True,Equinox,15,19.65,180,206.86
2024-09-28 14:00:00+05:30,2024-09-28,2024,9,September,28,272,14,Saturday,60.61,235.09,29.39,True,Equinox,15,29.39,180,235.09
2024-09-28 15:00:00+05:30,2024-09-28,2024,9,September,28,272,15,Saturday,47.79,248.59,42.21,True,Equinox,15,42.21,180,248.59
2024-09-28 16:00:00+05:30,2024-09-28,2024,9,September,28,272,16,Saturday,33.98,256.37,56.02,True,Equinox,15,56.02,180,256.37
2024-09-28 17:00:00+05:30,2024-09-28,2024,9,September,28,272,17,Saturday,19.77,261.75,70.23,True,Equinox,15,70.23,180,261.75
2024-09-28 18:00:00+05:30,2024-09-28,2024,9,September,28,272,18,Saturday,5.38,266.08,84.62,True,Equinox,15,84.62,180,266.08
2024-09-29 07:00:00+05:30,2024-09-29,2024,9,September,29,273,7,Sunday,7.8,94.83,82.2,True,Equinox,15,82.2,180,94.83
2024-09-29 08:00:00+05:30,2024-09-29,2024,9,September,29,273,8,Sunday,22.15,99.33,67.85,True,Equinox,15,67.85,180,99.33
2024-09-29 09:00:00+05:30,2024-09-29,2024,9,September,29,273,9,Sunday,36.28,105.06,53.72,True,Equinox,15,53.72,180,105.06
2024-09-29 10:00:00+05:30,2024-09-29,2024,9,September,29,273,10,Sunday,49.94,113.6,40.06,True,Equinox,15,40.06,180,113.6
2024-09-29 11:00:00+05:30,2024-09-29,2024,9,September,29,273,11,Sunday,62.38,128.89,27.62,True,Equinox,15,27.62,180,128.89
2024-09-29 12:00:00+05:30,2024-09-29,2024,9,September,29,273,12,Sunday,70.98,160.75,19.02,True,Equinox,15,19.02,180,160.75
2024-09-29 13:00:00+05:30,2024-09-29,2024,9,September,29,273,13,Sunday,69.96,206.59,20.04,True,Equinox,15,20.04,180,206.59
2024-09-29 14:00:00+05:30,2024-09-29,2024,9,September,29,273,14,Sunday,60.3,234.57,29.7,True,Equinox,15,29.7,180,234.57
2024-09-29 15:00:00+05:30,2024-09-29,2024,9,September,29,273,15,Sunday,47.54,248.13,42.46,True,Equinox,15,42.46,180,248.13
2024-09-29 16:00:00+05:30,2024-09-29,2024,9,September,29,273,16,Sunday,33.76,255.96,56.24,True,Equinox,15,56.24,180,255.96
2024-09-29 17:00:00+05:30,2024-09-29,2024,9,September,29,273,17,Sunday,19.57,261.38,70.43,True,Equinox,15,70.43,180,261.38
2024-09-29 18:00:00+05:30,2024-09-29,2024,9,September,29,273,18,Sunday,5.2,265.73,84.8,True,Equinox,15,84.8,180,265.73
2024-09-30 07:00:00+05:30,2024-09-30,2024,9,September,30,274,7,Monday,7.77,95.23,82.23,True,Equinox,15,82.23,180,95.23
2024-09-30 08:00:00+05:30,2024-09-30,2024,9,September,30,274,8,Monday,22.11,99.75,67.89,True,Equinox,15,67.89,180,99.75
2024-09-30 09:00:00+05:30,2024-09-30,2024,9,September,30,274,9,Monday,36.22,105.55,53.78,True,Equinox,15,53.78,180,105.55
2024-09-30 10:00:00+05:30,2024-09-30,2024,9,September,30,274,10,Monday,49.83,114.19,40.17,True,Equinox,15,40.17,180,114.19
2024-09-30 11:00:00+05:30,2024-09-30,2024,9,September,30,274,11,Monday,62.18,129.63,27.82,True,Equinox,15,27.82,180,129.63
2024-09-30 12:00:00+05:30,2024-09-30,2024,9,September,30,274,12,Monday,70.63,161.36,19.37,True,Equinox,15,19.37,180,161.36
2024-09-30 13:00:00+05:30,2024-09-30,2024,9,September,30,274,13,Monday,69.58,206.32,20.42,True,Equinox,15,20.42,180,206.32
2024-09-30 14:00:00+05:30,2024-09-30,2024,9,September,30,274,14,Monday,60.0,234.06,30.0,True,Equinox,15,30.0,180,234.06
2024-09-30 15:00:00+05:30,2024-09-30,2024,9,September,30,274,15,Monday,47.3,247.67,42.7,True,Equinox,15,42.7,180,247.67
2024-09-30 16:00:00+05:30,2024-09-30,2024,9,September,30,274,16,Monday,33.55,255.56,56.45,True,Equinox,15,56.45,180,255.56
2024-09-30 17:00:00+05:30,2024-09-30,2024,9,September,30,274,17,Monday,19.38,261.02,70.62,True,Equinox,15,70.62,180,261.02
2024-09-30 18:00:00+05:30,2024-09-30,2024,9,September,30,274,18,Monday,5.01,265.38,84.99,True,Equinox,15,84.99,180,265.38
2024-10-01 07:00:00+05:30,2024-10-01,2024,10,October,1,275,7,Tuesday,7.74,95.63,82.26,True,Equinox,15,82.26,180,95.63
2024-10-01 08:00:00+05:30,2024-10-01,2024,10,October,1,275,8,Tuesday,22.06,100.18,67.94,True,Equinox,15,67.94,180,100.18
2024-10-01 09:00:00+05:30,2024-10-01,2024,10,October,1,275,9,Tuesday,36.15,106.03,53.85,True,Equinox,15,53.85,180,106.03
2024-10-01 10:00:00+05:30,2024-10-01,2024,10,October,1,275,10,Tuesday,49.72,114.77,40.28,True,Equinox,15,40.28,180,114.77
2024-10-01 11:00:00+05:30,2024-10-01,2024,10,October,1,275,11,Tuesday,61.98,130.36,28.02,True,Equinox,15,28.02,180,130.36
2024-10-01 12:00:00+05:30,2024-10-01,2024,10,October,1,275,12,Tuesday,70.29,161.94,19.71,True,Equinox,15,19.71,180,161.94
2024-10-01 13:00:00+05:30,2024-10-01,2024,10,October,1,275,13,Tuesday,69.19,206.05,20.81,True,Equinox,15,20.81,180,206.05
2024-10-01 14:00:00+05:30,2024-10-01,2024,10,October,1,275,14,Tuesday,59.69,233.56,30.31,True,Equinox,15,30.31,180,233.56
2024-10-01 15:00:00+05:30,2024-10-01,2024,10,October,1,275,15,Tuesday,47.05,247.21,42.95,True,Equinox,15,42.95,180,247.21
2024-10-01 16:00:00+05:30,2024-10-01,2024,10,October,1,275,16,Tuesday,33.34,255.16,56.66,True,Equinox,15,56.66,180,255.16
2024-10-01 17:00:00+05:30,2024-10-01,2024,10,October,1,275,17,Tuesday,19.19,260.65,70.81,True,Equinox,15,70.81,180,260.65
2024-10-01 18:00:00+05:30,2024-10-01,2024,10,October,1,275,18,Tuesday,4.83,265.02,85.17,True,Equinox,15,85.17,180,265.02
2024-10-02 07:00:00+05:30,2024-10-02,2024,10,October,2,276,7,Wednesday,7.71,96.02,82.29,True,Equinox,15,82.29,180,96.02
2024-10-02 08:00:00+05:30,2024-10-02,2024,10,October,2,276,8,Wednesday,22.02,100.6,67.98,True,Equinox,15,67.98,180,100.6
2024-10-02 09:00:00+05:30,2024-10-02,2024,10,October,2,276,9,Wednesday,36.08,106.51,53.92,True,Equinox,15,53.92,180,106.51
2024-10-02 10:00:00+05:30,2024-10-02,2024,10,October,2,276,10,Wednesday,49.6,115.36,40.4,True,Equinox,15,40.4,180,115.36
2024-10-02 11:00:00+05:30,2024-10-02,2024,10,October,2,276,11,Wednesday,61.77,131.07,28.23,True,Equinox,15,28.23,180,131.07
2024-10-02 12:00:00+05:30,2024-10-02,2024,10,October,2,276,12,Wednesday,69.94,162.5,20.06,True,Equinox,15,20.06,180,162.5
2024-10-02 13:00:00+05:30,2024-10-02,2024,10,October,2,276,13,Wednesday,68.81,205.8,21.19,True,Equinox,15,21.19,180,205.8
2024-10-02 14:00:00+05:30,2024-10-02,2024,10,October,2,276,14,Wednesday,59.39,233.06,30.61,True,Equinox,15,30.61,180,233.06
2024-10-02 15:00:00+05:30,2024-10-02,2024,10,October,2,276,15,Wednesday,46.8,246.76,43.2,True,Equinox,15,43.2,180,246.76
2024-10-02 16:00:00+05:30,2024-10-02,2024,10,October,2,276,16,Wednesday,33.13,254.76,56.87,True,Equinox,15,56.87,180,254.76
2024-10-02 17:00:00+05:30,2024-10-02,2024,10,October,2,276,17,Wednesday,18.99,260.28,71.01,True,Equinox,15,71.01,180,260.28
2024-10-02 18:00:00+05:30,2024-10-02,2024,10,October,2,276,18,Wednesday,4.65,264.67,85.35,True,Equinox,15,85.35,180,264.67
2024-10-03 07:00:00+05:30,2024-10-03,2024,10,October,3,277,7,Thursday,7.68,96.42,82.32,True,Equinox,15,82.32,180,96.42
2024-10-03 08:00:00+05:30,2024-10-03,2024,10,October,3,277,8,Thursday,21.97,101.02,68.03,True,Equinox,15,68.03,180,101.02
2024-10-03 09:00:00+05:30,2024-10-03,2024,10,October,3,277,9,Thursday,36.0,106.99,54.0,True,Equinox,15,54.0,180,106.99
2024-10-03 10:00:00+05:30,2024-10-03,2024,10,October,3,277,10,Thursday,49.48,115.94,40.52,True,Equinox,15,40.52,180,115.94
2024-10-03 11:00:00+05:30,2024-10-03,2024,10,October,3,277,11,Thursday,61.56,131.78,28.44,True,Equinox,15,28.44,180,131.78
2024-10-03 12:00:00+05:30,2024-10-03,2024,10,October,3,277,12,Thursday,69.59,163.04,20.41,True,Equinox,15,20.41,180,163.04
2024-10-03 13:00:00+05:30,2024-10-03,2024,10,October,3,277,13,Thursday,68.42,205.55,21.58,True,Equinox,15,21.58,180,205.55
2024-10-03 14:00:00+05:30,2024-10-03,2024,10,October,3,277,14,Thursday,59.08,232.58,30.92,True,Equinox,15,30.92,180,232.58
2024-10-03 15:00:00+05:30,2024-10-03,2024,10,October,3,277,15,Thursday,46.56,246.32,43.44,True,Equinox,15,43.44,180,246.32
2024-10-03 16:00:00+05:30,2024-10-03,2024,10,October,3,277,16,Thursday,32.91,254.37,57.09,True,Equinox,15,57.09,180,254.37
2024-10-03 17:00:00+05:30,2024-10-03,2024,10,October,3,277,17,Thursday,18.8,259.92,71.2,True,Equinox,15,71.2,180,259.92
2024-10-03 18:00:00+05:30,2024-10-03,2024,10,October,3,277,18,Thursday,4.47,264.32,85.53,True,Equinox,15,85.53,180,264.32
2024-10-04 07:00:00+05:30,2024-10-04,2024,10,October,4,278,7,Friday,7.64,96.82,82.36,True,Equinox,15,82.36,180,96.82
2024-10-04 08:00:00+05:30,2024-10-04,2024,10,October,4,278,8,Friday,21.92,101.44,68.08,True,Equinox,15,68.08,180,101.44
2024-10-04 09:00:00+05:30,2024-10-04,2024,10,October,4,278,9,Friday,35.93,107.47,54.07,True,Equinox,15,54.07,180,107.47
2024-10-04 10:00:00+05:30,2024-10-04,2024,10,October,4,278,10,Friday,49.35,116.51,40.65,True,Equinox,15,40.65,180,116.51
2024-10-04 11:00:00+05:30,2024-10-04,2024,10,October,4,278,11,Friday,61.35,132.47,28.65,True,Equinox,15,28.65,180,132.47
2024-10-04 12:00:00+05:30,2024-10-04,2024,10,October,4,278,12,Friday,69.24,163.55,20.76,True,Equinox,15,20.76,180,163.55
2024-10-04 13:00:00+05:30,2024-10-04,2024,10,October,4,278,13,Friday,68.04,205.3,21.96,True,Equinox,15,21.96,180,205.3
2024-10-04 14:00:00+05:30,2024-10-04,2024,10,October,4,278,14,Friday,58.77,232.1,31.23,True,Equinox,15,31.23,180,232.1
2024-10-04 15:00:00+05:30,2024-10-04,2024,10,October,4,278,15,Friday,46.31,245.87,43.69,True,Equinox,15,43.69,180,245.87
2024-10-04 16:00:00+05:30,2024-10-04,2024,10,October,4,278,16,Friday,32.7,253.97,57.3,True,Equinox,15,57.3,180,253.97
2024-10-04 17:00:00+05:30,2024-10-04,2024,10,October,4,278,17,Friday,18.61,259.56,71.39,True,Equinox,15,71.39,180,259.56
2024-10-04 18:00:00+05:30,2024-10-04,2024,10,October,4,278,18,Friday,4.29,263.97,85.71,True,Equinox,15,85.71,180,263.97
2024-10-05 07:00:00+05:30,2024-10-05,2024,10,October,5,279,7,Saturday,7.61,97.21,82.39,True,Equinox,15,82.39,180,97.21
2024-10-05 08:00:00+05:30,2024-10-05,2024,10,October,5,279,8,Saturday,21.87,101.86,68.13,True,Equinox,15,68.13,180,101.86
2024-10-05 09:00:00+05:30,2024-10-05,2024,10,October,5,279,9,Saturday,35.85,107.94,54.15,True,Equinox,15,54.15,180,107.94
2024-10-05 10:00:00+05:30,2024-10-05,2024,10,October,5,279,10,Saturday,49.22,117.08,40.78,True,Equinox,15,40.78,180,117.08
2024-10-05 11:00:00+05:30,2024-10-05,2024,10,October,5,279,11,Saturday,61.13,133.15,28.87,True,Equinox,15,28.87,180,133.15
2024-10-05 12:00:00+05:30,2024-10-05,2024,10,October,5,279,12,Saturday,68.89,164.04,21.11,True,Equinox,15,21.11,180,164.04
2024-10-05 13:00:00+05:30,2024-10-05,2024,10,October,5,279,13,Saturday,67.66,205.06,22.34,True,Equinox,15,22.34,180,205.06
2024-10-05 14:00:00+05:30,2024-10-05,2024,10,October,5,279,14,Saturday,58.47,231.63,31.53,True,Equinox,15,31.53,180,231.63
2024-10-05 15:00:00+05:30,2024-10-05,2024,10,October,5,279,15,Saturday,46.06,245.43,43.94,True,Equinox,15,43.94,180,245.43
2024-10-05 16:00:00+05:30,2024-10-05,2024,10,October,5,279,16,Saturday,32.49,253.58,57.51,True,Equinox,15,57.51,180,253.58
2024-10-05 17:00:00+05:30,2024-10-05,2024,10,October,5,279,17,Saturday,18.42,259.2,71.58,True,Equinox,15,71.58,180,259.2
2024-10-05 18:00:00+05:30,2024-10-05,2024,10,October,5,279,18,Saturday,4.12,263.62,85.88,True,Equinox,15,85.88,180,263.62
2024-10-06 07:00:00+05:30,2024-10-06,2024,10,October,6,280,7,Sunday,7.57,97.6,82.43,True,Equinox,15,82.43,180,97.6
2024-10-06 08:00:00+05:30,2024-10-06,2024,10,October,6,280,8,Sunday,21.81,102.28,68.19,True,Equinox,15,68.19,180,102.28
2024-10-06 09:00:00+05:30,2024-10-06,2024,10,October,6,280,9,Sunday,35.76,108.42,54.24,True,Equinox,15,54.24,180,108.42
2024-10-06 10:00:00+05:30,2024-10-06,2024,10,October,6,280,10,Sunday,49.09,117.64,40.91,True,Equinox,15,40.91,180,117.64
2024-10-06 11:00:00+05:30,2024-10-06,2024,10,October,6,280,11,Sunday,60.91,133.81,29.09,True,Equinox,15,29.09,180,133.81
2024-10-06 12:00:00+05:30,2024-10-06,2024,10,October,6,280,12,Sunday,68.54,164.51,21.46,True,Equinox,15,21.46,180,164.51
2024-10-06 13:00:00+05:30,2024-10-06,2024,10,October,6,280,13,Sunday,67.28,204.83,22.72,True,Equinox,15,22.72,180,204.83
2024-10-06 14:00:00+05:30,2024-10-06,2024,10,October,6,280,14,Sunday,58.16,231.17,31.84,True,Equinox,15,31.84,180,231.17
2024-10-06 15:00:00+05:30,2024-10-06,2024,10,October,6,280,15,Sunday,45.81,245.0,44.19,True,Equinox,15,44.19,180,245.0
2024-10-06 16:00:00+05:30,2024-10-06,2024,10,October,6,280,16,Sunday,32.28,253.19,57.72,True,Equinox,15,57.72,180,253.19
2024-10-06 17:00:00+05:30,2024-10-06,2024,10,October,6,280,17,Sunday,18.23,258.84,71.77,True,Equinox,15,71.77,180,258.84
2024-10-06 18:00:00+05:30,2024-10-06,2024,10,October,6,280,18,Sunday,3.94,263.27,86.06,True,Equinox,15,86.06,180,263.27
2024-10-07 07:00:00+05:30,2024-10-07,2024,10,October,7,281,7,Monday,7.53,97.99,82.47,True,Equinox,15,82.47,180,97.99
2024-10-07 08:00:00+05:30,2024-10-07,2024,10,October,7,281,8,Monday,21.76,102.7,68.24,True,Equinox,15,68.24,180,102.7
2024-10-07 09:00:00+05:30,2024-10-07,2024,10,October,7,281,9,Monday,35.68,108.88,54.32,True,Equinox,15,54.32,180,108.88
2024-10-07 10:00:00+05:30,2024-10-07,2024,10,October,7,281,10,Monday,48.95,118.19,41.05,True,Equinox,15,41.05,180,118.19
2024-10-07 11:00:00+05:30,2024-10-07,2024,10,October,7,281,11,Monday,60.68,134.46,29.32,True,Equinox,15,29.32,180,134.46
2024-10-07 12:00:00+05:30,2024-10-07,2024,10,October,7,281,12,Monday,68.19,164.97,21.81,True,Equinox,15,21.81,180,164.97
2024-10-07 13:00:00+05:30,2024-10-07,2024,10,October,7,281,13,Monday,66.9,204.6,23.1,True,Equinox,15,23.1,180,204.6
2024-10-07 14:00:00+05:30,2024-10-07,2024,10,October,7,281,14,Monday,57.86,230.72,32.14,True,Equinox,15,32.14,180,230.72
2024-10-07 15:00:00+05:30,2024-10-07,2024,10,October,7,281,15,Monday,45.57,244.57,44.43,True,Equinox,15,44.43,180,244.57
2024-10-07 16:00:00+05:30,2024-10-07,2024,10,October,7,281,16,Monday,32.07,252.81,57.93,True,Equinox,15,57.93,180,252.81
2024-10-07 17:00:00+05:30,2024-10-07,2024,10,October,7,281,17,Monday,18.05,258.48,71.95,True,Equinox,15,71.95,180,258.48
2024-10-07 18:00:00+05:30,2024-10-07,2024,10,October,7,281,18,Monday,3.77,262.92,86.23,True,Equinox,15,86.23,180,262.92
2024-10-08 07:00:00+05:30,2024-10-08,2024,10,October,8,282,7,Tuesday,7.49,98.38,82.51,True,Equinox,15,82.51,180,98.38
2024-10-08 08:00:00+05:30,2024-10-08,2024,10,October,8,282,8,Tuesday,21.7,103.11,68.3,True,Equinox,15,68.3,180,103.11
2024-10-08 09:00:00+05:30,2024-10-08,2024,10,October,8,282,9,Tuesday,35.59,109.35,54.41,True,Equinox,15,54.41,180,109.35
2024-10-08 10:00:00+05:30,2024-10-08,2024,10,October,8,282,10,Tuesday,48.81,118.74,41.19,True,Equinox,15,41.19,180,118.74
2024-10-08 11:00:00+05:30,2024-10-08,2024,10,October,8,282,11,Tuesday,60.45,135.1,29.55,True,Equinox,15,29.55,180,135.1
2024-10-08 12:00:00+05:30,2024-10-08,2024,10,October,8,282,12,Tuesday,67.84,165.4,22.16,True,Equinox,15,22.16,180,165.4
2024-10-08 13:00:00+05:30,2024-10-08,2024,10,October,8,282,13,Tuesday,66.52,204.37,23.48,True,Equinox,15,23.48,180,204.37
2024-10-08 14:00:00+05:30,2024-10-08,2024,10,October,8,282,14,Tuesday,57.55,230.27,32.45,True,Equinox,15,32.45,180,230.27
2024-10-08 15:00:00+05:30,2024-10-08,2024,10,October,8,282,15,Tuesday,45.32,244.14,44.68,True,Equinox,15,44.68,180,244.14
2024-10-08 16:00:00+05:30,2024-10-08,2024,10,October,8,282,16,Tuesday,31.86,252.42,58.14,True,Equinox,15,58.14,180,252.42
2024-10-08 17:00:00+05:30,2024-10-08,2024,10,October,8,282,17,Tuesday,17.86,258.12,72.14,True,Equinox,15,72.14,180,258.12
2024-10-08 18:00:00+05:30,2024-10-08,2024,10,October,8,282,18,Tuesday,3.6,262.57,86.4,True,Equinox,15,86.4,180,262.57
2024-10-09 07:00:00+05:30,2024-10-09,2024,10,October,9,283,7,Wednesday,7.45,98.77,82.55,True,Equinox,15,82.55,180,98.77
2024-10-09 08:00:00+05:30,2024-10-09,2024,10,October,9,283,8,Wednesday,21.64,103.52,68.36,True,Equinox,15,68.36,180,103.52
2024-10-09 09:00:00+05:30,2024-10-09,2024,10,October,9,283,9,Wednesday,35.5,109.81,54.5,True,Equinox,15,54.5,180,109.81
2024-10-09 10:00:00+05:30,2024-10-09,2024,10,October,9,283,10,Wednesday,48.67,119.29,41.33,True,Equinox,15,41.33,180,119.29
2024-10-09 11:00:00+05:30,2024-10-09,2024,10,October,9,283,11,Wednesday,60.22,135.72,29.78,True,Equinox,15,29.78,180,135.72
2024-10-09 12:00:00+05:30,2024-10-09,2024,10,October,9,283,12,Wednesday,67.49,165.81,22.51,True,Equinox,15,22.51,180,165.81
2024-10-09 13:00:00+05:30,2024-10-09,2024,10,October,9,283,13,Wednesday,66.15,204.15,23.85,True,Equinox,15,23.85,180,204.15
2024-10-09 14:00:00+05:30,2024-10-09,2024,10,October,9,283,14,Wednesday,57.25,229.83,32.75,True,Equinox,15,32.75,180,229.83
2024-10-09 15:00:00+05:30,2024-10-09,2024,10,October,9,283,15,Wednesday,45.07,243.72,44.93,True,Equinox,15,44.93,180,243.72
2024-10-09 16:00:00+05:30,2024-10-09,2024,10,October,9,283,16,Wednesday,31.65,252.04,58.35,True,Equinox,15,58.35,180,252.04
2024-10-09 17:00:00+05:30,2024-10-09,2024,10,October,9,283,17,Wednesday,17.68,257.76,72.32,True,Equinox,15,72.32,180,257.76
2024-10-09 18:00:00+05:30,2024-10-09,2024,10,October,9,283,18,Wednesday,3.43,262.22,86.57,True,Equinox,15,86.57,180,262.22
2024-10-10 07:00:00+05:30,2024-10-10,2024,10,October,10,284,7,Thursday,7.41,99.16,82.59,True,Equinox,15,82.59,180,99.16
2024-10-10 08:00:00+05:30,2024-10-10,2024,10,October,10,284,8,Thursday,21.57,103.93,68.43,True,Equinox,15,68.43,180,103.93
2024-10-10 09:00:00+05:30,2024-10-10,2024,10,October,10,284,9,Thursday,35.4,110.27,54.6,True,Equinox,15,54.6,180,110.27
2024-10-10 10:00:00+05:30,2024-10-10,2024,10,October,10,284,10,Thursday,48.52,119.82,41.48,True,Equinox,15,41.48,180,119.82
2024-10-10 11:00:00+05:30,2024-10-10,2024,10,October,10,284,11,Thursday,59.99,136.33,30.01,True,Equinox,15,30.01,180,136.33
2024-10-10 12:00:00+05:30,2024-10-10,2024,10,October,10,284,12,Thursday,67.13,166.21,22.87,True,Equinox,15,22.87,180,166.21
2024-10-10 13:00:00+05:30,2024-10-10,2024,10,October,10,284,13,Thursday,65.77,203.93,24.23,True,Equinox,15,24.23,180,203.93
2024-10-10 14:00:00+05:30,2024-10-10,2024,10,October,10,284,14,Thursday,56.94,229.4,33.06,True,Equinox,15,33.06,180,229.4
2024-10-10 15:00:00+05:30,2024-10-10,2024,10,October,10,284,15,Thursday,44.83,243.3,45.17,True,Equinox,15,45.17,180,243.3
2024-10-10 16:00:00+05:30,2024-10-10,2024,10,October,10,284,16,Thursday,31.44,251.66,58.56,True,Equinox,15,58.56,180,251.66
2024-10-10 17:00:00+05:30,2024-10-10,2024,10,October,10,284,17,Thursday,17.49,257.41,72.51,True,Equinox,15,72.51,180,257.41
2024-10-10 18:00:00+05:30,2024-10-10,2024,10,October,10,284,18,Thursday,3.26,261.88,86.74,True,Equinox,15,86.74,180,261.88
2024-10-11 07:00:00+05:30,2024-10-11,2024,10,October,11,285,7,Friday,7.36,99.54,82.64,True,Equinox,15,82.64,180,99.54
2024-10-11 08:00:00+05:30,2024-10-11,2024,10,October,11,285,8,Friday,21.51,104.33,68.49,True,Equinox,15,68.49,180,104.33
2024-10-11 09:00:00+05:30,2024-10-11,2024,10,October,11,285,9,Friday,35.3,110.72,54.7,True,Equinox,15,54.7,180,110.72
2024-10-11 10:00:00+05:30,2024-10-11,2024,10,October,11,285,10,Friday,48.37,120.36,41.63,True,Equinox,15,41.63,180,120.36
2024-10-11 11:00:00+05:30,2024-10-11,2024,10,October,11,285,11,Friday,59.75,136.93,30.25,True,Equinox,15,30.25,180,136.93
2024-10-11 12:00:00+05:30,2024-10-11,2024,10,October,11,285,12,Friday,66.78,166.59,23.22,True,Equinox,15,23.22,180,166.59
2024-10-11 13:00:00+05:30,2024-10-11,2024,10,October,11,285,13,Friday,65.4,203.72,24.6,True,Equinox,15,24.6,180,203.72
2024-10-11 14:00:00+05:30,2024-10-11,2024,10,October,11,285,14,Friday,56.64,228.97,33.36,True,Equinox,15,33.36,180,228.97
2024-10-11 15:00:00+05:30,2024-10-11,2024,10,October,11,285,15,Friday,44.59,242.89,45.41,True,Equinox,15,45.41,180,242.89
2024-10-11 16:00:00+05:30,2024-10-11,2024,10,October,11,285,16,Friday,31.24,251.28,58.76,True,Equinox,15,58.76,180,251.28
2024-10-11 17:00:00+05:30,2024-10-11,2024,10,October,11,285,17,Friday,17.31,257.06,72.69,True,Equinox,15,72.69,180,257.06
2024-10-11 18:00:00+05:30,2024-10-11,2024,10,October,11,285,18,Friday,3.09,261.53,86.91,True,Equinox,15,86.91,180,261.53
2024-10-12 07:00:00+05:30,2024-10-12,2024,10,October,12,286,7,Saturday,7.31,99.92,82.69,True,Equinox,15,82.69,180,99.92
2024-10-12 08:00:00+05:30,2024-10-12,2024,10,October,12,286,8,Saturday,21.44,104.73,68.56,True,Equinox,15,68.56,180,104.73
2024-10-12 09:00:00+05:30,2024-10-12,2024,10,October,12,286,9,Saturday,35.2,111.17,54.8,True,Equinox,15,54.8,180,111.17
2024-10-12 10:00:00+05:30,2024-10-12,2024,10,October,12,286,10,Saturday,48.22,120.88,41.78,True,Equinox,15,41.78,180,120.88
2024-10-12 11:00:00+05:30,2024-10-12,2024,10,October,12,286,11,Saturday,59.51,137.51,30.49,True,Equinox,15,30.49,180,137.51
2024-10-12 12:00:00+05:30,2024-10-12,2024,10,October,12,286,12,Saturday,66.43,166.95,23.57,True,Equinox,15,23.57,180,166.95
2024-10-12 13:00:00+05:30,2024-10-12,2024,10,October,12,286,13,Saturday,65.03,203.51,24.97,True,Equinox,15,24.97,180,203.51
2024-10-12 14:00:00+05:30,2024-10-12,2024,10,October,12,286,14,Saturday,56.34,228.55,33.66,True,Equinox,15,33.66,180,228.55
2024-10-12 15:00:00+05:30,2024-10-12,2024,10,October,12,286,15,Saturday,44.34,242.48,45.66,True,Equinox,15,45.66,180,242.48
2024-10-12 16:00:00+05:30,2024-10-12,2024,10,October,12,286,16,Saturday,31.03,250.91,58.97,True,Equinox,15,58.97,180,250.91
2024-10-12 17:00:00+05:30,2024-10-12,2024,10,October,12,286,17,Saturday,17.13,256.71,72.87,True,Equinox,15,72.87,180,256.71
2024-10-12 18:00:00+05:30,2024-10-12,2024,10,October,12,286,18,Saturday,2.93,261.19,87.07,True,Equinox,15,87.07,180,261.19
2024-10-13 07:00:00+05:30,2024-10-13,2024,10,October,13,287,7,Sunday,7.26,100.3,82.74,True,Equinox,15,82.74,180,100.3
2024-10-13 08:00:00+05:30,2024-10-13,2024,10,October,13,287,8,Sunday,21.37,105.13,68.63,True,Equinox,15,68.63,180,105.13
2024-10-13 09:00:00+05:30,2024-10-13,2024,10,October,13,287,9,Sunday,35.1,111.61,54.9,True,Equinox,15,54.9,180,111.61
2024-10-13 10:00:00+05:30,2024-10-13,2024,10,October,13,287,10,Sunday,48.06,121.39,41.94,True,Equinox,15,41.94,180,121.39
2024-10-13 11:00:00+05:30,2024-10-13,2024,10,October,13,287,11,Sunday,59.27,138.08,30.73,True,Equinox,15,30.73,180,138.08
2024-10-13 12:00:00+05:30,2024-10-13,2024,10,October,13,287,12,Sunday,66.08,167.3,23.92,True,Equinox,15,23.92,180,167.3
2024-10-13 13:00:00+05:30,2024-10-13,2024,10,October,13,287,13,Sunday,64.67,203.3,25.33,True,Equinox,15,25.33,180,203.3
2024-10-13 14:00:00+05:30,2024-10-13,2024,10,October,13,287,14,Sunday,56.04,228.14,33.96,True,Equinox,15,33.96,180,228.14
2024-10-13 15:00:00+05:30,2024-10-13,2024,10,October,13,287,15,Sunday,44.1,242.07,45.9,True,Equinox,15,45.9,180,242.07
2024-10-13 16:00:00+05:30,2024-10-13,2024,10,October,13,287,16,Sunday,30.83,250.54,59.17,True,Equinox,15,59.17,180,250.54
2024-10-13 17:00:00+05:30,2024-10-13,2024,10,October,13,287,17,Sunday,16.96,256.36,73.04,True,Equinox,15,73.04,180,256.36
2024-10-13 18:00:00+05:30,2024-10-13,2024,10,October,13,287,18,Sunday,2.77,260.85,87.23,True,Equinox,15,87.23,180,260.85
2024-10-14 07:00:00+05:30,2024-10-14,2024,10,October,14,288,7,Monday,7.21,100.67,82.79,True,Equinox,15,82.79,180,100.67
2024-10-14 08:00:00+05:30,2024-10-14,2024,10,October,14,288,8,Monday,21.3,105.53,68.7,True,Equinox,15,68.7,180,105.53
2024-10-14 09:00:00+05:30,2024-10-14,2024,10,October,14,288,9,Monday,34.99,112.06,55.01,True,Equinox,15,55.01,180,112.06
2024-10-14 10:00:00+05:30,2024-10-14,2024,10,October,14,288,10,Monday,47.9,121.9,42.1,True,Equinox,15,42.1,180,121.9
2024-10-14 11:00:00+05:30,2024-10-14,2024,10,October,14,288,11,Monday,59.02,138.64,30.98,True,Equinox,15,30.98,180,138.64
2024-10-14 12:00:00+05:30,2024-10-14,2024,10,October,14,288,12,Monday,65.73,167.63,24.27,True,Equinox,15,24.27,180,167.63
2024-10-14 13:00:00+05:30,2024-10-14,2024,10,October,14,288,13,Monday,64.3,203.09,25.7,True,Equinox,15,25.7,180,203.09
2024-10-14 14:00:00+05:30,2024-10-14,2024,10,October,14,288,14,Monday,55.74,227.73,34.26,True,Equinox,15,34.26,180,227.73
2024-10-14 15:00:00+05:30,2024-10-14,2024,10,October,14,288,15,Monday,43.86,241.67,46.14,True,Equinox,15,46.14,180,241.67
2024-10-14 16:00:00+05:30,2024-10-14,2024,10,October,14,288,16,Monday,30.63,250.17,59.37,True,Equinox,15,59.37,180,250.17
2024-10-14 17:00:00+05:30,2024-10-14,2024,10,October,14,288,17,Monday,16.78,256.01,73.22,True,Equinox,15,73.22,180,256.01
2024-10-14 18:00:00+05:30,2024-10-14,2024,10,October,14,288,18,Monday,2.62,260.5,87.38,True,Equinox,15,87.38,180,260.5
2024-10-15 07:00:00+05:30,2024-10-15,2024,10,October,15,289,7,Tuesday,7.16,101.05,82.84,True,Equinox,15,82.84,180,101.05
2024-10-15 08:00:00+05:30,2024-10-15,2024,10,October,15,289,8,Tuesday,21.22,105.92,68.78,True,Equinox,15,68.78,180,105.92
2024-10-15 09:00:00+05:30,2024-10-15,2024,10,October,15,289,9,Tuesday,34.88,112.49,55.12,True,Equinox,15,55.12,180,112.49
2024-10-15 10:00:00+05:30,2024-10-15,2024,10,October,15,289,10,Tuesday,47.74,122.41,42.26,True,Equinox,15,42.26,180,122.41
2024-10-15 11:00:00+05:30,2024-10-15,2024,10,October,15,289,11,Tuesday,58.77,139.18,31.23,True,Equinox,15,31.23,180,139.18
2024-10-15 12:00:00+05:30,2024-10-15,2024,10,October,15,289,12,Tuesday,65.38,167.95,24.62,True,Equinox,15,24.62,180,167.95
2024-10-15 13:00:00+05:30,2024-10-15,2024,10,October,15,289,13,Tuesday,63.94,202.88,26.06,True,Equinox,15,26.06,180,202.88
2024-10-15 14:00:00+05:30,2024-10-15,2024,10,October,15,289,14,Tuesday,55.44,227.33,34.56,True,Equinox,15,34.56,180,227.33
2024-10-15 15:00:00+05:30,2024-10-15,2024,10,October,15,289,15,Tuesday,43.63,241.27,46.37,True,Equinox,15,46.37,180,241.27
2024-10-15 16:00:00+05:30,2024-10-15,2024,10,October,15,289,16,Tuesday,30.43,249.8,59.57,True,Equinox,15,59.57,180,249.8
2024-10-15 17:00:00+05:30,2024-10-15,2024,10,October,15,289,17,Tuesday,16.61,255.66,73.39,True,Equinox,15,73.39,180,255.66
2024-10-15 18:00:00+05:30,2024-10-15,2024,10,October,15,289,18,Tuesday,2.46,260.16,87.54,True,Equinox,15,87.54,180,260.16
2024-10-16 07:00:00+05:30,2024-10-16,2024,10,October,16,290,7,Wednesday,7.1,101.42,82.9,True,Equinox,15,82.9,180,101.42
2024-10-16 08:00:00+05:30,2024-10-16,2024,10,October,16,290,8,Wednesday,21.14,106.31,68.86,True,Equinox,15,68.86,180,106.31
2024-10-16 09:00:00+05:30,2024-10-16,2024,10,October,16,290,9,Wednesday,34.77,112.92,55.23,True,Equinox,15,55.23,180,112.92
2024-10-16 10:00:00+05:30,2024-10-16,2024,10,October,16,290,10,Wednesday,47.57,122.9,42.43,True,Equinox,15,42.43,180,122.9
2024-10-16 11:00:00+05:30,2024-10-16,2024,10,October,16,290,11,Wednesday,58.52,139.7,31.48,True,Equinox,15,31.48,180,139.7
2024-10-16 12:00:00+05:30,2024-10-16,2024,10,October,16,290,12,Wednesday,65.03,168.25,24.97,True,Equinox,15,24.97,180,168.25
2024-10-16 13:00:00+05:30,2024-10-16,2024,10,October,16,290,13,Wednesday,63.58,202.68,26.42,True,Equinox,15,26.42,180,202.68
2024-10-16 14:00:00+05:30,2024-10-16,2024,10,October,16,290,14,Wednesday,55.15,226.93,34.85,True,Equinox,15,34.85,180,226.93
2024-10-16 15:00:00+05:30,2024-10-16,2024,10,October,16,290,15,Wednesday,43.39,240.87,46.61,True,Equinox,15,46.61,180,240.87
2024-10-16 16:00:00+05:30,2024-10-16,2024,10,October,16,290,16,Wednesday,30.24,249.43,59.76,True,Equinox,15,59.76,180,249.43
2024-10-16 17:00:00+05:30,2024-10-16,2024,10,October,16,290,17,Wednesday,16.44,255.32,73.56,True,Equinox,15,73.56,180,255.32
2024-10-16 18:00:00+05:30,2024-10-16,2024,10,October,16,290,18,Wednesday,2.31,259.83,87.69,True,Equinox,15,87.69,180,259.83
2024-10-17 07:00:00+05:30,2024-10-17,2024,10,October,17,291,7,Thursday,7.05,101.79,82.95,True,Equinox,15,82.95,180,101.79
2024-10-17 08:00:00+05:30,2024-10-17,2024,10,October,17,291,8,Thursday,21.06,106.7,68.94,True,Equinox,15,68.94,180,106.7
2024-10-17 09:00:00+05:30,2024-10-17,2024,10,October,17,291,9,Thursday,34.66,113.35,55.34,True,Equinox,15,55.34,180,113.35
2024-10-17 10:00:00+05:30,2024-10-17,2024,10,October,17,291,10,Thursday,47.41,123.39,42.59,True,Equinox,15,42.59,180,123.39
2024-10-17 11:00:00+05:30,2024-10-17,2024,10,October,17,291,11,Thursday,58.27,140.22,31.73,True,Equinox,15,31.73,180,140.22
2024-10-17 12:00:00+05:30,2024-10-17,2024,10,October,17,291,12,Thursday,64.68,168.54,25.32,True,Equinox,15,25.32,180,168.54
2024-10-17 13:00:00+05:30,2024-10-17,2024,10,October,17,291,13,Thursday,63.22,202.48,26.78,True,Equinox,15,26.78,180,202.48
2024-10-17 14:00:00+05:30,2024-10-17,2024,10,October,17,291,14,Thursday,54.86,226.54,35.14,True,Equinox,15,35.14,180,226.54
2024-10-17 15:00:00+05:30,2024-10-17,2024,10,October,17,291,15,Thursday,43.15,240.48,46.85,True,Equinox,15,46.85,180,240.48
2024-10-17 16:00:00+05:30,2024-10-17,2024,10,October,17,291,16,Thursday,30.04,249.07,59.96,True,Equinox,15,59.96,180,249.07
2024-10-17 17:00:00+05:30,2024-10-17,2024,10,October,17,291,17,Thursday,16.27,254.98,73.73,True,Equinox,15,73.73,180,254.98
2024-10-17 18:00:00+05:30,2024-10-17,2024,10,October,17,291,18,Thursday,2.16,259.49,87.84,True,Equinox,15,87.84,180,259.49
2024-10-18 07:00:00+05:30,2024-10-18,2024,10,October,18,292,7,Friday,6.99,102.15,83.01,True,Equinox,15,83.01,180,102.15
2024-10-18 08:00:00+05:30,2024-10-18,2024,10,October,18,292,8,Friday,20.98,107.08,69.02,True,Equinox,15,69.02,180,107.08
2024-10-18 09:00:00+05:30,2024-10-18,2024,10,October,18,292,9,Friday,34.54,113.77,55.46,True,Equinox,15,55.46,180,113.77
2024-10-18 10:00:00+05:30,2024-10-18,2024,10,October,18,292,10,Friday,47.23,123.86,42.77,True,Equinox,15,42.77,180,123.86
2024-10-18 11:00:00+05:30,2024-10-18,2024,10,October,18,292,11,Friday,58.01,140.72,31.99,True,Equinox,15,31.99,180,140.72
2024-10-18 12:00:00+05:30,2024-10-18,2024,10,October,18,292,12,Friday,64.33,168.81,25.67,True,Equinox,15,25.67,180,168.81
2024-10-18 13:00:00+05:30,2024-10-18,2024,10,October,18,292,13,Friday,62.86,202.28,27.14,True,Equinox,15,27.14,180,202.28
2024-10-18 14:00:00+05:30,2024-10-18,2024,10,October,18,292,14,Friday,54.57,226.15,35.43,True,Equinox,15,35.43,180,226.15
2024-10-18 15:00:00+05:30,2024-10-18,2024,10,October,18,292,15,Friday,42.92,240.1,47.08,True,Equinox,15,47.08,180,240.1
2024-10-18 16:00:00+05:30,2024-10-18,2024,10,October,18,292,16,Friday,29.85,248.71,60.15,True,Equinox,15,60.15,180,248.71
2024-10-18 17:00:00+05:30,2024-10-18,2024,10,October,18,292,17,Friday,16.11,254.64,73.89,True,Equinox,15,73.89,180,254.64
2024-10-18 18:00:00+05:30,2024-10-18,2024,10,October,18,292,18,Friday,2.01,259.15,87.99,True,Equinox,15,87.99,180,259.15
2024-10-19 07:00:00+05:30,2024-10-19,2024,10,October,19,293,7,Saturday,6.93,102.51,83.07,True,Equinox,15,83.07,180,102.51
2024-10-19 08:00:00+05:30,2024-10-19,2024,10,October,19,293,8,Saturday,20.89,107.46,69.11,True,Equinox,15,69.11,180,107.46
2024-10-19 09:00:00+05:30,2024-10-19,2024,10,October,19,293,9,Saturday,34.42,114.19,55.58,True,Equinox,15,55.58,180,114.19
2024-10-19 10:00:00+05:30,2024-10-19,2024,10,October,19,293,10,Saturday,47.06,124.33,42.94,True,Equinox,15,42.94,180,124.33
2024-10-19 11:00:00+05:30,2024-10-19,2024,10,October,19,293,11,Saturday,57.76,141.21,32.24,True,Equinox,15,32.24,180,141.21
2024-10-19 12:00:00+05:30,2024-10-19,2024,10,October,19,293,12,Saturday,63.99,169.07,26.01,True,Equinox,15,26.01,180,169.07
2024-10-19 13:00:00+05:30,2024-10-19,2024,10,October,19,293,13,Saturday,62.51,202.08,27.49,True,Equinox,15,27.49,180,202.08
2024-10-19 14:00:00+05:30,2024-10-19,2024,10,October,19,293,14,Saturday,54.28,225.77,35.72,True,Equinox,15,35.72,180,225.77
2024-10-19 15:00:00+05:30,2024-10-19,2024,10,October,19,293,15,Saturday,42.69,239.71,47.31,True,Equinox,15,47.31,180,239.71
2024-10-19 16:00:00+05:30,2024-10-19,2024,10,October,19,293,16,Saturday,29.66,248.36,60.34,True,Equinox,15,60.34,180,248.36
2024-10-19 17:00:00+05:30,2024-10-19,2024,10,October,19,293,17,Saturday,15.95,254.3,74.05,True,Equinox,15,74.05,180,254.3
2024-10-19 18:00:00+05:30,2024-10-19,2024,10,October,19,293,18,Saturday,1.87,258.82,88.13,True,Equinox,15,88.13,180,258.82
2024-10-20 07:00:00+05:30,2024-10-20,2024,10,October,20,294,7,Sunday,6.86,102.87,83.14,True,Equinox,15,83.14,180,102.87
2024-10-20 08:00:00+05:30,2024-10-20,2024,10,October,20,294,8,Sunday,20.81,107.84,69.19,True,Equinox,15,69.19,180,107.84
2024-10-20 09:00:00+05:30,2024-10-20,2024,10,October,20,294,9,Sunday,34.3,114.6,55.7,True,Equinox,15,55.7,180,114.6
2024-10-20 10:00:00+05:30,2024-10-20,2024,10,October,20,294,10,Sunday,46.88,124.79,43.12,True,Equinox,15,43.12,180,124.79
2024-10-20 11:00:00+05:30,2024-10-20,2024,10,October,20,294,11,Sunday,57.5,141.68,32.5,True,Equinox,15,32.5,180,141.68
2024-10-20 12:00:00+05:30,2024-10-20,2024,10,October,20,294,12,Sunday,63.64,169.31,26.36,True,Equinox,15,26.36,180,169.31
2024-10-20 13:00:00+05:30,2024-10-20,2024,10,October,20,294,13,Sunday,62.16,201.89,27.84,True,Equinox,15,27.84,180,201.89
2024-10-20 14:00:00+05:30,2024-10-20,2024,10,October,20,294,14,Sunday,53.99,225.4,36.01,True,Equinox,15,36.01,180,225.4
2024-10-20 15:00:00+05:30,2024-10-20,2024,10,October,20,294,15,Sunday,42.46,239.33,47.54,True,Equinox,15,47.54,180,239.33
2024-10-20 16:00:00+05:30,2024-10-20,2024,10,October,20,294,16,Sunday,29.47,248.0,60.53,True,Equinox,15,60.53,180,248.0
2024-10-20 17:00:00+05:30,2024-10-20,2024,10,October,20,294,17,Sunday,15.79,253.96,74.21,True,Equinox,15,74.21,180,253.96
2024-10-20 18:00:00+05:30,2024-10-20,2024,10,October,20,294,18,Sunday,1.73,258.49,88.27,True,Equinox,15,88.27,180,258.49
2024-10-21 07:00:00+05:30,2024-10-21,2024,10,October,21,295,7,Monday,6.8,103.23,83.2,True,Equinox,15,83.2,180,103.23
2024-10-21 08:00:00+05:30,2024-10-21,2024,10,October,21,295,8,Monday,20.72,108.21,69.28,True,Equinox,15,69.28,180,108.21
2024-10-21 09:00:00+05:30,2024-10-21,2024,10,October,21,295,9,Monday,34.17,115.01,55.83,True,Equinox,15,55.83,180,115.01
2024-10-21 10:00:00+05:30,2024-10-21,2024,10,October,21,295,10,Monday,46.7,125.25,43.3,True,Equinox,15,43.3,180,125.25
2024-10-21 11:00:00+05:30,2024-10-21,2024,10,October,21,295,11,Monday,57.24,142.14,32.76,True,Equinox,15,32.76,180,142.14
2024-10-21 12:00:00+05:30,2024-10-21,2024,10,October,21,295,12,Monday,63.3,169.54,26.7,True,Equinox,15,26.7,180,169.54
2024-10-21 13:00:00+05:30,2024-10-21,2024,10,October,21,295,13,Monday,61.82,201.69,28.18,True,Equinox,15,28.18,180,201.69
2024-10-21 14:00:00+05:30,2024-10-21,2024,10,October,21,295,14,Monday,53.71,225.03,36.29,True,Equinox,15,36.29,180,225.03
2024-10-21 15:00:00+05:30,2024-10-21,2024,10,October,21,295,15,Monday,42.24,238.96,47.76,True,Equinox,15,47.76,180,238.96
2024-10-21 16:00:00+05:30,2024-10-21,2024,10,October,21,295,16,Monday,29.29,247.65,60.71,True,Equinox,15,60.71,180,247.65
2024-10-21 17:00:00+05:30,2024-10-21,2024,10,October,21,295,17,Monday,15.63,253.63,74.37,True,Equinox,15,74.37,180,253.63
2024-10-21 18:00:00+05:30,2024-10-21,2024,10,October,21,295,18,Monday,1.6,258.16,88.4,True,Equinox,15,88.4,180,258.16
2024-10-22 07:00:00+05:30,2024-10-22,2024,10,October,22,296,7,Tuesday,6.73,103.58,83.27,True,Equinox,15,83.27,180,103.58
2024-10-22 08:00:00+05:30,2024-10-22,2024,10,October,22,296,8,Tuesday,20.62,108.57,69.38,True,Equinox,15,69.38,180,108.57
2024-10-22 09:00:00+05:30,2024-10-22,2024,10,October,22,296,9,Tuesday,34.04,115.41,55.96,True,Equinox,15,55.96,180,115.41
2024-10-22 10:00:00+05:30,2024-10-22,2024,10,October,22,296,10,Tuesday,46.52,125.69,43.48,True,Equinox,15,43.48,180,125.69
2024-10-22 11:00:00+05:30,2024-10-22,2024,10,October,22,296,11,Tuesday,56.98,142.58,33.02,True,Equinox,15,33.02,180,142.58
2024-10-22 12:00:00+05:30,2024-10-22,2024,10,October,22,296,12,Tuesday,62.96,169.76,27.04,True,Equinox,15,27.04,180,169.76
2024-10-22 13:00:00+05:30,2024-10-22,2024,10,October,22,296,13,Tuesday,61.47,201.49,28.53,True,Equinox,15,28.53,180,201.49
2024-10-22 14:00:00+05:30,2024-10-22,2024,10,October,22,296,14,Tuesday,53.43,224.66,36.57,True,Equinox,15,36.57,180,224.66
2024-10-22 15:00:00+05:30,2024-10-22,2024,10,October,22,296,15,Tuesday,42.02,238.58,47.98,True,Equinox,15,47.98,180,238.58
2024-10-22 16:00:00+05:30,2024-10-22,2024,10,October,22,296,16,Tuesday,29.11,247.3,60.89,True,Equinox,15,60.89,180,247.3
2024-10-22 17:00:00+05:30,2024-10-22,2024,10,October,22,296,17,Tuesday,15.48,253.3,74.52,True,Equinox,15,74.52,180,253.3
2024-10-22 18:00:00+05:30,2024-10-22,2024,10,October,22,296,18,Tuesday,1.46,257.83,88.54,True,Equinox,15,88.54,180,257.83
2024-10-23 07:00:00+05:30,2024-10-23,2024,10,October,23,297,7,Wednesday,6.66,103.93,83.34,True,Equinox,15,83.34,180,103.93
2024-10-23 08:00:00+05:30,2024-10-23,2024,10,October,23,297,8,Wednesday,20.53,108.94,69.47,True,Equinox,15,69.47,180,108.94
2024-10-23 09:00:00+05:30,2024-10-23,2024,10,October,23,297,9,Wednesday,33.91,115.8,56.09,True,Equinox,15,56.09,180,115.8
2024-10-23 10:00:00+05:30,2024-10-23,2024,10,October,23,297,10,Wednesday,46.34,126.13,43.66,True,Equinox,15,43.66,180,126.13
2024-10-23 11:00:00+05:30,2024-10-23,2024,10,October,23,297,11,Wednesday,56.72,143.02,33.28,True,Equinox,15,33.28,180,143.02
2024-10-23 12:00:00+05:30,2024-10-23,2024,10,October,23,297,12,Wednesday,62.62,169.97,27.38,True,Equinox,15,27.38,180,169.97
2024-10-23 13:00:00+05:30,2024-10-23,2024,10,October,23,297,13,Wednesday,61.14,201.3,28.86,True,Equinox,15,28.86,180,201.3
2024-10-23 14:00:00+05:30,2024-10-23,2024,10,October,23,297,14,Wednesday,53.15,224.3,36.85,True,Equinox,15,36.85,180,224.3
2024-10-23 15:00:00+05:30,2024-10-23,2024,10,October,23,297,15,Wednesday,41.8,238.22,48.2,True,Equinox,15,48.2,180,238.22
2024-10-23 16:00:00+05:30,2024-10-23,2024,10,October,23,297,16,Wednesday,28.93,246.95,61.07,True,Equinox,15,61.07,180,246.95
2024-10-23 17:00:00+05:30,2024-10-23,2024,10,October,23,297,17,Wednesday,15.33,252.97,74.67,True,Equinox,15,74.67,180,252.97
2024-10-23 18:00:00+05:30,2024-10-23,2024,10,October,23,297,18,Wednesday,1.33,257.5,88.67,True,Equinox,15,88.67,180,257.5
2024-10-24 07:00:00+05:30,2024-10-24,2024,10,October,24,298,7,Thursday,6.58,104.27,83.42,True,Equinox,15,83.42,180,104.27
2024-10-24 08:00:00+05:30,2024-10-24,2024,10,October,24,298,8,Thursday,20.43,109.3,69.57,True,Equinox,15,69.57,180,109.3
2024-10-24 09:00:00+05:30,2024-10-24,2024,10,October,24,298,9,Thursday,33.78,116.19,56.22,True,Equinox,15,56.22,180,116.19
2024-10-24 10:00:00+05:30,2024-10-24,2024,10,October,24,298,10,Thursday,46.15,126.55,43.85,True,Equinox,15,43.85,180,126.55
2024-10-24 11:00:00+05:30,2024-10-24,2024,10,October,24,298,11,Thursday,56.46,143.43,33.54,True,Equinox,15,33.54,180,143.43
2024-10-24 12:00:00+05:30,2024-10-24,2024,10,October,24,298,12,Thursday,62.28,170.17,27.72,True,Equinox,15,27.72,180,170.17
2024-10-24 13:00:00+05:30,2024-10-24,2024,10,October,24,298,13,Thursday,60.8,201.11,29.2,True,Equinox,15,29.2,180,201.11
2024-10-24 14:00:00+05:30,2024-10-24,2024,10,October,24,298,14,Thursday,52.88,223.94,37.12,True,Equinox,15,37.12,180,223.94
2024-10-24 15:00:00+05:30,2024-10-24,2024,10,October,24,298,15,Thursday,41.58,237.85,48.42,True,Equinox,15,48.42,180,237.85
2024-10-24 16:00:00+05:30,2024-10-24,2024,10,October,24,298,16,Thursday,28.75,246.61,61.25,True,Equinox,15,61.25,180,246.61
2024-10-24 17:00:00+05:30,2024-10-24,2024,10,October,24,298,17,Thursday,15.18,252.64,74.82,True,Equinox,15,74.82,180,252.64
2024-10-24 18:00:00+05:30,2024-10-24,2024,10,October,24,298,18,Thursday,1.21,257.18,88.79,True,Equinox,15,88.79,180,257.18
2024-10-25 07:00:00+05:30,2024-10-25,2024,10,October,25,299,7,Friday,6.51,104.61,83.49,True,Equinox,15,83.49,180,104.61
2024-10-25 08:00:00+05:30,2024-10-25,2024,10,October,25,299,8,Friday,20.33,109.65,69.67,True,Equinox,15,69.67,180,109.65
2024-10-25 09:00:00+05:30,2024-10-25,2024,10,October,25,299,9,Friday,33.64,116.57,56.36,True,Equinox,15,56.36,180,116.57
2024-10-25 10:00:00+05:30,2024-10-25,2024,10,October,25,299,10,Friday,45.96,126.97,44.04,True,Equinox,15,44.04,180,126.97
2024-10-25 11:00:00+05:30,2024-10-25,2024,10,October,25,299,11,Friday,56.2,143.84,33.8,True,Equinox,15,33.8,180,143.84
2024-10-25 12:00:00+05:30,2024-10-25,2024,10,October,25,299,12,Friday,61.95,170.35,28.05,True,Equinox,15,28.05,180,170.35
2024-10-25 13:00:00+05:30,2024-10-25,2024,10,October,25,299,13,Friday,60.47,200.91,29.53,True,Equinox,15,29.53,180,200.91
2024-10-25 14:00:00+05:30,2024-10-25,2024,10,October,25,299,14,Friday,52.61,223.59,37.39,True,Equinox,15,37.39,180,223.59
2024-10-25 15:00:00+05:30,2024-10-25,2024,10,October,25,299,15,Friday,41.37,237.49,48.63,True,Equinox,15,48.63,180,237.49
2024-10-25 16:00:00+05:30,2024-10-25,2024,10,October,25,299,16,Friday,28.58,246.27,61.42,True,Equinox,15,61.42,180,246.27
2024-10-25 17:00:00+05:30,2024-10-25,2024,10,October,25,299,17,Friday,15.04,252.32,74.96,True,Equinox,15,74.96,180,252.32
2024-10-25 18:00:00+05:30,2024-10-25,2024,10,October,25,299,18,Friday,1.09,256.85,88.91,True,Equinox,15,88.91,180,256.85
2024-10-26 07:00:00+05:30,2024-10-26,2024,10,October,26,300,7,Saturday,6.43,104.95,83.57,True,Equinox,15,83.57,180,104.95
2024-10-26 08:00:00+05:30,2024-10-26,2024,10,October,26,300,8,Saturday,20.23,110.0,69.77,True,Equinox,15,69.77,180,110.0
2024-10-26 09:00:00+05:30,2024-10-26,2024,10,October,26,300,9,Saturday,33.5,116.95,56.5,True,Equinox,15,56.5,180,116.95
2024-10-26 10:00:00+05:30,2024-10-26,2024,10,October,26,300,10,Saturday,45.77,127.38,44.23,True,Equinox,15,44.23,180,127.38
2024-10-26 11:00:00+05:30,2024-10-26,2024,10,October,26,300,11,Saturday,55.93,144.23,34.07,True,Equinox,15,34.07,180,144.23
2024-10-26 12:00:00+05:30,2024-10-26,2024,10,October,26,300,12,Saturday,61.62,170.52,28.38,True,Equinox,15,28.38,180,170.52
2024-10-26 13:00:00+05:30,2024-10-26,2024,10,October,26,300,13,Saturday,60.14,200.72,29.86,True,Equinox,15,29.86,180,200.72
2024-10-26 14:00:00+05:30,2024-10-26,2024,10,October,26,300,14,Saturday,52.34,223.24,37.66,True,Equinox,15,37.66,180,223.24
2024-10-26 15:00:00+05:30,2024-10-26,2024,10,October,26,300,15,Saturday,41.16,237.13,48.84,True,Equinox,15,48.84,180,237.13
2024-10-26 16:00:00+05:30,2024-10-26,2024,10,October,26,300,16,Saturday,28.41,245.93,61.59,True,Equinox,15,61.59,180,245.93
2024-10-26 17:00:00+05:30,2024-10-26,2024,10,October,26,300,17,Saturday,14.9,251.99,75.1,True,Equinox,15,75.1,180,251.99
2024-10-26 18:00:00+05:30,2024-10-26,2024,10,October,26,300,18,Saturday,0.97,256.53,89.03,True,Equinox,15,89.03,180,256.53
2024-10-27 07:00:00+05:30,2024-10-27,2024,10,October,27,301,7,Sunday,6.35,105.28,83.65,True,Equinox,15,83.65,180,105.28
2024-10-27 08:00:00+05:30,2024-10-27,2024,10,October,27,301,8,Sunday,20.12,110.34,69.88,True,Equinox,15,69.88,180,110.34
2024-10-27 09:00:00+05:30,2024-10-27,2024,10,October,27,301,9,Sunday,33.36,117.32,56.64,True,Equinox,15,56.64,180,117.32
2024-10-27 10:00:00+05:30,2024-10-27,2024,10,October,27,301,10,Sunday,45.58,127.78,44.42,True,Equinox,15,44.42,180,127.78
2024-10-27 11:00:00+05:30,2024-10-27,2024,10,October,27,301,11,Sunday,55.67,144.61,34.33,True,Equinox,15,34.33,180,144.61
2024-10-27 12:00:00+05:30,2024-10-27,2024,10,October,27,301,12,Sunday,61.29,170.68,28.71,True,Equinox,15,28.71,180,170.68
2024-10-27 13:00:00+05:30,2024-10-27,2024,10,October,27,301,13,Sunday,59.81,200.52,30.19,True,Equinox,15,30.19,180,200.52
2024-10-27 14:00:00+05:30,2024-10-27,2024,10,October,27,301,14,Sunday,52.07,222.89,37.93,True,Equinox,15,37.93,180,222.89
2024-10-27 15:00:00+05:30,2024-10-27,2024,10,October,27,301,15,Sunday,40.95,236.78,49.05,True,Equinox,15,49.05,180,236.78
2024-10-27 16:00:00+05:30,2024-10-27,2024,10,October,27,301,16,Sunday,28.25,245.6,61.75,True,Equinox,15,61.75,180,245.6
2024-10-27 17:00:00+05:30,2024-10-27,2024,10,October,27,301,17,Sunday,14.76,251.67,75.24,True,Equinox,15,75.24,180,251.67
2024-10-27 18:00:00+05:30,2024-10-27,2024,10,October,27,301,18,Sunday,0.86,256.21,89.14,True,Equinox,15,89.14,180,256.21
2024-10-28 07:00:00+05:30,2024-10-28,2024,10,October,28,302,7,Monday,6.27,105.61,83.73,True,Equinox,15,83.73,180,105.61
2024-10-28 08:00:00+05:30,2024-10-28,2024,10,October,28,302,8,Monday,20.02,110.68,69.98,True,Equinox,15,69.98,180,110.68
2024-10-28 09:00:00+05:30,2024-10-28,2024,10,October,28,302,9,Monday,33.22,117.68,56.78,True,Equinox,15,56.78,180,117.68
2024-10-28 10:00:00+05:30,2024-10-28,2024,10,October,28,302,10,Monday,45.39,128.17,44.61,True,Equinox,15,44.61,180,128.17
2024-10-28 11:00:00+05:30,2024-10-28,2024,10,October,28,302,11,Monday,55.41,144.98,34.59,True,Equinox,15,34.59,180,144.98
2024-10-28 12:00:00+05:30,2024-10-28,2024,10,October,28,302,12,Monday,60.96,170.83,29.04,True,Equinox,15,29.04,180,170.83
2024-10-28 13:00:00+05:30,2024-10-28,2024,10,October,28,302,13,Monday,59.49,200.33,30.51,True,Equinox,15,30.51,180,200.33
2024-10-28 14:00:00+05:30,2024-10-28,2024,10,October,28,302,14,Monday,51.81,222.55,38.19,True,Equinox,15,38.19,180,222.55
2024-10-28 15:00:00+05:30,2024-10-28,2024,10,October,28,302,15,Monday,40.75,236.42,49.25,True,Equinox,15,49.25,180,236.42
2024-10-28 16:00:00+05:30,2024-10-28,2024,10,October,28,302,16,Monday,28.08,245.27,61.92,True,Equinox,15,61.92,180,245.27
2024-10-28 17:00:00+05:30,2024-10-28,2024,10,October,28,302,17,Monday,14.63,251.36,75.37,True,Equinox,15,75.37,180,251.36
2024-10-28 18:00:00+05:30,2024-10-28,2024,10,October,28,302,18,Monday,0.75,255.9,89.25,True,Equinox,15,89.25,180,255.9
2024-10-29 07:00:00+05:30,2024-10-29,2024,10,October,29,303,7,Tuesday,6.19,105.93,83.81,True,Equinox,15,83.81,180,105.93
2024-10-29 08:00:00+05:30,2024-10-29,2024,10,October,29,303,8,Tuesday,19.91,111.01,70.09,True,Equinox,15,70.09,180,111.01
2024-10-29 09:00:00+05:30,2024-10-29,2024,10,October,29,303,9,Tuesday,33.07,118.04,56.93,True,Equinox,15,56.93,180,118.04
2024-10-29 10:00:00+05:30,2024-10-29,2024,10,October,29,303,10,Tuesday,45.19,128.55,44.81,True,Equinox,15,44.81,180,128.55
2024-10-29 11:00:00+05:30,2024-10-29,2024,10,October,29,303,11,Tuesday,55.14,145.33,34.86,True,Equinox,15,34.86,180,145.33
2024-10-29 12:00:00+05:30,2024-10-29,2024,10,October,29,303,12,Tuesday,60.63,170.97,29.37,True,Equinox,15,29.37,180,170.97
2024-10-29 13:00:00+05:30,2024-10-29,2024,10,October,29,303,13,Tuesday,59.18,200.14,30.82,True,Equinox,15,30.82,180,200.14
2024-10-29 14:00:00+05:30,2024-10-29,2024,10,October,29,303,14,Tuesday,51.56,222.21,38.44,True,Equinox,15,38.44,180,222.21
2024-10-29 15:00:00+05:30,2024-10-29,2024,10,October,29,303,15,Tuesday,40.55,236.08,49.45,True,Equinox,15,49.45,180,236.08
2024-10-29 16:00:00+05:30,2024-10-29,2024,10,October,29,303,16,Tuesday,27.92,244.94,62.08,True,Equinox,15,62.08,180,244.94
2024-10-29 17:00:00+05:30,2024-10-29,2024,10,October,29,303,17,Tuesday,14.5,251.04,75.5,True,Equinox,15,75.5,180,251.04
2024-10-29 18:00:00+05:30,2024-10-29,2024,10,October,29,303,18,Tuesday,0.64,255.58,89.36,True,Equinox,15,89.36,180,255.58
2024-10-30 07:00:00+05:30,2024-10-30,2024,10,October,30,304,7,Wednesday,6.1,106.25,83.9,True,Equinox,15,83.9,180,106.25
2024-10-30 08:00:00+05:30,2024-10-30,2024,10,October,30,304,8,Wednesday,19.79,111.34,70.21,True,Equinox,15,70.21,180,111.34
2024-10-30 09:00:00+05:30,2024-10-30,2024,10,October,30,304,9,Wednesday,32.92,118.39,57.08,True,Equinox,15,57.08,180,118.39
2024-10-30 10:00:00+05:30,2024-10-30,2024,10,October,30,304,10,Wednesday,44.99,128.92,45.01,True,Equinox,15,45.01,180,128.92
2024-10-30 11:00:00+05:30,2024-10-30,2024,10,October,30,304,11,Wednesday,54.88,145.67,35.12,True,Equinox,15,35.12,180,145.67
2024-10-30 12:00:00+05:30,2024-10-30,2024,10,October,30,304,12,Wednesday,60.31,171.1,29.69,True,Equinox,15,29.69,180,171.1
2024-10-30 13:00:00+05:30,2024-10-30,2024,10,October,30,304,13,Wednesday,58.87,199.94,31.13,True,Equinox,15,31.13,180,199.94
2024-10-30 14:00:00+05:30,2024-10-30,2024,10,October,30,304,14,Wednesday,51.3,221.88,38.7,True,Equinox,15,38.7,180,221.88
2024-10-30 15:00:00+05:30,2024-10-30,2024,10,October,30,304,15,Wednesday,40.35,235.73,49.65,True,Equinox,15,49.65,180,235.73
2024-10-30 16:00:00+05:30,2024-10-30,2024,10,October,30,304,16,Wednesday,27.77,244.61,62.23,True,Equinox,15,62.23,180,244.61
2024-10-30 17:00:00+05:30,2024-10-30,2024,10,October,30,304,17,Wednesday,14.38,250.73,75.62,True,Equinox,15,75.62,180,250.73
2024-10-30 18:00:00+05:30,2024-10-30,2024,10,October,30,304,18,Wednesday,0.54,255.27,89.46,True,Equinox,15,89.46,180,255.27
2024-10-31 07:00:00+05:30,2024-10-31,2024,10,October,31,305,7,Thursday,6.01,106.56,83.99,True,Equinox,15,83.99,180,106.56
2024-10-31 08:00:00+05:30,2024-10-31,2024,10,October,31,305,8,Thursday,19.68,111.67,70.32,True,Equinox,15,70.32,180,111.67
2024-10-31 09:00:00+05:30,2024-10-31,2024,10,October,31,305,9,Thursday,32.78,118.73,57.22,True,Equinox,15,57.22,180,118.73
2024-10-31 10:00:00+05:30,2024-10-31,2024,10,October,31,305,10,Thursday,44.79,129.29,45.21,True,Equinox,15,45.21,180,129.29
2024-10-31 11:00:00+05:30,2024-10-31,2024,10,October,31,305,11,Thursday,54.61,146.0,35.39,True,Equinox,15,35.39,180,146.0
2024-10-31 12:00:00+05:30,2024-10-31,2024,10,October,31,305,12,Thursday,59.99,171.22,30.01,True,Equinox,15,30.01,180,171.22
2024-10-31 13:00:00+05:30,2024-10-31,2024,10,October,31,305,13,Thursday,58.56,199.75,31.44,True,Equinox,15,31.44,180,199.75
2024-10-31 14:00:00+05:30,2024-10-31,2024,10,October,31,305,14,Thursday,51.05,221.55,38.95,True,Equinox,15,38.95,180,221.55
2024-10-31 15:00:00+05:30,2024-10-31,2024,10,October,31,305,15,Thursday,40.16,235.39,49.84,True,Equinox,15,49.84,180,235.39
2024-10-31 16:00:00+05:30,2024-10-31,2024,10,October,31,305,16,Thursday,27.62,244.29,62.38,True,Equinox,15,62.38,180,244.29
2024-10-31 17:00:00+05:30,2024-10-31,2024,10,October,31,305,17,Thursday,14.26,250.42,75.74,True,Equinox,15,75.74,180,250.42
2024-10-31 18:00:00+05:30,2024-10-31,2024,10,October,31,305,18,Thursday,0.44,254.97,89.56,True,Equinox,15,89.56,180,254.97
2024-11-01 07:00:00+05:30,2024-11-01,2024,11,November,1,306,7,Friday,5.92,106.87,84.08,True,Winter,30,84.08,180,106.87
2024-11-01 08:00:00+05:30,2024-11-01,2024,11,November,1,306,8,Friday,19.56,111.98,70.44,True,Winter,30,70.44,180,111.98
2024-11-01 09:00:00+05:30,2024-11-01,2024,11,November,1,306,9,Friday,32.62,119.07,57.38,True,Winter,30,57.38,180,119.07
2024-11-01 10:00:00+05:30,2024-11-01,2024,11,November,1,306,10,Friday,44.59,129.64,45.41,True,Winter,30,45.41,180,129.64
2024-11-01 11:00:00+05:30,2024-11-01,2024,11,November,1,306,11,Friday,54.35,146.31,35.65,True,Winter,30,35.65,180,146.31
2024-11-01 12:00:00+05:30,2024-11-01,2024,11,November,1,306,12,Friday,59.68,171.33,30.32,True,Winter,30,30.32,180,171.33
2024-11-01 13:00:00+05:30,2024-11-01,2024,11,November,1,306,13,Friday,58.25,199.56,31.75,True,Winter,30,31.75,180,199.56
2024-11-01 14:00:00+05:30,2024-11-01,2024,11,November,1,306,14,Friday,50.81,221.22,39.19,True,Winter,30,39.19,180,221.22
2024-11-01 15:00:00+05:30,2024-11-01,2024,11,November,1,306,15,Friday,39.97,235.05,50.03,True,Winter,30,50.03,180,235.05
2024-11-01 16:00:00+05:30,2024-11-01,2024,11,November,1,306,16,Friday,27.47,243.97,62.53,True,Winter,30,62.53,180,243.97
2024-11-01 17:00:00+05:30,2024-11-01,2024,11,November,1,306,17,Friday,14.14,250.11,75.86,True,Winter,30,75.86,180,250.11
2024-11-01 18:00:00+05:30,2024-11-01,2024,11,November,1,306,18,Friday,0.35,254.66,89.65,True,Winter,30,89.65,180,254.66
2024-11-02 07:00:00+05:30,2024-11-02,2024,11,November,2,307,7,Saturday,5.83,107.18,84.17,True,Winter,30,84.17,180,107.18
2024-11-02 08:00:00+05:30,2024-11-02,2024,11,November,2,307,8,Saturday,19.45,112.3,70.55,True,Winter,30,70.55,180,112.3
2024-11-02 09:00:00+05:30,2024-11-02,2024,11,November,2,307,9,Saturday,32.47,119.4,57.53,True,Winter,30,57.53,180,119.4
2024-11-02 10:00:00+05:30,2024-11-02,2024,11,November,2,307,10,Saturday,44.39,129.98,45.61,True,Winter,30,45.61,180,129.98
2024-11-02 11:00:00+05:30,2024-11-02,2024,11,November,2,307,11,Saturday,54.09,146.62,35.91,True,Winter,30,35.91,180,146.62
2024-11-02 12:00:00+05:30,2024-11-02,2024,11,November,2,307,12,Saturday,59.36,171.43,30.64,True,Winter,30,30.64,180,171.43
2024-11-02 13:00:00+05:30,2024-11-02,2024,11,November,2,307,13,Saturday,57.95,199.37,32.05,True,Winter,30,32.05,180,199.37
2024-11-02 14:00:00+05:30,2024-11-02,2024,11,November,2,307,14,Saturday,50.57,220.9,39.43,True,Winter,30,39.43,180,220.9
2024-11-02 15:00:00+05:30,2024-11-02,2024,11,November,2,307,15,Saturday,39.78,234.72,50.22,True,Winter,30,50.22,180,234.72
2024-11-02 16:00:00+05:30,2024-11-02,2024,11,November,2,307,16,Saturday,27.33,243.65,62.67,True,Winter,30,62.67,180,243.65
2024-11-02 17:00:00+05:30,2024-11-02,2024,11,November,2,307,17,Saturday,14.03,249.81,75.97,True,Winter,30,75.97,180,249.81
2024-11-02 18:00:00+05:30,2024-11-02,2024,11,November,2,307,18,Saturday,0.26,254.36,89.74,True,Winter,30,89.74,180,254.36
2024-11-03 07:00:00+05:30,2024-11-03,2024,11,November,3,308,7,Sunday,5.74,107.48,84.26,True,Winter,30,84.26,180,107.48
2024-11-03 08:00:00+05:30,2024-11-03,2024,11,November,3,308,8,Sunday,19.33,112.6,70.67,True,Winter,30,70.67,180,112.6
2024-11-03 09:00:00+05:30,2024-11-03,2024,11,November,3,308,9,Sunday,32.32,119.72,57.68,True,Winter,30,57.68,180,119.72
2024-11-03 10:00:00+05:30,2024-11-03,2024,11,November,3,308,10,Sunday,44.19,130.32,45.81,True,Winter,30,45.81,180,130.32
2024-11-03 11:00:00+05:30,2024-11-03,2024,11,November,3,308,11,Sunday,53.83,146.91,36.17,True,Winter,30,36.17,180,146.91
2024-11-03 12:00:00+05:30,2024-11-03,2024,11,November,3,308,12,Sunday,59.06,171.52,30.94,True,Winter,30,30.94,180,171.52
2024-11-03 13:00:00+05:30,2024-11-03,2024,11,November,3,308,13,Sunday,57.66,199.17,32.34,True,Winter,30,32.34,180,199.17
2024-11-03 14:00:00+05:30,2024-11-03,2024,11,November,3,308,14,Sunday,50.33,220.58,39.67,True,Winter,30,39.67,180,220.58
2024-11-03 15:00:00+05:30,2024-11-03,2024,11,November,3,308,15,Sunday,39.6,234.39,50.4,True,Winter,30,50.4,180,234.39
2024-11-03 16:00:00+05:30,2024-11-03,2024,11,November,3,308,16,Sunday,27.19,243.34,62.81,True,Winter,30,62.81,180,243.34
2024-11-03 17:00:00+05:30,2024-11-03,2024,11,November,3,308,17,Sunday,13.92,249.51,76.08,True,Winter,30,76.08,180,249.51
2024-11-03 18:00:00+05:30,2024-11-03,2024,11,November,3,308,18,Sunday,0.17,254.06,89.83,True,Winter,30,89.83,180,254.06
2024-11-04 07:00:00+05:30,2024-11-04,2024,11,November,4,309,7,Monday,5.64,107.77,84.36,True,Winter,30,84.36,180,107.77
2024-11-04 08:00:00+05:30,2024-11-04,2024,11,November,4,309,8,Monday,19.2,112.9,70.8,True,Winter,30,70.8,180,112.9
2024-11-04 09:00:00+05:30,2024-11-04,2024,11,November,4,309,9,Monday,32.16,120.03,57.84,True,Winter,30,57.84,180,120.03
2024-11-04 10:00:00+05:30,2024-11-04,2024,11,November,4,309,10,Monday,43.99,130.64,46.01,True,Winter,30,46.01,180,130.64
2024-11-04 11:00:00+05:30,2024-11-04,2024,11,November,4,309,11,Monday,53.57,147.19,36.43,True,Winter,30,36.43,180,147.19
2024-11-04 12:00:00+05:30,2024-11-04,2024,11,November,4,309,12,Monday,58.75,171.6,31.25,True,Winter,30,31.25,180,171.6
2024-11-04 13:00:00+05:30,2024-11-04,2024,11,November,4,309,13,Monday,57.37,198.98,32.63,True,Winter,30,32.63,180,198.98
2024-11-04 14:00:00+05:30,2024-11-04,2024,11,November,4,309,14,Monday,50.1,220.26,39.9,True,Winter,30,39.9,180,220.26
2024-11-04 15:00:00+05:30,2024-11-04,2024,11,November,4,309,15,Monday,39.42,234.06,50.58,True,Winter,30,50.58,180,234.06
2024-11-04 16:00:00+05:30,2024-11-04,2024,11,November,4,309,16,Monday,27.05,243.03,62.95,True,Winter,30,62.95,180,243.03
2024-11-04 17:00:00+05:30,2024-11-04,2024,11,November,4,309,17,Monday,13.81,249.21,76.19,True,Winter,30,76.19,180,249.21
2024-11-04 18:00:00+05:30,2024-11-04,2024,11,November,4,309,18,Monday,0.09,253.76,89.91,True,Winter,30,89.91,180,253.76
2024-11-05 07:00:00+05:30,2024-11-05,2024,11,November,5,310,7,Tuesday,5.54,108.06,84.46,True,Winter,30,84.46,180,108.06
2024-11-05 08:00:00+05:30,2024-11-05,2024,11,November,5,310,8,Tuesday,19.08,113.2,70.92,True,Winter,30,70.92,180,113.2
2024-11-05 09:00:00+05:30,2024-11-05,2024,11,November,5,310,9,Tuesday,32.0,120.34,58.0,True,Winter,30,58.0,180,120.34
2024-11-05 10:00:00+05:30,2024-11-05,2024,11,November,5,310,10,Tuesday,43.79,130.95,46.21,True,Winter,30,46.21,180,130.95
2024-11-05 11:00:00+05:30,2024-11-05,2024,11,November,5,310,11,Tuesday,53.31,147.45,36.69,True,Winter,30,36.69,180,147.45
2024-11-05 12:00:00+05:30,2024-11-05,2024,11,November,5,310,12,Tuesday,58.45,171.67,31.55,True,Winter,30,31.55,180,171.67
2024-11-05 13:00:00+05:30,2024-11-05,2024,11,November,5,310,13,Tuesday,57.08,198.78,32.92,True,Winter,30,32.92,180,198.78
2024-11-05 14:00:00+05:30,2024-11-05,2024,11,November,5,310,14,Tuesday,49.87,219.95,40.13,True,Winter,30,40.13,180,219.95
2024-11-05 15:00:00+05:30,2024-11-05,2024,11,November,5,310,15,Tuesday,39.25,233.74,50.75,True,Winter,30,50.75,180,233.74
2024-11-05 16:00:00+05:30,2024-11-05,2024,11,November,5,310,16,Tuesday,26.92,242.72,63.08,True,Winter,30,63.08,180,242.72
2024-11-05 17:00:00+05:30,2024-11-05,2024,11,November,5,310,17,Tuesday,13.71,248.92,76.29,True,Winter,30,76.29,180,248.92
2024-11-05 18:00:00+05:30,2024-11-05,2024,11,November,5,310,18,Tuesday,0.02,253.47,89.98,True,Winter,30,89.98,180,253.47
2024-11-06 07:00:00+05:30,2024-11-06,2024,11,November,6,311,7,Wednesday,5.44,108.35,84.56,True,Winter,30,84.56,180,108.35
2024-11-06 08:00:00+05:30,2024-11-06,2024,11,November,6,311,8,Wednesday,18.95,113.48,71.05,True,Winter,30,71.05,180,113.48
2024-11-06 09:00:00+05:30,2024-11-06,2024,11,November,6,311,9,Wednesday,31.84,120.64,58.16,True,Winter,30,58.16,180,120.64
2024-11-06 10:00:00+05:30,2024-11-06,2024,11,November,6,311,10,Wednesday,43.58,131.26,46.42,True,Winter,30,46.42,180,131.26
2024-11-06 11:00:00+05:30,2024-11-06,2024,11,November,6,311,11,Wednesday,53.05,147.71,36.95,True,Winter,30,36.95,180,147.71
2024-11-06 12:00:00+05:30,2024-11-06,2024,11,November,6,311,12,Wednesday,58.15,171.73,31.85,True,Winter,30,31.85,180,171.73
2024-11-06 13:00:00+05:30,2024-11-06,2024,11,November,6,311,13,Wednesday,56.8,198.59,33.2,True,Winter,30,33.2,180,198.59
2024-11-06 14:00:00+05:30,2024-11-06,2024,11,November,6,311,14,Wednesday,49.65,219.64,40.35,True,Winter,30,40.35,180,219.64
2024-11-06 15:00:00+05:30,2024-11-06,2024,11,November,6,311,15,Wednesday,39.08,233.42,50.92,True,Winter,30,50.92,180,233.42
2024-11-06 16:00:00+05:30,2024-11-06,2024,11,November,6,311,16,Wednesday,26.8,242.42,63.2,True,Winter,30,63.2,180,242.42
2024-11-06 17:00:00+05:30,2024-11-06,2024,11,November,6,311,17,Wednesday,13.62,248.62,76.38,True,Winter,30,76.38,180,248.62
2024-11-07 07:00:00+05:30,2024-11-07,2024,11,November,7,312,7,Thursday,5.34,108.63,84.66,True,Winter,30,84.66,180,108.63
2024-11-07 08:00:00+05:30,2024-11-07,2024,11,November,7,312,8,Thursday,18.83,113.77,71.17,True,Winter,30,71.17,180,113.77
2024-11-07 09:00:00+05:30,2024-11-07,2024,11,November,7,312,9,Thursday,31.68,120.93,58.32,True,Winter,30,58.32,180,120.93
2024-11-07 10:00:00+05:30,2024-11-07,2024,11,November,7,312,10,Thursday,43.38,131.55,46.62,True,Winter,30,46.62,180,131.55
2024-11-07 11:00:00+05:30,2024-11-07,2024,11,November,7,312,11,Thursday,52.79,147.95,37.21,True,Winter,30,37.21,180,147.95
2024-11-07 12:00:00+05:30,2024-11-07,2024,11,November,7,312,12,Thursday,57.86,171.79,32.14,True,Winter,30,32.14,180,171.79
2024-11-07 13:00:00+05:30,2024-11-07,2024,11,November,7,312,13,Thursday,56.53,198.4,33.47,True,Winter,30,33.47,180,198.4
2024-11-07 14:00:00+05:30,2024-11-07,2024,11,November,7,312,14,Thursday,49.43,219.33,40.57,True,Winter,30,40.57,180,219.33
2024-11-07 15:00:00+05:30,2024-11-07,2024,11,November,7,312,15,Thursday,38.92,233.11,51.08,True,Winter,30,51.08,180,233.11
2024-11-07 16:00:00+05:30,2024-11-07,2024,11,November,7,312,16,Thursday,26.67,242.12,63.33,True,Winter,30,63.33,180,242.12
2024-11-07 17:00:00+05:30,2024-11-07,2024,11,November,7,312,17,Thursday,13.53,248.34,76.47,True,Winter,30,76.47,180,248.34
2024-11-08 07:00:00+05:30,2024-11-08,2024,11,November,8,313,7,Friday,5.24,108.9,84.76,True,Winter,30,84.76,180,108.9
2024-11-08 08:00:00+05:30,2024-11-08,2024,11,November,8,313,8,Friday,18.7,114.04,71.3,True,Winter,30,71.3,180,114.04
2024-11-08 09:00:00+05:30,2024-11-08,2024,11,November,8,313,9,Friday,31.52,121.22,58.48,True,Winter,30,58.48,180,121.22
2024-11-08 10:00:00+05:30,2024-11-08,2024,11,November,8,313,10,Friday,43.17,131.84,46.83,True,Winter,30,46.83,180,131.84
2024-11-08 11:00:00+05:30,2024-11-08,2024,11,November,8,313,11,Friday,52.54,148.18,37.46,True,Winter,30,37.46,180,148.18
2024-11-08 12:00:00+05:30,2024-11-08,2024,11,November,8,313,12,Friday,57.57,171.84,32.43,True,Winter,30,32.43,180,171.84
2024-11-08 13:00:00+05:30,2024-11-08,2024,11,November,8,313,13,Friday,56.26,198.2,33.74,True,Winter,30,33.74,180,198.2
2024-11-08 14:00:00+05:30,2024-11-08,2024,11,November,8,313,14,Friday,49.22,219.03,40.78,True,Winter,30,40.78,180,219.03
2024-11-08 15:00:00+05:30,2024-11-08,2024,11,November,8,313,15,Friday,38.76,232.8,51.24,True,Winter,30,51.24,180,232.8
2024-11-08 16:00:00+05:30,2024-11-08,2024,11,November,8,313,16,Friday,26.56,241.82,63.44,True,Winter,30,63.44,180,241.82
2024-11-08 17:00:00+05:30,2024-11-08,2024,11,November,8,313,17,Friday,13.44,248.05,76.56,True,Winter,30,76.56,180,248.05
2024-11-09 07:00:00+05:30,2024-11-09,2024,11,November,9,314,7,Saturday,5.13,109.17,84.87,True,Winter,30,84.87,180,109.17
2024-11-09 08:00:00+05:30,2024-11-09,2024,11,November,9,314,8,Saturday,18.57,114.31,71.43,True,Winter,30,71.43,180,114.31
2024-11-09 09:00:00+05:30,2024-11-09,2024,11,November,9,314,9,Saturday,31.36,121.49,58.64,True,Winter,30,58.64,180,121.49
2024-11-09 10:00:00+05:30,2024-11-09,2024,11,November,9,314,10,Saturday,42.97,132.11,47.03,True,Winter,30,47.03,180,132.11
2024-11-09 11:00:00+05:30,2024-11-09,2024,11,November,9,314,11,Saturday,52.29,148.4,37.71,True,Winter,30,37.71,180,148.4
2024-11-09 12:00:00+05:30,2024-11-09,2024,11,November,9,314,12,Saturday,57.28,171.88,32.72,True,Winter,30,32.72,180,171.88
2024-11-09 13:00:00+05:30,2024-11-09,2024,11,November,9,314,13,Saturday,55.99,198.01,34.01,True,Winter,30,34.01,180,198.01
2024-11-09 14:00:00+05:30,2024-11-09,2024,11,November,9,314,14,Saturday,49.01,218.73,40.99,True,Winter,30,40.99,180,218.73
2024-11-09 15:00:00+05:30,2024-11-09,2024,11,November,9,314,15,Saturday,38.61,232.49,51.39,True,Winter,30,51.39,180,232.49
2024-11-09 16:00:00+05:30,2024-11-09,2024,11,November,9,314,16,Saturday,26.44,241.53,63.56,True,Winter,30,63.56,180,241.53
2024-11-09 17:00:00+05:30,2024-11-09,2024,11,November,9,314,17,Saturday,13.36,247.77,76.64,True,Winter,30,76.64,180,247.77
2024-11-10 07:00:00+05:30,2024-11-10,2024,11,November,10,315,7,Sunday,5.02,109.43,84.98,True,Winter,30,84.98,180,109.43
2024-11-10 08:00:00+05:30,2024-11-10,2024,11,November,10,315,8,Sunday,18.43,114.58,71.57,True,Winter,30,71.57,180,114.58
2024-11-10 09:00:00+05:30,2024-11-10,2024,11,November,10,315,9,Sunday,31.2,121.76,58.8,True,Winter,30,58.8,180,121.76
2024-11-10 10:00:00+05:30,2024-11-10,2024,11,November,10,315,10,Sunday,42.77,132.38,47.23,True,Winter,30,47.23,180,132.38
2024-11-10 11:00:00+05:30,2024-11-10,2024,11,November,10,315,11,Sunday,52.04,148.61,37.96,True,Winter,30,37.96,180,148.61
2024-11-10 12:00:00+05:30,2024-11-10,2024,11,November,10,315,12,Sunday,57.0,171.91,33.0,True,Winter,30,33.0,180,171.91
2024-11-10 13:00:00+05:30,2024-11-10,2024,11,November,10,315,13,Sunday,55.74,197.82,34.26,True,Winter,30,34.26,180,197.82
2024-11-10 14:00:00+05:30,2024-11-10,2024,11,November,10,315,14,Sunday,48.81,218.44,41.19,True,Winter,30,41.19,180,218.44
2024-11-10 15:00:00+05:30,2024-11-10,2024,11,November,10,315,15,Sunday,38.46,232.18,51.54,True,Winter,30,51.54,180,232.18
2024-11-10 16:00:00+05:30,2024-11-10,2024,11,November,10,315,16,Sunday,26.33,241.24,63.67,True,Winter,30,63.67,180,241.24
2024-11-10 17:00:00+05:30,2024-11-10,2024,11,November,10,315,17,Sunday,13.28,247.49,76.72,True,Winter,30,76.72,180,247.49
2024-11-11 07:00:00+05:30,2024-11-11,2024,11,November,11,316,7,Monday,4.91,109.69,85.09,True,Winter,30,85.09,180,109.69
2024-11-11 08:00:00+05:30,2024-11-11,2024,11,November,11,316,8,Monday,18.3,114.83,71.7,True,Winter,30,71.7,180,114.83
2024-11-11 09:00:00+05:30,2024-11-11,2024,11,November,11,316,9,Monday,31.03,122.02,58.97,True,Winter,30,58.97,180,122.02
2024-11-11 10:00:00+05:30,2024-11-11,2024,11,November,11,316,10,Monday,42.56,132.64,47.44,True,Winter,30,47.44,180,132.64
2024-11-11 11:00:00+05:30,2024-11-11,2024,11,November,11,316,11,Monday,51.79,148.81,38.21,True,Winter,30,38.21,180,148.81
2024-11-11 12:00:00+05:30,2024-11-11,2024,11,November,11,316,12,Monday,56.73,171.93,33.27,True,Winter,30,33.27,180,171.93
2024-11-11 13:00:00+05:30,2024-11-11,2024,11,November,11,316,13,Monday,55.48,197.62,34.52,True,Winter,30,34.52,180,197.62
2024-11-11 14:00:00+05:30,2024-11-11,2024,11,November,11,316,14,Monday,48.61,218.14,41.39,True,Winter,30,41.39,180,218.14
2024-11-11 15:00:00+05:30,2024-11-11,2024,11,November,11,316,15,Monday,38.31,231.88,51.69,True,Winter,30,51.69,180,231.88
2024-11-11 16:00:00+05:30,2024-11-11,2024,11,November,11,316,16,Monday,26.23,240.95,63.77,True,Winter,30,63.77,180,240.95
2024-11-11 17:00:00+05:30,2024-11-11,2024,11,November,11,316,17,Monday,13.2,247.22,76.8,True,Winter,30,76.8,180,247.22
2024-11-12 07:00:00+05:30,2024-11-12,2024,11,November,12,317,7,Tuesday,4.8,109.94,85.2,True,Winter,30,85.2,180,109.94
2024-11-12 08:00:00+05:30,2024-11-12,2024,11,November,12,317,8,Tuesday,18.17,115.08,71.83,True,Winter,30,71.83,180,115.08
2024-11-12 09:00:00+05:30,2024-11-12,2024,11,November,12,317,9,Tuesday,30.87,122.28,59.13,True,Winter,30,59.13,180,122.28
2024-11-12 10:00:00+05:30,2024-11-12,2024,11,November,12,317,10,Tuesday,42.36,132.88,47.64,True,Winter,30,47.64,180,132.88
2024-11-12 11:00:00+05:30,2024-11-12,2024,11,November,12,317,11,Tuesday,51.54,149.0,38.46,True,Winter,30,38.46,180,149.0
2024-11-12 12:00:00+05:30,2024-11-12,2024,11,November,12,317,12,Tuesday,56.45,171.95,33.55,True,Winter,30,33.55,180,171.95
2024-11-12 13:00:00+05:30,2024-11-12,2024,11,November,12,317,13,Tuesday,55.23,197.43,34.77,True,Winter,30,34.77,180,197.43
2024-11-12 14:00:00+05:30,2024-11-12,2024,11,November,12,317,14,Tuesday,48.42,217.85,41.58,True,Winter,30,41.58,180,217.85
2024-11-12 15:00:00+05:30,2024-11-12,2024,11,November,12,317,15,Tuesday,38.17,231.59,51.83,True,Winter,30,51.83,180,231.59
2024-11-12 16:00:00+05:30,2024-11-12,2024,11,November,12,317,16,Tuesday,26.13,240.67,63.87,True,Winter,30,63.87,180,240.67
2024-11-12 17:00:00+05:30,2024-11-12,2024,11,November,12,317,17,Tuesday,13.14,246.95,76.86,True,Winter,30,76.86,180,246.95
2024-11-13 07:00:00+05:30,2024-11-13,2024,11,November,13,318,7,Wednesday,4.69,110.18,85.31,True,Winter,30,85.31,180,110.18
2024-11-13 08:00:00+05:30,2024-11-13,2024,11,November,13,318,8,Wednesday,18.03,115.33,71.97,True,Winter,30,71.97,180,115.33
2024-11-13 09:00:00+05:30,2024-11-13,2024,11,November,13,318,9,Wednesday,30.7,122.52,59.3,True,Winter,30,59.3,180,122.52
2024-11-13 10:00:00+05:30,2024-11-13,2024,11,November,13,318,10,Wednesday,42.16,133.12,47.84,True,Winter,30,47.84,180,133.12
2024-11-13 11:00:00+05:30,2024-11-13,2024,11,November,13,318,11,Wednesday,51.3,149.18,38.7,True,Winter,30,38.7,180,149.18
2024-11-13 12:00:00+05:30,2024-11-13,2024,11,November,13,318,12,Wednesday,56.19,171.96,33.81,True,Winter,30,33.81,180,171.96
2024-11-13 13:00:00+05:30,2024-11-13,2024,11,November,13,318,13,Wednesday,54.99,197.23,35.01,True,Winter,30,35.01,180,197.23
2024-11-13 14:00:00+05:30,2024-11-13,2024,11,November,13,318,14,Wednesday,48.23,217.57,41.77,True,Winter,30,41.77,180,217.57
2024-11-13 15:00:00+05:30,2024-11-13,2024,11,November,13,318,15,Wednesday,38.04,231.3,51.96,True,Winter,30,51.96,180,231.3
2024-11-13 16:00:00+05:30,2024-11-13,2024,11,November,13,318,16,Wednesday,26.03,240.4,63.97,True,Winter,30,63.97,180,240.4
2024-11-13 17:00:00+05:30,2024-11-13,2024,11,November,13,318,17,Wednesday,13.07,246.69,76.93,True,Winter,30,76.93,180,246.69
2024-11-14 07:00:00+05:30,2024-11-14,2024,11,November,14,319,7,Thursday,4.58,110.42,85.42,True,Winter,30,85.42,180,110.42
2024-11-14 08:00:00+05:30,2024-11-14,2024,11,November,14,319,8,Thursday,17.89,115.56,72.11,True,Winter,30,72.11,180,115.56
2024-11-14 09:00:00+05:30,2024-11-14,2024,11,November,14,319,9,Thursday,30.54,122.76,59.46,True,Winter,30,59.46,180,122.76
2024-11-14 10:00:00+05:30,2024-11-14,2024,11,November,14,319,10,Thursday,41.96,133.35,48.04,True,Winter,30,48.04,180,133.35
2024-11-14 11:00:00+05:30,2024-11-14,2024,11,November,14,319,11,Thursday,51.06,149.34,38.94,True,Winter,30,38.94,180,149.34
2024-11-14 12:00:00+05:30,2024-11-14,2024,11,November,14,319,12,Thursday,55.92,171.96,34.08,True,Winter,30,34.08,180,171.96
2024-11-14 13:00:00+05:30,2024-11-14,2024,11,November,14,319,13,Thursday,54.75,197.04,35.25,True,Winter,30,35.25,180,197.04
2024-11-14 14:00:00+05:30,2024-11-14,2024,11,November,14,319,14,Thursday,48.05,217.29,41.95,True,Winter,30,41.95,180,217.29
2024-11-14 15:00:00+05:30,2024-11-14,2024,11,November,14,319,15,Thursday,37.91,231.01,52.09,True,Winter,30,52.09,180,231.01
2024-11-14 16:00:00+05:30,2024-11-14,2024,11,November,14,319,16,Thursday,25.94,240.12,64.06,True,Winter,30,64.06,180,240.12
2024-11-14 17:00:00+05:30,2024-11-14,2024,11,November,14,319,17,Thursday,13.01,246.43,76.99,True,Winter,30,76.99,180,246.43
2024-11-15 07:00:00+05:30,2024-11-15,2024,11,November,15,320,7,Friday,4.46,110.65,85.54,True,Winter,30,85.54,180,110.65
2024-11-15 08:00:00+05:30,2024-11-15,2024,11,November,15,320,8,Friday,17.76,115.79,72.24,True,Winter,30,72.24,180,115.79
2024-11-15 09:00:00+05:30,2024-11-15,2024,11,November,15,320,9,Friday,30.37,122.99,59.63,True,Winter,30,59.63,180,122.99
2024-11-15 10:00:00+05:30,2024-11-15,2024,11,November,15,320,10,Friday,41.75,133.56,48.25,True,Winter,30,48.25,180,133.56
2024-11-15 11:00:00+05:30,2024-11-15,2024,11,November,15,320,11,Friday,50.82,149.5,39.18,True,Winter,30,39.18,180,149.5
2024-11-15 12:00:00+05:30,2024-11-15,2024,11,November,15,320,12,Friday,55.67,171.96,34.33,True,Winter,30,34.33,180,171.96
2024-11-15 13:00:00+05:30,2024-11-15,2024,11,November,15,320,13,Friday,54.52,196.84,35.48,True,Winter,30,35.48,180,196.84
2024-11-15 14:00:00+05:30,2024-11-15,2024,11,November,15,320,14,Friday,47.87,217.01,42.13,True,Winter,30,42.13,180,217.01
2024-11-15 15:00:00+05:30,2024-11-15,2024,11,November,15,320,15,Friday,37.78,230.72,52.22,True,Winter,30,52.22,180,230.72
2024-11-15 16:00:00+05:30,2024-11-15,2024,11,November,15,320,16,Friday,25.86,239.85,64.14,True,Winter,30,64.14,180,239.85
2024-11-15 17:00:00+05:30,2024-11-15,2024,11,November,15,320,17,Friday,12.96,246.17,77.04,True,Winter,30,77.04,180,246.17
2024-11-16 07:00:00+05:30,2024-11-16,2024,11,November,16,321,7,Saturday,4.35,110.88,85.65,True,Winter,30,85.65,180,110.88
2024-11-16 08:00:00+05:30,2024-11-16,2024,11,November,16,321,8,Saturday,17.62,116.02,72.38,True,Winter,30,72.38,180,116.02
2024-11-16 09:00:00+05:30,2024-11-16,2024,11,November,16,321,9,Saturday,30.2,123.21,59.8,True,Winter,30,59.8,180,123.21
2024-11-16 10:00:00+05:30,2024-11-16,2024,11,November,16,321,10,Saturday,41.55,133.77,48.45,True,Winter,30,48.45,180,133.77
2024-11-16 11:00:00+05:30,2024-11-16,2024,11,November,16,321,11,Saturday,50.58,149.65,39.42,True,Winter,30,39.42,180,149.65
2024-11-16 12:00:00+05:30,2024-11-16,2024,11,November,16,321,12,Saturday,55.41,171.94,34.59,True,Winter,30,34.59,180,171.94
2024-11-16 13:00:00+05:30,2024-11-16,2024,11,November,16,321,13,Saturday,54.3,196.65,35.7,True,Winter,30,35.7,180,196.65
2024-11-16 14:00:00+05:30,2024-11-16,2024,11,November,16,321,14,Saturday,47.7,216.73,42.3,True,Winter,30,42.3,180,216.73
2024-11-16 15:00:00+05:30,2024-11-16,2024,11,November,16,321,15,Saturday,37.66,230.44,52.34,True,Winter,30,52.34,180,230.44
2024-11-16 16:00:00+05:30,2024-11-16,2024,11,November,16,321,16,Saturday,25.78,239.59,64.22,True,Winter,30,64.22,180,239.59
2024-11-16 17:00:00+05:30,2024-11-16,2024,11,November,16,321,17,Saturday,12.9,245.92,77.1,True,Winter,30,77.1,180,245.92
2024-11-17 07:00:00+05:30,2024-11-17,2024,11,November,17,322,7,Sunday,4.23,111.1,85.77,True,Winter,30,85.77,180,111.1
2024-11-17 08:00:00+05:30,2024-11-17,2024,11,November,17,322,8,Sunday,17.48,116.23,72.52,True,Winter,30,72.52,180,116.23
2024-11-17 09:00:00+05:30,2024-11-17,2024,11,November,17,322,9,Sunday,30.04,123.43,59.96,True,Winter,30,59.96,180,123.43
2024-11-17 10:00:00+05:30,2024-11-17,2024,11,November,17,322,10,Sunday,41.36,133.97,48.64,True,Winter,30,48.64,180,133.97
2024-11-17 11:00:00+05:30,2024-11-17,2024,11,November,17,322,11,Sunday,50.35,149.78,39.65,True,Winter,30,39.65,180,149.78
2024-11-17 12:00:00+05:30,2024-11-17,2024,11,November,17,322,12,Sunday,55.16,171.93,34.84,True,Winter,30,34.84,180,171.93
2024-11-17 13:00:00+05:30,2024-11-17,2024,11,November,17,322,13,Sunday,54.08,196.45,35.92,True,Winter,30,35.92,180,196.45
2024-11-17 14:00:00+05:30,2024-11-17,2024,11,November,17,322,14,Sunday,47.54,216.46,42.46,True,Winter,30,42.46,180,216.46
2024-11-17 15:00:00+05:30,2024-11-17,2024,11,November,17,322,15,Sunday,37.55,230.17,52.45,True,Winter,30,52.45,180,230.17
2024-11-17 16:00:00+05:30,2024-11-17,2024,11,November,17,322,16,Sunday,25.7,239.33,64.3,True,Winter,30,64.3,180,239.33
2024-11-17 17:00:00+05:30,2024-11-17,2024,11,November,17,322,17,Sunday,12.86,245.67,77.14,True,Winter,30,77.14,180,245.67
2024-11-18 07:00:00+05:30,2024-11-18,2024,11,November,18,323,7,Monday,4.11,111.31,85.89,True,Winter,30,85.89,180,111.31
2024-11-18 08:00:00+05:30,2024-11-18,2024,11,November,18,323,8,Monday,17.34,116.44,72.66,True,Winter,30,72.66,180,116.44
2024-11-18 09:00:00+05:30,2024-11-18,2024,11,November,18,323,9,Monday,29.87,123.63,60.13,True,Winter,30,60.13,180,123.63
2024-11-18 10:00:00+05:30,2024-11-18,2024,11,November,18,323,10,Monday,41.16,134.16,48.84,True,Winter,30,48.84,180,134.16
2024-11-18 11:00:00+05:30,2024-11-18,2024,11,November,18,323,11,Monday,50.12,149.91,39.88,True,Winter,30,39.88,180,149.91
2024-11-18 12:00:00+05:30,2024-11-18,2024,11,November,18,323,12,Monday,54.92,171.9,35.08,True,Winter,30,35.08,180,171.9
2024-11-18 13:00:00+05:30,2024-11-18,2024,11,November,18,323,13,Monday,53.86,196.25,36.14,True,Winter,30,36.14,180,196.25
2024-11-18 14:00:00+05:30,2024-11-18,2024,11,November,18,323,14,Monday,47.38,216.19,42.62,True,Winter,30,42.62,180,216.19
2024-11-18 15:00:00+05:30,2024-11-18,2024,11,November,18,323,15,Monday,37.44,229.89,52.56,True,Winter,30,52.56,180,229.89
2024-11-18 16:00:00+05:30,2024-11-18,2024,11,November,18,323,16,Monday,25.63,239.07,64.37,True,Winter,30,64.37,180,239.07
2024-11-18 17:00:00+05:30,2024-11-18,2024,11,November,18,323,17,Monday,12.82,245.42,77.18,True,Winter,30,77.18,180,245.42
2024-11-19 07:00:00+05:30,2024-11-19,2024,11,November,19,324,7,Tuesday,3.99,111.52,86.01,True,Winter,30,86.01,180,111.52
2024-11-19 08:00:00+05:30,2024-11-19,2024,11,November,19,324,8,Tuesday,17.2,116.64,72.8,True,Winter,30,72.8,180,116.64
2024-11-19 09:00:00+05:30,2024-11-19,2024,11,November,19,324,9,Tuesday,29.7,123.83,60.3,True,Winter,30,60.3,180,123.83
2024-11-19 10:00:00+05:30,2024-11-19,2024,11,November,19,324,10,Tuesday,40.96,134.34,49.04,True,Winter,30,49.04,180,134.34
2024-11-19 11:00:00+05:30,2024-11-19,2024,11,November,19,324,11,Tuesday,49.89,150.02,40.11,True,Winter,30,40.11,180,150.02
2024-11-19 12:00:00+05:30,2024-11-19,2024,11,November,19,324,12,Tuesday,54.68,171.87,35.32,True,Winter,30,35.32,180,171.87
2024-11-19 13:00:00+05:30,2024-11-19,2024,11,November,19,324,13,Tuesday,53.65,196.06,36.35,True,Winter,30,36.35,180,196.06
2024-11-19 14:00:00+05:30,2024-11-19,2024,11,November,19,324,14,Tuesday,47.22,215.92,42.78,True,Winter,30,42.78,180,215.92
2024-11-19 15:00:00+05:30,2024-11-19,2024,11,November,19,324,15,Tuesday,37.33,229.62,52.67,True,Winter,30,52.67,180,229.62
2024-11-19 16:00:00+05:30,2024-11-19,2024,11,November,19,324,16,Tuesday,25.57,238.82,64.43,True,Winter,30,64.43,180,238.82
2024-11-19 17:00:00+05:30,2024-11-19,2024,11,November,19,324,17,Tuesday,12.78,245.18,77.22,True,Winter,30,77.22,180,245.18
2024-11-20 07:00:00+05:30,2024-11-20,2024,11,November,20,325,7,Wednesday,3.87,111.72,86.13,True,Winter,30,86.13,180,111.72
2024-11-20 08:00:00+05:30,2024-11-20,2024,11,November,20,325,8,Wednesday,17.05,116.84,72.95,True,Winter,30,72.95,180,116.84
2024-11-20 09:00:00+05:30,2024-11-20,2024,11,November,20,325,9,Wednesday,29.54,124.02,60.46,True,Winter,30,60.46,180,124.02
2024-11-20 10:00:00+05:30,2024-11-20,2024,11,November,20,325,10,Wednesday,40.77,134.51,49.23,True,Winter,30,49.23,180,134.51
2024-11-20 11:00:00+05:30,2024-11-20,2024,11,November,20,325,11,Wednesday,49.67,150.13,40.33,True,Winter,30,40.33,180,150.13
2024-11-20 12:00:00+05:30,2024-11-20,2024,11,November,20,325,12,Wednesday,54.45,171.83,35.55,True,Winter,30,35.55,180,171.83
2024-11-20 13:00:00+05:30,2024-11-20,2024,11,November,20,325,13,Wednesday,53.45,195.86,36.55,True,Winter,30,36.55,180,195.86
2024-11-20 14:00:00+05:30,2024-11-20,2024,11,November,20,325,14,Wednesday,47.07,215.65,42.93,True,Winter,30,42.93,180,215.65
2024-11-20 15:00:00+05:30,2024-11-20,2024,11,November,20,325,15,Wednesday,37.24,229.36,52.76,True,Winter,30,52.76,180,229.36
2024-11-20 16:00:00+05:30,2024-11-20,2024,11,November,20,325,16,Wednesday,25.51,238.57,64.49,True,Winter,30,64.49,180,238.57
2024-11-20 17:00:00+05:30,2024-11-20,2024,11,November,20,325,17,Wednesday,12.75,244.95,77.25,True,Winter,30,77.25,180,244.95
2024-11-21 07:00:00+05:30,2024-11-21,2024,11,November,21,326,7,Thursday,3.74,111.92,86.26,True,Winter,30,86.26,180,111.92
2024-11-21 08:00:00+05:30,2024-11-21,2024,11,November,21,326,8,Thursday,16.91,117.02,73.09,True,Winter,30,73.09,180,117.02
2024-11-21 09:00:00+05:30,2024-11-21,2024,11,November,21,326,9,Thursday,29.37,124.2,60.63,True,Winter,30,60.63,180,124.2
2024-11-21 10:00:00+05:30,2024-11-21,2024,11,November,21,326,10,Thursday,40.57,134.67,49.43,True,Winter,30,49.43,180,134.67
2024-11-21 11:00:00+05:30,2024-11-21,2024,11,November,21,326,11,Thursday,49.45,150.22,40.55,True,Winter,30,40.55,180,150.22
2024-11-21 12:00:00+05:30,2024-11-21,2024,11,November,21,326,12,Thursday,54.23,171.79,35.77,True,Winter,30,35.77,180,171.79
2024-11-21 13:00:00+05:30,2024-11-21,2024,11,November,21,326,13,Thursday,53.26,195.66,36.74,True,Winter,30,36.74,180,195.66
2024-11-21 14:00:00+05:30,2024-11-21,2024,11,November,21,326,14,Thursday,46.93,215.39,43.07,True,Winter,30,43.07,180,215.39
2024-11-21 15:00:00+05:30,2024-11-21,2024,11,November,21,326,15,Thursday,37.14,229.1,52.86,True,Winter,30,52.86,180,229.1
2024-11-21 16:00:00+05:30,2024-11-21,2024,11,November,21,326,16,Thursday,25.45,238.32,64.55,True,Winter,30,64.55,180,238.32
2024-11-21 17:00:00+05:30,2024-11-21,2024,11,November,21,326,17,Thursday,12.72,244.71,77.28,True,Winter,30,77.28,180,244.71
2024-11-22 07:00:00+05:30,2024-11-22,2024,11,November,22,327,7,Friday,3.62,112.1,86.38,True,Winter,30,86.38,180,112.1
2024-11-22 08:00:00+05:30,2024-11-22,2024,11,November,22,327,8,Friday,16.77,117.2,73.23,True,Winter,30,73.23,180,117.2
2024-11-22 09:00:00+05:30,2024-11-22,2024,11,November,22,327,9,Friday,29.2,124.37,60.8,True,Winter,30,60.8,180,124.37
2024-11-22 10:00:00+05:30,2024-11-22,2024,11,November,22,327,10,Friday,40.38,134.82,49.62,True,Winter,30,49.62,180,134.82
2024-11-22 11:00:00+05:30,2024-11-22,2024,11,November,22,327,11,Friday,49.24,150.31,40.76,True,Winter,30,40.76,180,150.31
2024-11-22 12:00:00+05:30,2024-11-22,2024,11,November,22,327,12,Friday,54.01,171.74,35.99,True,Winter,30,35.99,180,171.74
2024-11-22 13:00:00+05:30,2024-11-22,2024,11,November,22,327,13,Friday,53.07,195.47,36.93,True,Winter,30,36.93,180,195.47
2024-11-22 14:00:00+05:30,2024-11-22,2024,11,November,22,327,14,Friday,46.8,215.13,43.2,True,Winter,30,43.2,180,215.13
2024-11-22 15:00:00+05:30,2024-11-22,2024,11,November,22,327,15,Friday,37.06,228.84,52.94,True,Winter,30,52.94,180,228.84
2024-11-22 16:00:00+05:30,2024-11-22,2024,11,November,22,327,16,Friday,25.4,238.08,64.6,True,Winter,30,64.6,180,238.08
2024-11-22 17:00:00+05:30,2024-11-22,2024,11,November,22,327,17,Friday,12.7,244.49,77.3,True,Winter,30,77.3,180,244.49
2024-11-23 07:00:00+05:30,2024-11-23,2024,11,November,23,328,7,Saturday,3.49,112.28,86.51,True,Winter,30,86.51,180,112.28
2024-11-23 08:00:00+05:30,2024-11-23,2024,11,November,23,328,8,Saturday,16.62,117.37,73.38,True,Winter,30,73.38,180,117.37
2024-11-23 09:00:00+05:30,2024-11-23,2024,11,November,23,328,9,Saturday,29.04,124.53,60.96,True,Winter,30,60.96,180,124.53
2024-11-23 10:00:00+05:30,2024-11-23,2024,11,November,23,328,10,Saturday,40.19,134.96,49.81,True,Winter,30,49.81,180,134.96
2024-11-23 11:00:00+05:30,2024-11-23,2024,11,November,23,328,11,Saturday,49.02,150.39,40.98,True,Winter,30,40.98,180,150.39
2024-11-23 12:00:00+05:30,2024-11-23,2024,11,November,23,328,12,Saturday,53.79,171.68,36.21,True,Winter,30,36.21,180,171.68
2024-11-23 13:00:00+05:30,2024-11-23,2024,11,November,23,328,13,Saturday,52.89,195.27,37.11,True,Winter,30,37.11,180,195.27
2024-11-23 14:00:00+05:30,2024-11-23,2024,11,November,23,328,14,Saturday,46.67,214.88,43.33,True,Winter,30,43.33,180,214.88
2024-11-23 15:00:00+05:30,2024-11-23,2024,11,November,23,328,15,Saturday,36.98,228.59,53.02,True,Winter,30,53.02,180,228.59
2024-11-23 16:00:00+05:30,2024-11-23,2024,11,November,23,328,16,Saturday,25.36,237.85,64.64,True,Winter,30,64.64,180,237.85
2024-11-23 17:00:00+05:30,2024-11-23,2024,11,November,23,328,17,Saturday,12.68,244.27,77.32,True,Winter,30,77.32,180,244.27
2024-11-24 07:00:00+05:30,2024-11-24,2024,11,November,24,329,7,Sunday,3.37,112.46,86.63,True,Winter,30,86.63,180,112.46
2024-11-24 08:00:00+05:30,2024-11-24,2024,11,November,24,329,8,Sunday,16.48,117.54,73.52,True,Winter,30,73.52,180,117.54
2024-11-24 09:00:00+05:30,2024-11-24,2024,11,November,24,329,9,Sunday,28.87,124.69,61.13,True,Winter,30,61.13,180,124.69
2024-11-24 10:00:00+05:30,2024-11-24,2024,11,November,24,329,10,Sunday,40.0,135.09,50.0,True,Winter,30,50.0,180,135.09
2024-11-24 11:00:00+05:30,2024-11-24,2024,11,November,24,329,11,Sunday,48.81,150.46,41.19,True,Winter,30,41.19,180,150.46
2024-11-24 12:00:00+05:30,2024-11-24,2024,11,November,24,329,12,Sunday,53.58,171.62,36.42,True,Winter,30,36.42,180,171.62
2024-11-24 13:00:00+05:30,2024-11-24,2024,11,November,24,329,13,Sunday,52.71,195.07,37.29,True,Winter,30,37.29,180,195.07
2024-11-24 14:00:00+05:30,2024-11-24,2024,11,November,24,329,14,Sunday,46.55,214.63,43.45,True,Winter,30,43.45,180,214.63
2024-11-24 15:00:00+05:30,2024-11-24,2024,11,November,24,329,15,Sunday,36.9,228.34,53.1,True,Winter,30,53.1,180,228.34
2024-11-24 16:00:00+05:30,2024-11-24,2024,11,November,24,329,16,Sunday,25.32,237.62,64.68,True,Winter,30,64.68,180,237.62
2024-11-24 17:00:00+05:30,2024-11-24,2024,11,November,24,329,17,Sunday,12.67,244.05,77.33,True,Winter,30,77.33,180,244.05
2024-11-25 07:00:00+05:30,2024-11-25,2024,11,November,25,330,7,Monday,3.24,112.62,86.76,True,Winter,30,86.76,180,112.62
2024-11-25 08:00:00+05:30,2024-11-25,2024,11,November,25,330,8,Monday,16.33,117.7,73.67,True,Winter,30,73.67,180,117.7
2024-11-25 09:00:00+05:30,2024-11-25,2024,11,November,25,330,9,Monday,28.71,124.83,61.29,True,Winter,30,61.29,180,124.83
2024-11-25 10:00:00+05:30,2024-11-25,2024,11,November,25,330,10,Monday,39.82,135.22,50.18,True,Winter,30,50.18,180,135.22
2024-11-25 11:00:00+05:30,2024-11-25,2024,11,November,25,330,11,Monday,48.61,150.51,41.39,True,Winter,30,41.39,180,150.51
2024-11-25 12:00:00+05:30,2024-11-25,2024,11,November,25,330,12,Monday,53.38,171.55,36.62,True,Winter,30,36.62,180,171.55
2024-11-25 13:00:00+05:30,2024-11-25,2024,11,November,25,330,13,Monday,52.54,194.87,37.46,True,Winter,30,37.46,180,194.87
2024-11-25 14:00:00+05:30,2024-11-25,2024,11,November,25,330,14,Monday,46.43,214.38,43.57,True,Winter,30,43.57,180,214.38
2024-11-25 15:00:00+05:30,2024-11-25,2024,11,November,25,330,15,Monday,36.83,228.1,53.17,True,Winter,30,53.17,180,228.1
2024-11-25 16:00:00+05:30,2024-11-25,2024,11,November,25,330,16,Monday,25.28,237.39,64.72,True,Winter,30,64.72,180,237.39
2024-11-25 17:00:00+05:30,2024-11-25,2024,11,November,25,330,17,Monday,12.67,243.84,77.33,True,Winter,30,77.33,180,243.84
2024-11-26 07:00:00+05:30,2024-11-26,2024,11,November,26,331,7,Tuesday,3.11,112.78,86.89,True,Winter,30,86.89,180,112.78
2024-11-26 08:00:00+05:30,2024-11-26,2024,11,November,26,331,8,Tuesday,16.19,117.85,73.81,True,Winter,30,73.81,180,117.85
2024-11-26 09:00:00+05:30,2024-11-26,2024,11,November,26,331,9,Tuesday,28.55,124.97,61.45,True,Winter,30,61.45,180,124.97
2024-11-26 10:00:00+05:30,2024-11-26,2024,11,November,26,331,10,Tuesday,39.63,135.33,50.37,True,Winter,30,50.37,180,135.33
2024-11-26 11:00:00+05:30,2024-11-26,2024,11,November,26,331,11,Tuesday,48.41,150.56,41.59,True,Winter,30,41.59,180,150.56
2024-11-26 12:00:00+05:30,2024-11-26,2024,11,November,26,331,12,Tuesday,53.18,171.48,36.82,True,Winter,30,36.82,180,171.48
2024-11-26 13:00:00+05:30,2024-11-26,2024,11,November,26,331,13,Tuesday,52.38,194.67,37.62,True,Winter,30,37.62,180,194.67
2024-11-26 14:00:00+05:30,2024-11-26,2024,11,November,26,331,14,Tuesday,46.32,214.13,43.68,True,Winter,30,43.68,180,214.13
2024-11-26 15:00:00+05:30,2024-11-26,2024,11,November,26,331,15,Tuesday,36.77,227.86,53.23,True,Winter,30,53.23,180,227.86
2024-11-26 16:00:00+05:30,2024-11-26,2024,11,November,26,331,16,Tuesday,25.26,237.17,64.74,True,Winter,30,64.74,180,237.17
2024-11-26 17:00:00+05:30,2024-11-26,2024,11,November,26,331,17,Tuesday,12.66,243.63,77.34,True,Winter,30,77.34,180,243.63
2024-11-27 07:00:00+05:30,2024-11-27,2024,11,November,27,332,7,Wednesday,2.98,112.93,87.02,True,Winter,30,87.02,180,112.93
2024-11-27 08:00:00+05:30,2024-11-27,2024,11,November,27,332,8,Wednesday,16.05,117.99,73.95,True,Winter,30,73.95,180,117.99
2024-11-27 09:00:00+05:30,2024-11-27,2024,11,November,27,332,9,Wednesday,28.39,125.1,61.61,True,Winter,30,61.61,180,125.1
2024-11-27 10:00:00+05:30,2024-11-27,2024,11,November,27,332,10,Wednesday,39.45,135.43,50.55,True,Winter,30,50.55,180,135.43
2024-11-27 11:00:00+05:30,2024-11-27,2024,11,November,27,332,11,Wednesday,48.21,150.61,41.79,True,Winter,30,41.79,180,150.61
2024-11-27 12:00:00+05:30,2024-11-27,2024,11,November,27,332,12,Wednesday,52.99,171.4,37.01,True,Winter,30,37.01,180,171.4
2024-11-27 13:00:00+05:30,2024-11-27,2024,11,November,27,332,13,Wednesday,52.22,194.48,37.78,True,Winter,30,37.78,180,194.48
2024-11-27 14:00:00+05:30,2024-11-27,2024,11,November,27,332,14,Wednesday,46.21,213.89,43.79,True,Winter,30,43.79,180,213.89
2024-11-27 15:00:00+05:30,2024-11-27,2024,11,November,27,332,15,Wednesday,36.71,227.62,53.29,True,Winter,30,53.29,180,227.62
2024-11-27 16:00:00+05:30,2024-11-27,2024,11,November,27,332,16,Wednesday,25.23,236.95,64.77,True,Winter,30,64.77,180,236.95
2024-11-27 17:00:00+05:30,2024-11-27,2024,11,November,27,332,17,Wednesday,12.67,243.43,77.33,True,Winter,30,77.33,180,243.43
2024-11-28 07:00:00+05:30,2024-11-28,2024,11,November,28,333,7,Thursday,2.86,113.08,87.14,True,Winter,30,87.14,180,113.08
2024-11-28 08:00:00+05:30,2024-11-28,2024,11,November,28,333,8,Thursday,15.9,118.12,74.1,True,Winter,30,74.1,180,118.12
2024-11-28 09:00:00+05:30,2024-11-28,2024,11,November,28,333,9,Thursday,28.22,125.23,61.78,True,Winter,30,61.78,180,125.23
2024-11-28 10:00:00+05:30,2024-11-28,2024,11,November,28,333,10,Thursday,39.27,135.53,50.73,True,Winter,30,50.73,180,135.53
2024-11-28 11:00:00+05:30,2024-11-28,2024,11,November,28,333,11,Thursday,48.02,150.64,41.98,True,Winter,30,41.98,180,150.64
2024-11-28 12:00:00+05:30,2024-11-28,2024,11,November,28,333,12,Thursday,52.8,171.32,37.2,True,Winter,30,37.2,180,171.32
2024-11-28 13:00:00+05:30,2024-11-28,2024,11,November,28,333,13,Thursday,52.07,194.28,37.93,True,Winter,30,37.93,180,194.28
2024-11-28 14:00:00+05:30,2024-11-28,2024,11,November,28,333,14,Thursday,46.12,213.65,43.88,True,Winter,30,43.88,180,213.65
2024-11-28 15:00:00+05:30,2024-11-28,2024,11,November,28,333,15,Thursday,36.66,227.39,53.34,True,Winter,30,53.34,180,227.39
2024-11-28 16:00:00+05:30,2024-11-28,2024,11,November,28,333,16,Thursday,25.21,236.74,64.79,True,Winter,30,64.79,180,236.74
2024-11-28 17:00:00+05:30,2024-11-28,2024,11,November,28,333,17,Thursday,12.67,243.23,77.33,True,Winter,30,77.33,180,243.23
2024-11-29 07:00:00+05:30,2024-11-29,2024,11,November,29,334,7,Friday,2.73,113.22,87.27,True,Winter,30,87.27,180,113.22
2024-11-29 08:00:00+05:30,2024-11-29,2024,11,November,29,334,8,Friday,15.76,118.25,74.24,True,Winter,30,74.24,180,118.25
2024-11-29 09:00:00+05:30,2024-11-29,2024,11,November,29,334,9,Friday,28.06,125.34,61.94,True,Winter,30,61.94,180,125.34
2024-11-29 10:00:00+05:30,2024-11-29,2024,11,November,29,334,10,Friday,39.1,135.61,50.9,True,Winter,30,50.9,180,135.61
2024-11-29 11:00:00+05:30,2024-11-29,2024,11,November,29,334,11,Friday,47.83,150.66,42.17,True,Winter,30,42.17,180,150.66
2024-11-29 12:00:00+05:30,2024-11-29,2024,11,November,29,334,12,Friday,52.62,171.23,37.38,True,Winter,30,37.38,180,171.23
2024-11-29 13:00:00+05:30,2024-11-29,2024,11,November,29,334,13,Friday,51.93,194.08,38.07,True,Winter,30,38.07,180,194.08
2024-11-29 14:00:00+05:30,2024-11-29,2024,11,November,29,334,14,Friday,46.02,213.41,43.98,True,Winter,30,43.98,180,213.41
2024-11-29 15:00:00+05:30,2024-11-29,2024,11,November,29,334,15,Friday,36.61,227.17,53.39,True,Winter,30,53.39,180,227.17
2024-11-29 16:00:00+05:30,2024-11-29,2024,11,November,29,334,16,Friday,25.2,236.54,64.8,True,Winter,30,64.8,180,236.54
2024-11-29 17:00:00+05:30,2024-11-29,2024,11,November,29,334,17,Friday,12.69,243.04,77.31,True,Winter,30,77.31,180,243.04
2024-11-30 07:00:00+05:30,2024-11-30,2024,11,November,30,335,7,Saturday,2.6,113.35,87.4,True,Winter,30,87.4,180,113.35
2024-11-30 08:00:00+05:30,2024-11-30,2024,11,November,30,335,8,Saturday,15.62,118.37,74.38,True,Winter,30,74.38,180,118.37
2024-11-30 09:00:00+05:30,2024-11-30,2024,11,November,30,335,9,Saturday,27.91,125.45,62.09,True,Winter,30,62.09,180,125.45
2024-11-30 10:00:00+05:30,2024-11-30,2024,11,November,30,335,10,Saturday,38.92,135.69,51.08,True,Winter,30,51.08,180,135.69
2024-11-30 11:00:00+05:30,2024-11-30,2024,11,November,30,335,11,Saturday,47.65,150.68,42.35,True,Winter,30,42.35,180,150.68
2024-11-30 12:00:00+05:30,2024-11-30,2024,11,November,30,335,12,Saturday,52.45,171.13,37.55,True,Winter,30,37.55,180,171.13
2024-11-30 13:00:00+05:30,2024-11-30,2024,11,November,30,335,13,Saturday,51.8,193.88,38.2,True,Winter,30,38.2,180,193.88
2024-11-30 14:00:00+05:30,2024-11-30,2024,11,November,30,335,14,Saturday,45.94,213.18,44.06,True,Winter,30,44.06,180,213.18
2024-11-30 15:00:00+05:30,2024-11-30,2024,11,November,30,335,15,Saturday,36.57,226.94,53.43,True,Winter,30,53.43,180,226.94
2024-11-30 16:00:00+05:30,2024-11-30,2024,11,November,30,335,16,Saturday,25.19,236.34,64.81,True,Winter,30,64.81,180,236.34
2024-11-30 17:00:00+05:30,2024-11-30,2024,11,November,30,335,17,Saturday,12.7,242.86,77.3,True,Winter,30,77.3,180,242.86
2024-12-01 07:00:00+05:30,2024-12-01,2024,12,December,1,336,7,Sunday,2.47,113.47,87.53,True,Winter,30,87.53,180,113.47
2024-12-01 08:00:00+05:30,2024-12-01,2024,12,December,1,336,8,Sunday,15.47,118.48,74.53,True,Winter,30,74.53,180,118.48
2024-12-01 09:00:00+05:30,2024-12-01,2024,12,December,1,336,9,Sunday,27.75,125.54,62.25,True,Winter,30,62.25,180,125.54
2024-12-01 10:00:00+05:30,2024-12-01,2024,12,December,1,336,10,Sunday,38.75,135.76,51.25,True,Winter,30,51.25,180,135.76
2024-12-01 11:00:00+05:30,2024-12-01,2024,12,December,1,336,11,Sunday,47.47,150.68,42.53,True,Winter,30,42.53,180,150.68
2024-12-01 12:00:00+05:30,2024-12-01,2024,12,December,1,336,12,Sunday,52.28,171.03,37.72,True,Winter,30,37.72,180,171.03
2024-12-01 13:00:00+05:30,2024-12-01,2024,12,December,1,336,13,Sunday,51.67,193.68,38.33,True,Winter,30,38.33,180,193.68
2024-12-01 14:00:00+05:30,2024-12-01,2024,12,December,1,336,14,Sunday,45.86,212.95,44.14,True,Winter,30,44.14,180,212.95
2024-12-01 15:00:00+05:30,2024-12-01,2024,12,December,1,336,15,Sunday,36.53,226.73,53.47,True,Winter,30,53.47,180,226.73
2024-12-01 16:00:00+05:30,2024-12-01,2024,12,December,1,336,16,Sunday,25.19,236.14,64.81,True,Winter,30,64.81,180,236.14
2024-12-01 17:00:00+05:30,2024-12-01,2024,12,December,1,336,17,Sunday,12.72,242.68,77.28,True,Winter,30,77.28,180,242.68
2024-12-02 07:00:00+05:30,2024-12-02,2024,12,December,2,337,7,Monday,2.34,113.59,87.66,True,Winter,30,87.66,180,113.59
2024-12-02 08:00:00+05:30,2024-12-02,2024,12,December,2,337,8,Monday,15.33,118.59,74.67,True,Winter,30,74.67,180,118.59
2024-12-02 09:00:00+05:30,2024-12-02,2024,12,December,2,337,9,Monday,27.6,125.63,62.4,True,Winter,30,62.4,180,125.63
2024-12-02 10:00:00+05:30,2024-12-02,2024,12,December,2,337,10,Monday,38.59,135.82,51.41,True,Winter,30,51.41,180,135.82
2024-12-02 11:00:00+05:30,2024-12-02,2024,12,December,2,337,11,Monday,47.3,150.68,42.7,True,Winter,30,42.7,180,150.68
2024-12-02 12:00:00+05:30,2024-12-02,2024,12,December,2,337,12,Monday,52.12,170.93,37.88,True,Winter,30,37.88,180,170.93
2024-12-02 13:00:00+05:30,2024-12-02,2024,12,December,2,337,13,Monday,51.54,193.49,38.46,True,Winter,30,38.46,180,193.49
2024-12-02 14:00:00+05:30,2024-12-02,2024,12,December,2,337,14,Monday,45.79,212.73,44.21,True,Winter,30,44.21,180,212.73
2024-12-02 15:00:00+05:30,2024-12-02,2024,12,December,2,337,15,Monday,36.5,226.52,53.5,True,Winter,30,53.5,180,226.52
2024-12-02 16:00:00+05:30,2024-12-02,2024,12,December,2,337,16,Monday,25.19,235.95,64.81,True,Winter,30,64.81,180,235.95
2024-12-02 17:00:00+05:30,2024-12-02,2024,12,December,2,337,17,Monday,12.75,242.5,77.25,True,Winter,30,77.25,180,242.5
2024-12-03 07:00:00+05:30,2024-12-03,2024,12,December,3,338,7,Tuesday,2.21,113.69,87.79,True,Winter,30,87.79,180,113.69
2024-12-03 08:00:00+05:30,2024-12-03,2024,12,December,3,338,8,Tuesday,15.19,118.68,74.81,True,Winter,30,74.81,180,118.68
2024-12-03 09:00:00+05:30,2024-12-03,2024,12,December,3,338,9,Tuesday,27.44,125.71,62.56,True,Winter,30,62.56,180,125.71
2024-12-03 10:00:00+05:30,2024-12-03,2024,12,December,3,338,10,Tuesday,38.42,135.87,51.58,True,Winter,30,51.58,180,135.87
2024-12-03 11:00:00+05:30,2024-12-03,2024,12,December,3,338,11,Tuesday,47.13,150.67,42.87,True,Winter,30,42.87,180,150.67
2024-12-03 12:00:00+05:30,2024-12-03,2024,12,December,3,338,12,Tuesday,51.96,170.82,38.04,True,Winter,30,38.04,180,170.82
2024-12-03 13:00:00+05:30,2024-12-03,2024,12,December,3,338,13,Tuesday,51.43,193.29,38.57,True,Winter,30,38.57,180,193.29
2024-12-03 14:00:00+05:30,2024-12-03,2024,12,December,3,338,14,Tuesday,45.72,212.51,44.28,True,Winter,30,44.28,180,212.51
2024-12-03 15:00:00+05:30,2024-12-03,2024,12,December,3,338,15,Tuesday,36.48,226.31,53.52,True,Winter,30,53.52,180,226.31
2024-12-03 16:00:00+05:30,2024-12-03,2024,12,December,3,338,16,Tuesday,25.2,235.76,64.8,True,Winter,30,64.8,180,235.76
2024-12-03 17:00:00+05:30,2024-12-03,2024,12,December,3,338,17,Tuesday,12.78,242.33,77.22,True,Winter,30,77.22,180,242.33
2024-12-04 07:00:00+05:30,2024-12-04,2024,12,December,4,339,7,Wednesday,2.08,113.8,87.92,True,Winter,30,87.92,180,113.8
2024-12-04 08:00:00+05:30,2024-12-04,2024,12,December,4,339,8,Wednesday,15.05,118.77,74.95,True,Winter,30,74.95,180,118.77
2024-12-04 09:00:00+05:30,2024-12-04,2024,12,December,4,339,9,Wednesday,27.29,125.78,62.71,True,Winter,30,62.71,180,125.78
2024-12-04 10:00:00+05:30,2024-12-04,2024,12,December,4,339,10,Wednesday,38.26,135.91,51.74,True,Winter,30,51.74,180,135.91
2024-12-04 11:00:00+05:30,2024-12-04,2024,12,December,4,339,11,Wednesday,46.97,150.65,43.03,True,Winter,30,43.03,180,150.65
2024-12-04 12:00:00+05:30,2024-12-04,2024,12,December,4,339,12,Wednesday,51.82,170.71,38.18,True,Winter,30,38.18,180,170.71
2024-12-04 13:00:00+05:30,2024-12-04,2024,12,December,4,339,13,Wednesday,51.32,193.09,38.68,True,Winter,30,38.68,180,193.09
2024-12-04 14:00:00+05:30,2024-12-04,2024,12,December,4,339,14,Wednesday,45.67,212.29,44.33,True,Winter,30,44.33,180,212.29
2024-12-04 15:00:00+05:30,2024-12-04,2024,12,December,4,339,15,Wednesday,36.46,226.11,53.54,True,Winter,30,53.54,180,226.11
2024-12-04 16:00:00+05:30,2024-12-04,2024,12,December,4,339,16,Wednesday,25.21,235.59,64.79,True,Winter,30,64.79,180,235.59
2024-12-04 17:00:00+05:30,2024-12-04,2024,12,December,4,339,17,Wednesday,12.82,242.17,77.18,True,Winter,30,77.18,180,242.17
2024-12-05 07:00:00+05:30,2024-12-05,2024,12,December,5,340,7,Thursday,1.95,113.89,88.05,True,Winter,30,88.05,180,113.89
2024-12-05 08:00:00+05:30,2024-12-05,2024,12,December,5,340,8,Thursday,14.91,118.85,75.09,True,Winter,30,75.09,180,118.85
2024-12-05 09:00:00+05:30,2024-12-05,2024,12,December,5,340,9,Thursday,27.14,125.85,62.86,True,Winter,30,62.86,180,125.85
2024-12-05 10:00:00+05:30,2024-12-05,2024,12,December,5,340,10,Thursday,38.11,135.95,51.89,True,Winter,30,51.89,180,135.95
2024-12-05 11:00:00+05:30,2024-12-05,2024,12,December,5,340,11,Thursday,46.81,150.63,43.19,True,Winter,30,43.19,180,150.63
2024-12-05 12:00:00+05:30,2024-12-05,2024,12,December,5,340,12,Thursday,51.67,170.59,38.33,True,Winter,30,38.33,180,170.59
2024-12-05 13:00:00+05:30,2024-12-05,2024,12,December,5,340,13,Thursday,51.22,192.9,38.78,True,Winter,30,38.78,180,192.9
2024-12-05 14:00:00+05:30,2024-12-05,2024,12,December,5,340,14,Thursday,45.61,212.07,44.39,True,Winter,30,44.39,180,212.07
2024-12-05 15:00:00+05:30,2024-12-05,2024,12,December,5,340,15,Thursday,36.45,225.91,53.55,True,Winter,30,53.55,180,225.91
2024-12-05 16:00:00+05:30,2024-12-05,2024,12,December,5,340,16,Thursday,25.23,235.41,64.77,True,Winter,30,64.77,180,235.41
2024-12-05 17:00:00+05:30,2024-12-05,2024,12,December,5,340,17,Thursday,12.86,242.01,77.14,True,Winter,30,77.14,180,242.01
2024-12-06 07:00:00+05:30,2024-12-06,2024,12,December,6,341,7,Friday,1.82,113.98,88.18,True,Winter,30,88.18,180,113.98
2024-12-06 08:00:00+05:30,2024-12-06,2024,12,December,6,341,8,Friday,14.77,118.93,75.23,True,Winter,30,75.23,180,118.93
2024-12-06 09:00:00+05:30,2024-12-06,2024,12,December,6,341,9,Friday,27.0,125.9,63.0,True,Winter,30,63.0,180,125.9
2024-12-06 10:00:00+05:30,2024-12-06,2024,12,December,6,341,10,Friday,37.95,135.97,52.05,True,Winter,30,52.05,180,135.97
2024-12-06 11:00:00+05:30,2024-12-06,2024,12,December,6,341,11,Friday,46.66,150.6,43.34,True,Winter,30,43.34,180,150.6
2024-12-06 12:00:00+05:30,2024-12-06,2024,12,December,6,341,12,Friday,51.54,170.47,38.46,True,Winter,30,38.46,180,170.47
2024-12-06 13:00:00+05:30,2024-12-06,2024,12,December,6,341,13,Friday,51.13,192.7,38.87,True,Winter,30,38.87,180,192.7
2024-12-06 14:00:00+05:30,2024-12-06,2024,12,December,6,341,14,Friday,45.57,211.86,44.43,True,Winter,30,44.43,180,211.86
2024-12-06 15:00:00+05:30,2024-12-06,2024,12,December,6,341,15,Friday,36.45,225.72,53.55,True,Winter,30,53.55,180,225.72
2024-12-06 16:00:00+05:30,2024-12-06,2024,12,December,6,341,16,Friday,25.26,235.24,64.74,True,Winter,30,64.74,180,235.24
2024-12-06 17:00:00+05:30,2024-12-06,2024,12,December,6,341,17,Friday,12.9,241.86,77.1,True,Winter,30,77.1,180,241.86
2024-12-07 07:00:00+05:30,2024-12-07,2024,12,December,7,342,7,Saturday,1.69,114.05,88.31,True,Winter,30,88.31,180,114.05
2024-12-07 08:00:00+05:30,2024-12-07,2024,12,December,7,342,8,Saturday,14.64,118.99,75.36,True,Winter,30,75.36,180,118.99
2024-12-07 09:00:00+05:30,2024-12-07,2024,12,December,7,342,9,Saturday,26.85,125.95,63.15,True,Winter,30,63.15,180,125.95
2024-12-07 10:00:00+05:30,2024-12-07,2024,12,December,7,342,10,Saturday,37.8,135.99,52.2,True,Winter,30,52.2,180,135.99
2024-12-07 11:00:00+05:30,2024-12-07,2024,12,December,7,342,11,Saturday,46.51,150.56,43.49,True,Winter,30,43.49,180,150.56
2024-12-07 12:00:00+05:30,2024-12-07,2024,12,December,7,342,12,Saturday,51.41,170.34,38.59,True,Winter,30,38.59,180,170.34
2024-12-07 13:00:00+05:30,2024-12-07,2024,12,December,7,342,13,Saturday,51.04,192.51,38.96,True,Winter,30,38.96,180,192.51
2024-12-07 14:00:00+05:30,2024-12-07,2024,12,December,7,342,14,Saturday,45.53,211.66,44.47,True,Winter,30,44.47,180,211.66
2024-12-07 15:00:00+05:30,2024-12-07,2024,12,December,7,342,15,Saturday,36.45,225.54,53.55,True,Winter,30,53.55,180,225.54
2024-12-07 16:00:00+05:30,2024-12-07,2024,12,December,7,342,16,Saturday,25.28,235.08,64.72,True,Winter,30,64.72,180,235.08
2024-12-07 17:00:00+05:30,2024-12-07,2024,12,December,7,342,17,Saturday,12.95,241.72,77.05,True,Winter,30,77.05,180,241.72
2024-12-08 07:00:00+05:30,2024-12-08,2024,12,December,8,343,7,Sunday,1.56,114.13,88.44,True,Winter,30,88.44,180,114.13
2024-12-08 08:00:00+05:30,2024-12-08,2024,12,December,8,343,8,Sunday,14.5,119.05,75.5,True,Winter,30,75.5,180,119.05
2024-12-08 09:00:00+05:30,2024-12-08,2024,12,December,8,343,9,Sunday,26.71,125.99,63.29,True,Winter,30,63.29,180,125.99
2024-12-08 10:00:00+05:30,2024-12-08,2024,12,December,8,343,10,Sunday,37.66,136.0,52.34,True,Winter,30,52.34,180,136.0
2024-12-08 11:00:00+05:30,2024-12-08,2024,12,December,8,343,11,Sunday,46.37,150.51,43.63,True,Winter,30,43.63,180,150.51
2024-12-08 12:00:00+05:30,2024-12-08,2024,12,December,8,343,12,Sunday,51.29,170.21,38.71,True,Winter,30,38.71,180,170.21
2024-12-08 13:00:00+05:30,2024-12-08,2024,12,December,8,343,13,Sunday,50.96,192.31,39.04,True,Winter,30,39.04,180,192.31
2024-12-08 14:00:00+05:30,2024-12-08,2024,12,December,8,343,14,Sunday,45.5,211.45,44.5,True,Winter,30,44.5,180,211.45
2024-12-08 15:00:00+05:30,2024-12-08,2024,12,December,8,343,15,Sunday,36.45,225.36,53.55,True,Winter,30,53.55,180,225.36
2024-12-08 16:00:00+05:30,2024-12-08,2024,12,December,8,343,16,Sunday,25.32,234.93,64.68,True,Winter,30,64.68,180,234.93
2024-12-08 17:00:00+05:30,2024-12-08,2024,12,December,8,343,17,Sunday,13.0,241.58,77.0,True,Winter,30,77.0,180,241.58
2024-12-08 18:00:00+05:30,2024-12-08,2024,12,December,8,343,18,Sunday,0.0,246.31,90.0,True,Winter,30,90.0,180,246.31
2024-12-09 07:00:00+05:30,2024-12-09,2024,12,December,9,344,7,Monday,1.44,114.19,88.56,True,Winter,30,88.56,180,114.19
2024-12-09 08:00:00+05:30,2024-12-09,2024,12,December,9,344,8,Monday,14.37,119.1,75.63,True,Winter,30,75.63,180,119.1
2024-12-09 09:00:00+05:30,2024-12-09,2024,12,December,9,344,9,Monday,26.57,126.02,63.43,True,Winter,30,63.43,180,126.02
2024-12-09 10:00:00+05:30,2024-12-09,2024,12,December,9,344,10,Monday,37.52,136.0,52.48,True,Winter,30,52.48,180,136.0
2024-12-09 11:00:00+05:30,2024-12-09,2024,12,December,9,344,11,Monday,46.23,150.46,43.77,True,Winter,30,43.77,180,150.46
2024-12-09 12:00:00+05:30,2024-12-09,2024,12,December,9,344,12,Monday,51.18,170.08,38.82,True,Winter,30,38.82,180,170.08
2024-12-09 13:00:00+05:30,2024-12-09,2024,12,December,9,344,13,Monday,50.89,192.12,39.11,True,Winter,30,39.11,180,192.12
2024-12-09 14:00:00+05:30,2024-12-09,2024,12,December,9,344,14,Monday,45.47,211.26,44.53,True,Winter,30,44.53,180,211.26
2024-12-09 15:00:00+05:30,2024-12-09,2024,12,December,9,344,15,Monday,36.46,225.18,53.54,True,Winter,30,53.54,180,225.18
2024-12-09 16:00:00+05:30,2024-12-09,2024,12,December,9,344,16,Monday,25.36,234.78,64.64,True,Winter,30,64.64,180,234.78
2024-12-09 17:00:00+05:30,2024-12-09,2024,12,December,9,344,17,Monday,13.06,241.45,76.94,True,Winter,30,76.94,180,241.45
2024-12-09 18:00:00+05:30,2024-12-09,2024,12,December,9,344,18,Monday,0.07,246.18,89.93,True,Winter,30,89.93,180,246.18
2024-12-10 07:00:00+05:30,2024-12-10,2024,12,December,10,345,7,Tuesday,1.31,114.25,88.69,True,Winter,30,88.69,180,114.25
2024-12-10 08:00:00+05:30,2024-12-10,2024,12,December,10,345,8,Tuesday,14.24,119.14,75.76,True,Winter,30,75.76,180,119.14
2024-12-10 09:00:00+05:30,2024-12-10,2024,12,December,10,345,9,Tuesday,26.43,126.05,63.57,True,Winter,30,63.57,180,126.05
2024-12-10 10:00:00+05:30,2024-12-10,2024,12,December,10,345,10,Tuesday,37.38,135.99,52.62,True,Winter,30,52.62,180,135.99
2024-12-10 11:00:00+05:30,2024-12-10,2024,12,December,10,345,11,Tuesday,46.1,150.39,43.9,True,Winter,30,43.9,180,150.39
2024-12-10 12:00:00+05:30,2024-12-10,2024,12,December,10,345,12,Tuesday,51.07,169.94,38.93,True,Winter,30,38.93,180,169.94
2024-12-10 13:00:00+05:30,2024-12-10,2024,12,December,10,345,13,Tuesday,50.83,191.93,39.17,True,Winter,30,39.17,180,191.93
2024-12-10 14:00:00+05:30,2024-12-10,2024,12,December,10,345,14,Tuesday,45.46,211.06,44.54,True,Winter,30,44.54,180,211.06
2024-12-10 15:00:00+05:30,2024-12-10,2024,12,December,10,345,15,Tuesday,36.48,225.01,53.52,True,Winter,30,53.52,180,225.01
2024-12-10 16:00:00+05:30,2024-12-10,2024,12,December,10,345,16,Tuesday,25.4,234.63,64.6,True,Winter,30,64.6,180,234.63
2024-12-10 17:00:00+05:30,2024-12-10,2024,12,December,10,345,17,Tuesday,13.12,241.32,76.88,True,Winter,30,76.88,180,241.32
2024-12-10 18:00:00+05:30,2024-12-10,2024,12,December,10,345,18,Tuesday,0.15,246.07,89.85,True,Winter,30,89.85,180,246.07
2024-12-11 07:00:00+05:30,2024-12-11,2024,12,December,11,346,7,Wednesday,1.18,114.29,88.82,True,Winter,30,88.82,180,114.29
2024-12-11 08:00:00+05:30,2024-12-11,2024,12,December,11,346,8,Wednesday,14.11,119.18,75.89,True,Winter,30,75.89,180,119.18
2024-12-11 09:00:00+05:30,2024-12-11,2024,12,December,11,346,9,Wednesday,26.3,126.06,63.7,True,Winter,30,63.7,180,126.06
2024-12-11 10:00:00+05:30,2024-12-11,2024,12,December,11,346,10,Wednesday,37.24,135.98,52.76,True,Winter,30,52.76,180,135.98
2024-12-11 11:00:00+05:30,2024-12-11,2024,12,December,11,346,11,Wednesday,45.98,150.33,44.02,True,Winter,30,44.02,180,150.33
2024-12-11 12:00:00+05:30,2024-12-11,2024,12,December,11,346,12,Wednesday,50.97,169.8,39.03,True,Winter,30,39.03,180,169.8
2024-12-11 13:00:00+05:30,2024-12-11,2024,12,December,11,346,13,Wednesday,50.77,191.74,39.23,True,Winter,30,39.23,180,191.74
2024-12-11 14:00:00+05:30,2024-12-11,2024,12,December,11,346,14,Wednesday,45.44,210.87,44.56,True,Winter,30,44.56,180,210.87
2024-12-11 15:00:00+05:30,2024-12-11,2024,12,December,11,346,15,Wednesday,36.51,224.85,53.49,True,Winter,30,53.49,180,224.85
2024-12-11 16:00:00+05:30,2024-12-11,2024,12,December,11,346,16,Wednesday,25.45,234.49,64.55,True,Winter,30,64.55,180,234.49
2024-12-11 17:00:00+05:30,2024-12-11,2024,12,December,11,346,17,Wednesday,13.19,241.2,76.81,True,Winter,30,76.81,180,241.2
2024-12-11 18:00:00+05:30,2024-12-11,2024,12,December,11,346,18,Wednesday,0.23,245.96,89.77,True,Winter,30,89.77,180,245.96
2024-12-12 07:00:00+05:30,2024-12-12,2024,12,December,12,347,7,Thursday,1.06,114.34,88.94,True,Winter,30,88.94,180,114.34
2024-12-12 08:00:00+05:30,2024-12-12,2024,12,December,12,347,8,Thursday,13.98,119.2,76.02,True,Winter,30,76.02,180,119.2
2024-12-12 09:00:00+05:30,2024-12-12,2024,12,December,12,347,9,Thursday,26.17,126.07,63.83,True,Winter,30,63.83,180,126.07
2024-12-12 10:00:00+05:30,2024-12-12,2024,12,December,12,347,10,Thursday,37.12,135.96,52.88,True,Winter,30,52.88,180,135.96
2024-12-12 11:00:00+05:30,2024-12-12,2024,12,December,12,347,11,Thursday,45.86,150.25,44.14,True,Winter,30,44.14,180,150.25
2024-12-12 12:00:00+05:30,2024-12-12,2024,12,December,12,347,12,Thursday,50.88,169.66,39.12,True,Winter,30,39.12,180,169.66
2024-12-12 13:00:00+05:30,2024-12-12,2024,12,December,12,347,13,Thursday,50.72,191.55,39.28,True,Winter,30,39.28,180,191.55
2024-12-12 14:00:00+05:30,2024-12-12,2024,12,December,12,347,14,Thursday,45.44,210.69,44.56,True,Winter,30,44.56,180,210.69
2024-12-12 15:00:00+05:30,2024-12-12,2024,12,December,12,347,15,Thursday,36.54,224.69,53.46,True,Winter,30,53.46,180,224.69
2024-12-12 16:00:00+05:30,2024-12-12,2024,12,December,12,347,16,Thursday,25.5,234.36,64.5,True,Winter,30,64.5,180,234.36
2024-12-12 17:00:00+05:30,2024-12-12,2024,12,December,12,347,17,Thursday,13.25,241.09,76.75,True,Winter,30,76.75,180,241.09
2024-12-12 18:00:00+05:30,2024-12-12,2024,12,December,12,347,18,Thursday,0.31,245.86,89.69,True,Winter,30,89.69,180,245.86
2024-12-13 07:00:00+05:30,2024-12-13,2024,12,December,13,348,7,Friday,0.94,114.37,89.06,True,Winter,30,89.06,180,114.37
2024-12-13 08:00:00+05:30,2024-12-13,2024,12,December,13,348,8,Friday,13.85,119.22,76.15,True,Winter,30,76.15,180,119.22
2024-12-13 09:00:00+05:30,2024-12-13,2024,12,December,13,348,9,Friday,26.04,126.07,63.96,True,Winter,30,63.96,180,126.07
2024-12-13 10:00:00+05:30,2024-12-13,2024,12,December,13,348,10,Friday,36.99,135.93,53.01,True,Winter,30,53.01,180,135.93
2024-12-13 11:00:00+05:30,2024-12-13,2024,12,December,13,348,11,Friday,45.74,150.17,44.26,True,Winter,30,44.26,180,150.17
2024-12-13 12:00:00+05:30,2024-12-13,2024,12,December,13,348,12,Friday,50.79,169.51,39.21,True,Winter,30,39.21,180,169.51
2024-12-13 13:00:00+05:30,2024-12-13,2024,12,December,13,348,13,Friday,50.68,191.36,39.32,True,Winter,30,39.32,180,191.36
2024-12-13 14:00:00+05:30,2024-12-13,2024,12,December,13,348,14,Friday,45.44,210.51,44.56,True,Winter,30,44.56,180,210.51
2024-12-13 15:00:00+05:30,2024-12-13,2024,12,December,13,348,15,Friday,36.57,224.54,53.43,True,Winter,30,53.43,180,224.54
2024-12-13 16:00:00+05:30,2024-12-13,2024,12,December,13,348,16,Friday,25.56,234.24,64.44,True,Winter,30,64.44,180,234.24
2024-12-13 17:00:00+05:30,2024-12-13,2024,12,December,13,348,17,Friday,13.33,240.99,76.67,True,Winter,30,76.67,180,240.99
2024-12-13 18:00:00+05:30,2024-12-13,2024,12,December,13,348,18,Friday,0.39,245.77,89.61,True,Winter,30,89.61,180,245.77
2024-12-14 07:00:00+05:30,2024-12-14,2024,12,December,14,349,7,Saturday,0.81,114.4,89.19,True,Winter,30,89.19,180,114.4
2024-12-14 08:00:00+05:30,2024-12-14,2024,12,December,14,349,8,Saturday,13.73,119.24,76.27,True,Winter,30,76.27,180,119.24
2024-12-14 09:00:00+05:30,2024-12-14,2024,12,December,14,349,9,Saturday,25.92,126.07,64.08,True,Winter,30,64.08,180,126.07
2024-12-14 10:00:00+05:30,2024-12-14,2024,12,December,14,349,10,Saturday,36.87,135.89,53.13,True,Winter,30,53.13,180,135.89
2024-12-14 11:00:00+05:30,2024-12-14,2024,12,December,14,349,11,Saturday,45.63,150.08,44.37,True,Winter,30,44.37,180,150.08
2024-12-14 12:00:00+05:30,2024-12-14,2024,12,December,14,349,12,Saturday,50.71,169.36,39.29,True,Winter,30,39.29,180,169.36
2024-12-14 13:00:00+05:30,2024-12-14,2024,12,December,14,349,13,Saturday,50.64,191.17,39.36,True,Winter,30,39.36,180,191.17
2024-12-14 14:00:00+05:30,2024-12-14,2024,12,December,14,349,14,Saturday,45.45,210.33,44.55,True,Winter,30,44.55,180,210.33
2024-12-14 15:00:00+05:30,2024-12-14,2024,12,December,14,349,15,Saturday,36.61,224.39,53.39,True,Winter,30,53.39,180,224.39
2024-12-14 16:00:00+05:30,2024-12-14,2024,12,December,14,349,16,Saturday,25.62,234.12,64.38,True,Winter,30,64.38,180,234.12
2024-12-14 17:00:00+05:30,2024-12-14,2024,12,December,14,349,17,Saturday,13.41,240.89,76.59,True,Winter,30,76.59,180,240.89
2024-12-14 18:00:00+05:30,2024-12-14,2024,12,December,14,349,18,Saturday,0.48,245.68,89.52,True,Winter,30,89.52,180,245.68
2024-12-15 07:00:00+05:30,2024-12-15,2024,12,December,15,350,7,Sunday,0.69,114.41,89.31,True,Winter,30,89.31,180,114.41
2024-12-15 08:00:00+05:30,2024-12-15,2024,12,December,15,350,8,Sunday,13.61,119.24,76.39,True,Winter,30,76.39,180,119.24
2024-12-15 09:00:00+05:30,2024-12-15,2024,12,December,15,350,9,Sunday,25.8,126.05,64.2,True,Winter,30,64.2,180,126.05
2024-12-15 10:00:00+05:30,2024-12-15,2024,12,December,15,350,10,Sunday,36.75,135.84,53.25,True,Winter,30,53.25,180,135.84
2024-12-15 11:00:00+05:30,2024-12-15,2024,12,December,15,350,11,Sunday,45.53,149.98,44.47,True,Winter,30,44.47,180,149.98
2024-12-15 12:00:00+05:30,2024-12-15,2024,12,December,15,350,12,Sunday,50.64,169.2,39.36,True,Winter,30,39.36,180,169.2
2024-12-15 13:00:00+05:30,2024-12-15,2024,12,December,15,350,13,Sunday,50.61,190.98,39.39,True,Winter,30,39.39,180,190.98
2024-12-15 14:00:00+05:30,2024-12-15,2024,12,December,15,350,14,Sunday,45.46,210.16,44.54,True,Winter,30,44.54,180,210.16
2024-12-15 15:00:00+05:30,2024-12-15,2024,12,December,15,350,15,Sunday,36.66,224.25,53.34,True,Winter,30,53.34,180,224.25
2024-12-15 16:00:00+05:30,2024-12-15,2024,12,December,15,350,16,Sunday,25.69,234.01,64.31,True,Winter,30,64.31,180,234.01
2024-12-15 17:00:00+05:30,2024-12-15,2024,12,December,15,350,17,Sunday,13.49,240.79,76.51,True,Winter,30,76.51,180,240.79
2024-12-15 18:00:00+05:30,2024-12-15,2024,12,December,15,350,18,Sunday,0.57,245.6,89.43,True,Winter,30,89.43,180,245.6
2024-12-16 07:00:00+05:30,2024-12-16,2024,12,December,16,351,7,Monday,0.57,114.42,89.43,True,Winter,30,89.43,180,114.42
2024-12-16 08:00:00+05:30,2024-12-16,2024,12,December,16,351,8,Monday,13.49,119.24,76.51,True,Winter,30,76.51,180,119.24
2024-12-16 09:00:00+05:30,2024-12-16,2024,12,December,16,351,9,Monday,25.68,126.03,64.32,True,Winter,30,64.32,180,126.03
2024-12-16 10:00:00+05:30,2024-12-16,2024,12,December,16,351,10,Monday,36.64,135.79,53.36,True,Winter,30,53.36,180,135.79
2024-12-16 11:00:00+05:30,2024-12-16,2024,12,December,16,351,11,Monday,45.44,149.88,44.56,True,Winter,30,44.56,180,149.88
2024-12-16 12:00:00+05:30,2024-12-16,2024,12,December,16,351,12,Monday,50.57,169.05,39.43,True,Winter,30,39.43,180,169.05
2024-12-16 13:00:00+05:30,2024-12-16,2024,12,December,16,351,13,Monday,50.59,190.8,39.41,True,Winter,30,39.41,180,190.8
2024-12-16 14:00:00+05:30,2024-12-16,2024,12,December,16,351,14,Monday,45.48,209.99,44.52,True,Winter,30,44.52,180,209.99
2024-12-16 15:00:00+05:30,2024-12-16,2024,12,December,16,351,15,Monday,36.71,224.12,53.29,True,Winter,30,53.29,180,224.12
2024-12-16 16:00:00+05:30,2024-12-16,2024,12,December,16,351,16,Monday,25.76,233.9,64.24,True,Winter,30,64.24,180,233.9
2024-12-16 17:00:00+05:30,2024-12-16,2024,12,December,16,351,17,Monday,13.57,240.71,76.43,True,Winter,30,76.43,180,240.71
2024-12-16 18:00:00+05:30,2024-12-16,2024,12,December,16,351,18,Monday,0.66,245.53,89.34,True,Winter,30,89.34,180,245.53
2024-12-17 07:00:00+05:30,2024-12-17,2024,12,December,17,352,7,Tuesday,0.46,114.43,89.54,True,Winter,30,89.54,180,114.43
2024-12-17 08:00:00+05:30,2024-12-17,2024,12,December,17,352,8,Tuesday,13.37,119.23,76.63,True,Winter,30,76.63,180,119.23
2024-12-17 09:00:00+05:30,2024-12-17,2024,12,December,17,352,9,Tuesday,25.57,126.0,64.43,True,Winter,30,64.43,180,126.0
2024-12-17 10:00:00+05:30,2024-12-17,2024,12,December,17,352,10,Tuesday,36.54,135.73,53.46,True,Winter,30,53.46,180,135.73
2024-12-17 11:00:00+05:30,2024-12-17,2024,12,December,17,352,11,Tuesday,45.35,149.78,44.65,True,Winter,30,44.65,180,149.78
2024-12-17 12:00:00+05:30,2024-12-17,2024,12,December,17,352,12,Tuesday,50.52,168.89,39.48,True,Winter,30,39.48,180,168.89
2024-12-17 13:00:00+05:30,2024-12-17,2024,12,December,17,352,13,Tuesday,50.58,190.62,39.42,True,Winter,30,39.42,180,190.62
2024-12-17 14:00:00+05:30,2024-12-17,2024,12,December,17,352,14,Tuesday,45.51,209.83,44.49,True,Winter,30,44.49,180,209.83
2024-12-17 15:00:00+05:30,2024-12-17,2024,12,December,17,352,15,Tuesday,36.77,223.99,53.23,True,Winter,30,53.23,180,223.99
2024-12-17 16:00:00+05:30,2024-12-17,2024,12,December,17,352,16,Tuesday,25.83,233.8,64.17,True,Winter,30,64.17,180,233.8
2024-12-17 17:00:00+05:30,2024-12-17,2024,12,December,17,352,17,Tuesday,13.66,240.63,76.34,True,Winter,30,76.34,180,240.63
2024-12-17 18:00:00+05:30,2024-12-17,2024,12,December,17,352,18,Tuesday,0.76,245.46,89.24,True,Winter,30,89.24,180,245.46
2024-12-18 07:00:00+05:30,2024-12-18,2024,12,December,18,353,7,Wednesday,0.34,114.42,89.66,True,Winter,30,89.66,180,114.42
2024-12-18 08:00:00+05:30,2024-12-18,2024,12,December,18,353,8,Wednesday,13.25,119.21,76.75,True,Winter,30,76.75,180,119.21
2024-12-18 09:00:00+05:30,2024-12-18,2024,12,December,18,353,9,Wednesday,25.45,125.96,64.55,True,Winter,30,64.55,180,125.96
2024-12-18 10:00:00+05:30,2024-12-18,2024,12,December,18,353,10,Wednesday,36.43,135.66,53.57,True,Winter,30,53.57,180,135.66
2024-12-18 11:00:00+05:30,2024-12-18,2024,12,December,18,353,11,Wednesday,45.26,149.66,44.74,True,Winter,30,44.74,180,149.66
2024-12-18 12:00:00+05:30,2024-12-18,2024,12,December,18,353,12,Wednesday,50.47,168.72,39.53,True,Winter,30,39.53,180,168.72
2024-12-18 13:00:00+05:30,2024-12-18,2024,12,December,18,353,13,Wednesday,50.57,190.43,39.43,True,Winter,30,39.43,180,190.43
2024-12-18 14:00:00+05:30,2024-12-18,2024,12,December,18,353,14,Wednesday,45.55,209.67,44.45,True,Winter,30,44.45,180,209.67
2024-12-18 15:00:00+05:30,2024-12-18,2024,12,December,18,353,15,Wednesday,36.83,223.87,53.17,True,Winter,30,53.17,180,223.87
2024-12-18 16:00:00+05:30,2024-12-18,2024,12,December,18,353,16,Wednesday,25.92,233.71,64.08,True,Winter,30,64.08,180,233.71
2024-12-18 17:00:00+05:30,2024-12-18,2024,12,December,18,353,17,Wednesday,13.75,240.56,76.25,True,Winter,30,76.25,180,240.56
2024-12-18 18:00:00+05:30,2024-12-18,2024,12,December,18,353,18,Wednesday,0.86,245.4,89.14,True,Winter,30,89.14,180,245.4
2024-12-19 07:00:00+05:30,2024-12-19,2024,12,December,19,354,7,Thursday,0.23,114.41,89.77,True,Winter,30,89.77,180,114.41
2024-12-19 08:00:00+05:30,2024-12-19,2024,12,December,19,354,8,Thursday,13.14,119.18,76.86,True,Winter,30,76.86,180,119.18
2024-12-19 09:00:00+05:30,2024-12-19,2024,12,December,19,354,9,Thursday,25.35,125.91,64.65,True,Winter,30,64.65,180,125.91
2024-12-19 10:00:00+05:30,2024-12-19,2024,12,December,19,354,10,Thursday,36.34,135.58,53.66,True,Winter,30,53.66,180,135.58
2024-12-19 11:00:00+05:30,2024-12-19,2024,12,December,19,354,11,Thursday,45.19,149.54,44.81,True,Winter,30,44.81,180,149.54
2024-12-19 12:00:00+05:30,2024-12-19,2024,12,December,19,354,12,Thursday,50.42,168.55,39.58,True,Winter,30,39.58,180,168.55
2024-12-19 13:00:00+05:30,2024-12-19,2024,12,December,19,354,13,Thursday,50.57,190.25,39.43,True,Winter,30,39.43,180,190.25
2024-12-19 14:00:00+05:30,2024-12-19,2024,12,December,19,354,14,Thursday,45.59,209.52,44.41,True,Winter,30,44.41,180,209.52
2024-12-19 15:00:00+05:30,2024-12-19,2024,12,December,19,354,15,Thursday,36.9,223.76,53.1,True,Winter,30,53.1,180,223.76
2024-12-19 16:00:00+05:30,2024-12-19,2024,12,December,19,354,16,Thursday,26.0,233.63,64.0,True,Winter,30,64.0,180,233.63
2024-12-19 17:00:00+05:30,2024-12-19,2024,12,December,19,354,17,Thursday,13.85,240.49,76.15,True,Winter,30,76.15,180,240.49
2024-12-19 18:00:00+05:30,2024-12-19,2024,12,December,19,354,18,Thursday,0.96,245.35,89.04,True,Winter,30,89.04,180,245.35
2024-12-20 07:00:00+05:30,2024-12-20,2024,12,December,20,355,7,Friday,0.11,114.39,89.89,True,Winter,30,89.89,180,114.39
2024-12-20 08:00:00+05:30,2024-12-20,2024,12,December,20,355,8,Friday,13.03,119.15,76.97,True,Winter,30,76.97,180,119.15
2024-12-20 09:00:00+05:30,2024-12-20,2024,12,December,20,355,9,Friday,25.24,125.86,64.76,True,Winter,30,64.76,180,125.86
2024-12-20 10:00:00+05:30,2024-12-20,2024,12,December,20,355,10,Friday,36.24,135.5,53.76,True,Winter,30,53.76,180,135.5
2024-12-20 11:00:00+05:30,2024-12-20,2024,12,December,20,355,11,Friday,45.11,149.42,44.89,True,Winter,30,44.89,180,149.42
2024-12-20 12:00:00+05:30,2024-12-20,2024,12,December,20,355,12,Friday,50.39,168.39,39.61,True,Winter,30,39.61,180,168.39
2024-12-20 13:00:00+05:30,2024-12-20,2024,12,December,20,355,13,Friday,50.58,190.07,39.42,True,Winter,30,39.42,180,190.07
2024-12-20 14:00:00+05:30,2024-12-20,2024,12,December,20,355,14,Friday,45.64,209.37,44.36,True,Winter,30,44.36,180,209.37
2024-12-20 15:00:00+05:30,2024-12-20,2024,12,December,20,355,15,Friday,36.97,223.65,53.03,True,Winter,30,53.03,180,223.65
2024-12-20 16:00:00+05:30,2024-12-20,2024,12,December,20,355,16,Friday,26.09,233.55,63.91,True,Winter,30,63.91,180,233.55
2024-12-20 17:00:00+05:30,2024-12-20,2024,12,December,20,355,17,Friday,13.95,240.43,76.05,True,Winter,30,76.05,180,240.43
2024-12-20 18:00:00+05:30,2024-12-20,2024,12,December,20,355,18,Friday,1.07,245.31,88.93,True,Winter,30,88.93,180,245.31
2024-12-21 07:00:00+05:30,2024-12-21,2024,12,December,21,356,7,Saturday,0.0,114.37,90.0,True,Winter,30,90.0,180,114.37
2024-12-21 08:00:00+05:30,2024-12-21,2024,12,December,21,356,8,Saturday,12.93,119.11,77.07,True,Winter,30,77.07,180,119.11
2024-12-21 09:00:00+05:30,2024-12-21,2024,12,December,21,356,9,Saturday,25.14,125.8,64.86,True,Winter,30,64.86,180,125.8
2024-12-21 10:00:00+05:30,2024-12-21,2024,12,December,21,356,10,Saturday,36.16,135.41,53.84,True,Winter,30,53.84,180,135.41
2024-12-21 11:00:00+05:30,2024-12-21,2024,12,December,21,356,11,Saturday,45.05,149.28,44.95,True,Winter,30,44.95,180,149.28
2024-12-21 12:00:00+05:30,2024-12-21,2024,12,December,21,356,12,Saturday,50.36,168.21,39.64,True,Winter,30,39.64,180,168.21
2024-12-21 13:00:00+05:30,2024-12-21,2024,12,December,21,356,13,Saturday,50.6,189.9,39.4,True,Winter,30,39.4,180,189.9
2024-12-21 14:00:00+05:30,2024-12-21,2024,12,December,21,356,14,Saturday,45.69,209.23,44.31,True,Winter,30,44.31,180,209.23
2024-12-21 15:00:00+05:30,2024-12-21,2024,12,December,21,356,15,Saturday,37.05,223.55,52.95,True,Winter,30,52.95,180,223.55
2024-12-21 16:00:00+05:30,2024-12-21,2024,12,December,21,356,16,Saturday,26.19,233.48,63.81,True,Winter,30,63.81,180,233.48
2024-12-21 17:00:00+05:30,2024-12-21,2024,12,December,21,356,17,Saturday,14.05,240.38,75.95,True,Winter,30,75.95,180,240.38
2024-12-21 18:00:00+05:30,2024-12-21,2024,12,December,21,356,18,Saturday,1.18,245.27,88.82,True,Winter,30,88.82,180,245.27
2024-12-22 08:00:00+05:30,2024-12-22,2024,12,December,22,357,8,Sunday,12.82,119.06,77.18,True,Winter,30,77.18,180,119.06
2024-12-22 09:00:00+05:30,2024-12-22,2024,12,December,22,357,9,Sunday,25.05,125.73,64.95,True,Winter,30,64.95,180,125.73
2024-12-22 10:00:00+05:30,2024-12-22,2024,12,December,22,357,10,Sunday,36.07,135.31,53.93,True,Winter,30,53.93,180,135.31
2024-12-22 11:00:00+05:30,2024-12-22,2024,12,December,22,357,11,Sunday,44.99,149.15,45.01,True,Winter,30,45.01,180,149.15
2024-12-22 12:00:00+05:30,2024-12-22,2024,12,December,22,357,12,Sunday,50.33,168.04,39.67,True,Winter,30,39.67,180,168.04
2024-12-22 13:00:00+05:30,2024-12-22,2024,12,December,22,357,13,Sunday,50.62,189.72,39.38,True,Winter,30,39.38,180,189.72
2024-12-22 14:00:00+05:30,2024-12-22,2024,12,December,22,357,14,Sunday,45.75,209.09,44.25,True,Winter,30,44.25,180,209.09
2024-12-22 15:00:00+05:30,2024-12-22,2024,12,December,22,357,15,Sunday,37.14,223.45,52.86,True,Winter,30,52.86,180,223.45
2024-12-22 16:00:00+05:30,2024-12-22,2024,12,December,22,357,16,Sunday,26.28,233.41,63.72,True,Winter,30,63.72,180,233.41
2024-12-22 17:00:00+05:30,2024-12-22,2024,12,December,22,357,17,Sunday,14.16,240.34,75.84,True,Winter,30,75.84,180,240.34
2024-12-22 18:00:00+05:30,2024-12-22,2024,12,December,22,357,18,Sunday,1.29,245.24,88.71,True,Winter,30,88.71,180,245.24
2024-12-23 08:00:00+05:30,2024-12-23,2024,12,December,23,358,8,Monday,12.72,119.01,77.28,True,Winter,30,77.28,180,119.01
2024-12-23 09:00:00+05:30,2024-12-23,2024,12,December,23,358,9,Monday,24.96,125.66,65.04,True,Winter,30,65.04,180,125.66
2024-12-23 10:00:00+05:30,2024-12-23,2024,12,December,23,358,10,Monday,36.0,135.21,54.0,True,Winter,30,54.0,180,135.21
2024-12-23 11:00:00+05:30,2024-12-23,2024,12,December,23,358,11,Monday,44.94,149.0,45.06,True,Winter,30,45.06,180,149.0
2024-12-23 12:00:00+05:30,2024-12-23,2024,12,December,23,358,12,Monday,50.32,167.86,39.68,True,Winter,30,39.68,180,167.86
2024-12-23 13:00:00+05:30,2024-12-23,2024,12,December,23,358,13,Monday,50.65,189.55,39.35,True,Winter,30,39.35,180,189.55
2024-12-23 14:00:00+05:30,2024-12-23,2024,12,December,23,358,14,Monday,45.82,208.96,44.18,True,Winter,30,44.18,180,208.96
2024-12-23 15:00:00+05:30,2024-12-23,2024,12,December,23,358,15,Monday,37.23,223.36,52.77,True,Winter,30,52.77,180,223.36
2024-12-23 16:00:00+05:30,2024-12-23,2024,12,December,23,358,16,Monday,26.39,233.36,63.61,True,Winter,30,63.61,180,233.36
2024-12-23 17:00:00+05:30,2024-12-23,2024,12,December,23,358,17,Monday,14.26,240.3,75.74,True,Winter,30,75.74,180,240.3
2024-12-23 18:00:00+05:30,2024-12-23,2024,12,December,23,358,18,Monday,1.4,245.22,88.6,True,Winter,30,88.6,180,245.22
2024-12-24 08:00:00+05:30,2024-12-24,2024,12,December,24,359,8,Tuesday,12.62,118.94,77.38,True,Winter,30,77.38,180,118.94
2024-12-24 09:00:00+05:30,2024-12-24,2024,12,December,24,359,9,Tuesday,24.87,125.58,65.13,True,Winter,30,65.13,180,125.58
2024-12-24 10:00:00+05:30,2024-12-24,2024,12,December,24,359,10,Tuesday,35.92,135.1,54.08,True,Winter,30,54.08,180,135.1
2024-12-24 11:00:00+05:30,2024-12-24,2024,12,December,24,359,11,Tuesday,44.89,148.85,45.11,True,Winter,30,45.11,180,148.85
2024-12-24 12:00:00+05:30,2024-12-24,2024,12,December,24,359,12,Tuesday,50.31,167.68,39.69,True,Winter,30,39.69,180,167.68
2024-12-24 13:00:00+05:30,2024-12-24,2024,12,December,24,359,13,Tuesday,50.69,189.37,39.31,True,Winter,30,39.31,180,189.37
2024-12-24 14:00:00+05:30,2024-12-24,2024,12,December,24,359,14,Tuesday,45.9,208.83,44.1,True,Winter,30,44.1,180,208.83
2024-12-24 15:00:00+05:30,2024-12-24,2024,12,December,24,359,15,Tuesday,37.32,223.28,52.68,True,Winter,30,52.68,180,223.28
2024-12-24 16:00:00+05:30,2024-12-24,2024,12,December,24,359,16,Tuesday,26.49,233.31,63.51,True,Winter,30,63.51,180,233.31
2024-12-24 17:00:00+05:30,2024-12-24,2024,12,December,24,359,17,Tuesday,14.38,240.28,75.62,True,Winter,30,75.62,180,240.28
2024-12-24 18:00:00+05:30,2024-12-24,2024,12,December,24,359,18,Tuesday,1.51,245.21,88.49,True,Winter,30,88.49,180,245.21
2024-12-25 08:00:00+05:30,2024-12-25,2024,12,December,25,360,8,Wednesday,12.53,118.87,77.47,True,Winter,30,77.47,180,118.87
2024-12-25 09:00:00+05:30,2024-12-25,2024,12,December,25,360,9,Wednesday,24.78,125.49,65.22,True,Winter,30,65.22,180,125.49
2024-12-25 10:00:00+05:30,2024-12-25,2024,12,December,25,360,10,Wednesday,35.86,134.98,54.14,True,Winter,30,54.14,180,134.98
2024-12-25 11:00:00+05:30,2024-12-25,2024,12,December,25,360,11,Wednesday,44.85,148.7,45.15,True,Winter,30,45.15,180,148.7
2024-12-25 12:00:00+05:30,2024-12-25,2024,12,December,25,360,12,Wednesday,50.31,167.5,39.69,True,Winter,30,39.69,180,167.5
2024-12-25 13:00:00+05:30,2024-12-25,2024,12,December,25,360,13,Wednesday,50.74,189.2,39.26,True,Winter,30,39.26,180,189.2
2024-12-25 14:00:00+05:30,2024-12-25,2024,12,December,25,360,14,Wednesday,45.98,208.71,44.02,True,Winter,30,44.02,180,208.71
2024-12-25 15:00:00+05:30,2024-12-25,2024,12,December,25,360,15,Wednesday,37.43,223.21,52.57,True,Winter,30,52.57,180,223.21
2024-12-25 16:00:00+05:30,2024-12-25,2024,12,December,25,360,16,Wednesday,26.6,233.26,63.4,True,Winter,30,63.4,180,233.26
2024-12-25 17:00:00+05:30,2024-12-25,2024,12,December,25,360,17,Wednesday,14.49,240.25,75.51,True,Winter,30,75.51,180,240.25
2024-12-25 18:00:00+05:30,2024-12-25,2024,12,December,25,360,18,Wednesday,1.63,245.2,88.37,True,Winter,30,88.37,180,245.2
2024-12-26 08:00:00+05:30,2024-12-26,2024,12,December,26,361,8,Thursday,12.44,118.8,77.56,True,Winter,30,77.56,180,118.8
2024-12-26 09:00:00+05:30,2024-12-26,2024,12,December,26,361,9,Thursday,24.7,125.39,65.3,True,Winter,30,65.3,180,125.39
2024-12-26 10:00:00+05:30,2024-12-26,2024,12,December,26,361,10,Thursday,35.79,134.85,54.21,True,Winter,30,54.21,180,134.85
2024-12-26 11:00:00+05:30,2024-12-26,2024,12,December,26,361,11,Thursday,44.82,148.54,45.18,True,Winter,30,45.18,180,148.54
2024-12-26 12:00:00+05:30,2024-12-26,2024,12,December,26,361,12,Thursday,50.32,167.31,39.68,True,Winter,30,39.68,180,167.31
2024-12-26 13:00:00+05:30,2024-12-26,2024,12,December,26,361,13,Thursday,50.79,189.04,39.21,True,Winter,30,39.21,180,189.04
2024-12-26 14:00:00+05:30,2024-12-26,2024,12,December,26,361,14,Thursday,46.07,208.59,43.93,True,Winter,30,43.93,180,208.59
2024-12-26 15:00:00+05:30,2024-12-26,2024,12,December,26,361,15,Thursday,37.53,223.14,52.47,True,Winter,30,52.47,180,223.14
2024-12-26 16:00:00+05:30,2024-12-26,2024,12,December,26,361,16,Thursday,26.72,233.23,63.28,True,Winter,30,63.28,180,233.23
2024-12-26 17:00:00+05:30,2024-12-26,2024,12,December,26,361,17,Thursday,14.61,240.24,75.39,True,Winter,30,75.39,180,240.24
2024-12-26 18:00:00+05:30,2024-12-26,2024,12,December,26,361,18,Thursday,1.75,245.2,88.25,True,Winter,30,88.25,180,245.2
2024-12-27 08:00:00+05:30,2024-12-27,2024,12,December,27,362,8,Friday,12.35,118.71,77.65,True,Winter,30,77.65,180,118.71
2024-12-27 09:00:00+05:30,2024-12-27,2024,12,December,27,362,9,Friday,24.63,125.29,65.37,True,Winter,30,65.37,180,125.29
2024-12-27 10:00:00+05:30,2024-12-27,2024,12,December,27,362,10,Friday,35.74,134.72,54.26,True,Winter,30,54.26,180,134.72
2024-12-27 11:00:00+05:30,2024-12-27,2024,12,December,27,362,11,Friday,44.79,148.37,45.21,True,Winter,30,45.21,180,148.37
2024-12-27 12:00:00+05:30,2024-12-27,2024,12,December,27,362,12,Friday,50.34,167.12,39.66,True,Winter,30,39.66,180,167.12
2024-12-27 13:00:00+05:30,2024-12-27,2024,12,December,27,362,13,Friday,50.85,188.87,39.15,True,Winter,30,39.15,180,188.87
2024-12-27 14:00:00+05:30,2024-12-27,2024,12,December,27,362,14,Friday,46.16,208.48,43.84,True,Winter,30,43.84,180,208.48
2024-12-27 15:00:00+05:30,2024-12-27,2024,12,December,27,362,15,Friday,37.64,223.08,52.36,True,Winter,30,52.36,180,223.08
2024-12-27 16:00:00+05:30,2024-12-27,2024,12,December,27,362,16,Friday,26.84,233.2,63.16,True,Winter,30,63.16,180,233.2
2024-12-27 17:00:00+05:30,2024-12-27,2024,12,December,27,362,17,Friday,14.73,240.23,75.27,True,Winter,30,75.27,180,240.23
2024-12-27 18:00:00+05:30,2024-12-27,2024,12,December,27,362,18,Friday,1.87,245.21,88.13,True,Winter,30,88.13,180,245.21
2024-12-28 08:00:00+05:30,2024-12-28,2024,12,December,28,363,8,Saturday,12.26,118.62,77.74,True,Winter,30,77.74,180,118.62
2024-12-28 09:00:00+05:30,2024-12-28,2024,12,December,28,363,9,Saturday,24.56,125.18,65.44,True,Winter,30,65.44,180,125.18
2024-12-28 10:00:00+05:30,2024-12-28,2024,12,December,28,363,10,Saturday,35.69,134.58,54.31,True,Winter,30,54.31,180,134.58
2024-12-28 11:00:00+05:30,2024-12-28,2024,12,December,28,363,11,Saturday,44.77,148.2,45.23,True,Winter,30,45.23,180,148.2
2024-12-28 12:00:00+05:30,2024-12-28,2024,12,December,28,363,12,Saturday,50.36,166.93,39.64,True,Winter,30,39.64,180,166.93
2024-12-28 13:00:00+05:30,2024-12-28,2024,12,December,28,363,13,Saturday,50.92,188.71,39.08,True,Winter,30,39.08,180,188.71
2024-12-28 14:00:00+05:30,2024-12-28,2024,12,December,28,363,14,Saturday,46.26,208.38,43.74,True,Winter,30,43.74,180,208.38
2024-12-28 15:00:00+05:30,2024-12-28,2024,12,December,28,363,15,Saturday,37.76,223.03,52.24,True,Winter,30,52.24,180,223.03
2024-12-28 16:00:00+05:30,2024-12-28,2024,12,December,28,363,16,Saturday,26.96,233.18,63.04,True,Winter,30,63.04,180,233.18
2024-12-28 17:00:00+05:30,2024-12-28,2024,12,December,28,363,17,Saturday,14.86,240.23,75.14,True,Winter,30,75.14,180,240.23
2024-12-28 18:00:00+05:30,2024-12-28,2024,12,December,28,363,18,Saturday,1.99,245.22,88.01,True,Winter,30,88.01,180,245.22
2024-12-29 08:00:00+05:30,2024-12-29,2024,12,December,29,364,8,Sunday,12.18,118.52,77.82,True,Winter,30,77.82,180,118.52
2024-12-29 09:00:00+05:30,2024-12-29,2024,12,December,29,364,9,Sunday,24.49,125.06,65.51,True,Winter,30,65.51,180,125.06
2024-12-29 10:00:00+05:30,2024-12-29,2024,12,December,29,364,10,Sunday,35.64,134.44,54.36,True,Winter,30,54.36,180,134.44
2024-12-29 11:00:00+05:30,2024-12-29,2024,12,December,29,364,11,Sunday,44.75,148.02,45.25,True,Winter,30,45.25,180,148.02
2024-12-29 12:00:00+05:30,2024-12-29,2024,12,December,29,364,12,Sunday,50.39,166.74,39.61,True,Winter,30,39.61,180,166.74
2024-12-29 13:00:00+05:30,2024-12-29,2024,12,December,29,364,13,Sunday,50.99,188.55,39.01,True,Winter,30,39.01,180,188.55
2024-12-29 14:00:00+05:30,2024-12-29,2024,12,December,29,364,14,Sunday,46.37,208.28,43.63,True,Winter,30,43.63,180,208.28
2024-12-29 15:00:00+05:30,2024-12-29,2024,12,December,29,364,15,Sunday,37.88,222.98,52.12,True,Winter,30,52.12,180,222.98
2024-12-29 16:00:00+05:30,2024-12-29,2024,12,December,29,364,16,Sunday,27.09,233.17,62.91,True,Winter,30,62.91,180,233.17
2024-12-29 17:00:00+05:30,2024-12-29,2024,12,December,29,364,17,Sunday,14.98,240.24,75.02,True,Winter,30,75.02,180,240.24
2024-12-29 18:00:00+05:30,2024-12-29,2024,12,December,29,364,18,Sunday,2.12,245.25,87.88,True,Winter,30,87.88,180,245.25
2024-12-30 08:00:00+05:30,2024-12-30,2024,12,December,30,365,8,Monday,12.1,118.42,77.9,True,Winter,30,77.9,180,118.42
2024-12-30 09:00:00+05:30,2024-12-30,2024,12,December,30,365,9,Monday,24.43,124.94,65.57,True,Winter,30,65.57,180,124.94
2024-12-30 10:00:00+05:30,2024-12-30,2024,12,December,30,365,10,Monday,35.6,134.29,54.4,True,Winter,30,54.4,180,134.29
2024-12-30 11:00:00+05:30,2024-12-30,2024,12,December,30,365,11,Monday,44.75,147.84,45.25,True,Winter,30,45.25,180,147.84
2024-12-30 12:00:00+05:30,2024-12-30,2024,12,December,30,365,12,Monday,50.42,166.55,39.58,True,Winter,30,39.58,180,166.55
2024-12-30 13:00:00+05:30,2024-12-30,2024,12,December,30,365,13,Monday,51.08,188.39,38.92,True,Winter,30,38.92,180,188.39
2024-12-30 14:00:00+05:30,2024-12-30,2024,12,December,30,365,14,Monday,46.48,208.19,43.52,True,Winter,30,43.52,180,208.19
2024-12-30 15:00:00+05:30,2024-12-30,2024,12,December,30,365,15,Monday,38.01,222.94,51.99,True,Winter,30,51.99,180,222.94
2024-12-30 16:00:00+05:30,2024-12-30,2024,12,December,30,365,16,Monday,27.22,233.16,62.78,True,Winter,30,62.78,180,233.16
2024-12-30 17:00:00+05:30,2024-12-30,2024,12,December,30,365,17,Monday,15.11,240.26,74.89,True,Winter,30,74.89,180,240.26
2024-12-30 18:00:00+05:30,2024-12-30,2024,12,December,30,365,18,Monday,2.25,245.28,87.75,True,Winter,30,87.75,180,245.28
2024-12-31 08:00:00+05:30,2024-12-31,2024,12,December,31,366,8,Tuesday,12.03,118.31,77.97,True,Winter,30,77.97,180,118.31
2024-12-31 09:00:00+05:30,2024-12-31,2024,12,December,31,366,9,Tuesday,24.37,124.81,65.63,True,Winter,30,65.63,180,124.81
2024-12-31 10:00:00+05:30,2024-12-31,2024,12,December,31,366,10,Tuesday,35.56,134.13,54.44,True,Winter,30,54.44,180,134.13
2024-12-31 11:00:00+05:30,2024-12-31,2024,12,December,31,366,11,Tuesday,44.74,147.66,45.26,True,Winter,30,45.26,180,147.66
2024-12-31 12:00:00+05:30,2024-12-31,2024,12,December,31,366,12,Tuesday,50.47,166.35,39.53,True,Winter,30,39.53,180,166.35
2024-12-31 13:00:00+05:30,2024-12-31,2024,12,December,31,366,13,Tuesday,51.17,188.23,38.83,True,Winter,30,38.83,180,188.23
2024-12-31 14:00:00+05:30,2024-12-31,2024,12,December,31,366,14,Tuesday,46.6,208.1,43.4,True,Winter,30,43.4,180,208.1
2024-12-31 15:00:00+05:30,2024-12-31,2024,12,December,31,366,15,Tuesday,38.14,222.91,51.86,True,Winter,30,51.86,180,222.91
2024-12-31 16:00:00+05:30,2024-12-31,2024,12,December,31,366,16,Tuesday,27.35,233.17,62.65,True,Winter,30,62.65,180,233.17
2024-12-31 17:00:00+05:30,2024-12-31,2024,12,December,31,366,17,Tuesday,15.24,240.28,74.76,True,Winter,30,74.76,180,240.28
2024-12-31 18:00:00+05:30,2024-12-31,2024,12,December,31,366,18,Tuesday,2.37,245.31,87.63,True,Winter,30,87.63,180,245.31
